ISO-10303-21;
HEADER;
/* Generated by software containing ST-Developer
 * from STEP Tools, Inc. (www.steptools.com) 
 */

FILE_DESCRIPTION(
/* description */ ('',
'CAx-IF Rec.Pracs.---Representation and Presentation of Product Manufa
cturing Information (PMI)---4.0---2014-10-13'),
/* implementation_level */ '2;1');

FILE_NAME(
/* name */ 
'E:\\@Projects\\@CapturingDust\\Builds\\06 Cyclone Separator\\03 3D Fi
les\\Fully 3d printed cyclone\\V3\\STEP\\Festool-Container-204294.stp',

/* time_stamp */ '2026-07-08T18:28:38+02:00',
/* author */ ('Capturing Dust'),
/* organization */ ('Makerr.Studio'),
/* preprocessor_version */ 'ST-DEVELOPER v18.1',
/* originating_system */ 'Autodesk Inventor 2021',
/* authorisation */ '');

FILE_SCHEMA (('AP242_MANAGED_MODEL_BASED_3D_ENGINEERING_MIM_LF { 1 0 10303 442 1 1 4 }'));
ENDSEC;

DATA;
#10=MECHANICAL_DESIGN_GEOMETRIC_PRESENTATION_REPRESENTATION('',(#13),#14831);
#11=SHAPE_REPRESENTATION_RELATIONSHIP('SRR','None',#14838,#12);
#12=ADVANCED_BREP_SHAPE_REPRESENTATION('',(#14),#14830);
#13=STYLED_ITEM('',(#14847),#14);
#14=MANIFOLD_SOLID_BREP('Solid6',#6509);
#15=(
BOUNDED_SURFACE()
B_SPLINE_SURFACE(1,2,((#10065,#10066,#10067,#10068,#10069),(#10070,#10071,
#10072,#10073,#10074)),.UNSPECIFIED.,.F.,.F.,.F.)
B_SPLINE_SURFACE_WITH_KNOTS((2,2),(3,2,3),(7.98845970749412E-17,3.63668269154368),
(0.724684595011051,1.51047569649437,2.29626679797769),.UNSPECIFIED.)
GEOMETRIC_REPRESENTATION_ITEM()
RATIONAL_B_SPLINE_SURFACE(((1.,0.923804329233152,1.,0.923804329233152,1.),
(1.,0.923804329233152,1.,0.923804329233152,1.)))
REPRESENTATION_ITEM('')
SURFACE()
);
#16=(
BOUNDED_SURFACE()
B_SPLINE_SURFACE(1,2,((#10176,#10177,#10178),(#10179,#10180,#10181)),
 .UNSPECIFIED.,.F.,.F.,.F.)
B_SPLINE_SURFACE_WITH_KNOTS((2,2),(3,3),(1.95405786993769E-15,11.4285821198531),
(1.58846866822108,2.16838950416597),.UNSPECIFIED.)
GEOMETRIC_REPRESENTATION_ITEM()
RATIONAL_B_SPLINE_SURFACE(((1.,0.95825519333089,1.),(1.,0.95825519333089,
1.)))
REPRESENTATION_ITEM('')
SURFACE()
);
#17=(
BOUNDED_SURFACE()
B_SPLINE_SURFACE(1,2,((#10278,#10279,#10280),(#10281,#10282,#10283)),
 .UNSPECIFIED.,.F.,.F.,.F.)
B_SPLINE_SURFACE_WITH_KNOTS((2,2),(3,3),(2.31023972265293E-16,6.14625693657193),
(0.065737678564264,0.643857268551418),.UNSPECIFIED.)
GEOMETRIC_REPRESENTATION_ITEM()
RATIONAL_B_SPLINE_SURFACE(((1.,0.958512305649936,1.),(1.,0.958512305649936,
1.)))
REPRESENTATION_ITEM('')
SURFACE()
);
#18=(
BOUNDED_SURFACE()
B_SPLINE_SURFACE(1,2,((#10322,#10323,#10324),(#10325,#10326,#10327)),
 .UNSPECIFIED.,.F.,.F.,.F.)
B_SPLINE_SURFACE_WITH_KNOTS((2,2),(3,3),(1.94720599760594E-16,6.14625693659695),
(-0.643857269123239,-0.0657376791348244),.UNSPECIFIED.)
GEOMETRIC_REPRESENTATION_ITEM()
RATIONAL_B_SPLINE_SURFACE(((1.,0.958512305649756,1.),(1.,0.958512305649756,
1.)))
REPRESENTATION_ITEM('')
SURFACE()
);
#19=(
BOUNDED_SURFACE()
B_SPLINE_SURFACE(1,2,((#10395,#10396,#10397),(#10398,#10399,#10400)),
 .UNSPECIFIED.,.F.,.F.,.F.)
B_SPLINE_SURFACE_WITH_KNOTS((2,2),(3,3),(9.66990732028675E-16,11.4285821198796),
(0.973203149628079,1.55312398557425),.UNSPECIFIED.)
GEOMETRIC_REPRESENTATION_ITEM()
RATIONAL_B_SPLINE_SURFACE(((1.,0.958255193330707,1.),(1.,0.958255193330707,
1.)))
REPRESENTATION_ITEM('')
SURFACE()
);
#20=(
BOUNDED_SURFACE()
B_SPLINE_SURFACE(1,2,((#10436,#10437,#10438,#10439,#10440),(#10441,#10442,
#10443,#10444,#10445)),.UNSPECIFIED.,.F.,.F.,.F.)
B_SPLINE_SURFACE_WITH_KNOTS((2,2),(3,2,3),(-1.18071005805559E-17,3.63668270573535),
(0.845325936699401,1.63111704211726,2.41690814753511),.UNSPECIFIED.)
GEOMETRIC_REPRESENTATION_ITEM()
RATIONAL_B_SPLINE_SURFACE(((1.,0.923804328479954,1.,0.923804328479954,1.),
(1.,0.923804328479954,1.,0.923804328479954,1.)))
REPRESENTATION_ITEM('')
SURFACE()
);
#21=(
BOUNDED_SURFACE()
B_SPLINE_SURFACE(1,2,((#10544,#10545,#10546,#10547,#10548),(#10549,#10550,
#10551,#10552,#10553)),.UNSPECIFIED.,.F.,.F.,.F.)
B_SPLINE_SURFACE_WITH_KNOTS((2,2),(3,2,3),(7.45067721500543E-17,3.63668269154367),
(-2.41690805857866,-1.63111695709534,-0.845325855612022),.UNSPECIFIED.)
GEOMETRIC_REPRESENTATION_ITEM()
RATIONAL_B_SPLINE_SURFACE(((1.,0.923804329233152,1.,0.923804329233152,1.),
(1.,0.923804329233152,1.,0.923804329233152,1.)))
REPRESENTATION_ITEM('')
SURFACE()
);
#22=(
BOUNDED_SURFACE()
B_SPLINE_SURFACE(1,2,((#10652,#10653,#10654),(#10655,#10656,#10657)),
 .UNSPECIFIED.,.F.,.F.,.F.)
B_SPLINE_SURFACE_WITH_KNOTS((2,2),(3,3),(1.26962926299936E-15,11.4285821197651),
(-1.55312398462826,-0.97320314868753),.UNSPECIFIED.)
GEOMETRIC_REPRESENTATION_ITEM()
RATIONAL_B_SPLINE_SURFACE(((1.,0.958255193331484,1.),(1.,0.958255193331484,
1.)))
REPRESENTATION_ITEM('')
SURFACE()
);
#23=(
BOUNDED_SURFACE()
B_SPLINE_SURFACE(1,2,((#10754,#10755,#10756),(#10757,#10758,#10759)),
 .UNSPECIFIED.,.F.,.F.,.F.)
B_SPLINE_SURFACE_WITH_KNOTS((2,2),(3,3),(7.28163788956004E-16,6.14625693658022),
(-3.07585497480067,-2.49773538481309),.UNSPECIFIED.)
GEOMETRIC_REPRESENTATION_ITEM()
RATIONAL_B_SPLINE_SURFACE(((1.,0.958512305649875,1.),(1.,0.958512305649875,
1.)))
REPRESENTATION_ITEM('')
SURFACE()
);
#24=(
BOUNDED_SURFACE()
B_SPLINE_SURFACE(1,2,((#10798,#10799,#10800),(#10801,#10802,#10803)),
 .UNSPECIFIED.,.F.,.F.,.F.)
B_SPLINE_SURFACE_WITH_KNOTS((2,2),(3,3),(-2.25202923916255E-16,6.14625693656939),
(2.49773538502045,3.07585497500751),.UNSPECIFIED.)
GEOMETRIC_REPRESENTATION_ITEM()
RATIONAL_B_SPLINE_SURFACE(((1.,0.958512305649948,1.),(1.,0.958512305649948,
1.)))
REPRESENTATION_ITEM('')
SURFACE()
);
#25=(
BOUNDED_SURFACE()
B_SPLINE_SURFACE(1,2,((#10871,#10872,#10873),(#10874,#10875,#10876)),
 .UNSPECIFIED.,.F.,.F.,.F.)
B_SPLINE_SURFACE_WITH_KNOTS((2,2),(3,3),(-1.89562572293265E-16,11.4285821198002),
(-2.16838950463442,-1.58846866869201),.UNSPECIFIED.)
GEOMETRIC_REPRESENTATION_ITEM()
RATIONAL_B_SPLINE_SURFACE(((1.,0.958255193331245,1.),(1.,0.958255193331245,
1.)))
REPRESENTATION_ITEM('')
SURFACE()
);
#26=(
BOUNDED_SURFACE()
B_SPLINE_SURFACE(1,2,((#10912,#10913,#10914,#10915,#10916),(#10917,#10918,
#10919,#10920,#10921)),.UNSPECIFIED.,.F.,.F.,.F.)
B_SPLINE_SURFACE_WITH_KNOTS((2,2),(3,2,3),(-2.13300110526642E-17,3.6366827057352),
(-2.29626671688796,-1.51047561147016,-0.724684506052365),.UNSPECIFIED.)
GEOMETRIC_REPRESENTATION_ITEM()
RATIONAL_B_SPLINE_SURFACE(((1.,0.923804328479965,1.,0.923804328479965,1.),
(1.,0.923804328479965,1.,0.923804328479965,1.)))
REPRESENTATION_ITEM('')
SURFACE()
);
#27=(
BOUNDED_SURFACE()
B_SPLINE_SURFACE(1,2,((#14688,#14689,#14690),(#14691,#14692,#14693)),
 .UNSPECIFIED.,.F.,.F.,.F.)
B_SPLINE_SURFACE_WITH_KNOTS((2,2),(3,3),(-0.114803642589746,10.2485895214722),
(0.728226316628252,2.29337078681519),.UNSPECIFIED.)
GEOMETRIC_REPRESENTATION_ITEM()
RATIONAL_B_SPLINE_SURFACE(((1.,0.709102188164024,1.),(1.,0.709102188164024,
1.)))
REPRESENTATION_ITEM('')
SURFACE()
);
#28=(
BOUNDED_SURFACE()
B_SPLINE_SURFACE(1,2,((#14697,#14698,#14699),(#14700,#14701,#14702)),
 .UNSPECIFIED.,.F.,.F.,.F.)
B_SPLINE_SURFACE_WITH_KNOTS((2,2),(3,3),(-0.115451542797361,10.2485895214722),
(0.848221866774641,2.41336633696151),.UNSPECIFIED.)
GEOMETRIC_REPRESENTATION_ITEM()
RATIONAL_B_SPLINE_SURFACE(((1.,0.709102188164046,1.),(1.,0.709102188164046,
1.)))
REPRESENTATION_ITEM('')
SURFACE()
);
#29=(
BOUNDED_SURFACE()
B_SPLINE_SURFACE(1,2,((#14708,#14709,#14710),(#14711,#14712,#14713)),
 .UNSPECIFIED.,.F.,.F.,.F.)
B_SPLINE_SURFACE_WITH_KNOTS((2,2),(3,3),(-0.115451542797361,10.2485895214722),
(0.848221866774641,2.41336633696151),.UNSPECIFIED.)
GEOMETRIC_REPRESENTATION_ITEM()
RATIONAL_B_SPLINE_SURFACE(((1.,0.709102188164046,1.),(1.,0.709102188164046,
1.)))
REPRESENTATION_ITEM('')
SURFACE()
);
#30=(
BOUNDED_SURFACE()
B_SPLINE_SURFACE(1,2,((#14822,#14823,#14824),(#14825,#14826,#14827)),
 .UNSPECIFIED.,.F.,.F.,.F.)
B_SPLINE_SURFACE_WITH_KNOTS((2,2),(3,3),(-0.114803642589746,10.2485895214722),
(0.728226316628252,2.29337078681515),.UNSPECIFIED.)
GEOMETRIC_REPRESENTATION_ITEM()
RATIONAL_B_SPLINE_SURFACE(((1.,0.709102188164035,1.),(1.,0.709102188164035,
1.)))
REPRESENTATION_ITEM('')
SURFACE()
);
#31=CIRCLE('',#6611,1.5);
#32=CIRCLE('',#6612,1.5);
#33=CIRCLE('',#6616,1.5);
#34=CIRCLE('',#6617,1.5);
#35=CIRCLE('',#6620,9.99999999999989);
#36=CIRCLE('',#6622,1.5);
#37=CIRCLE('',#6625,9.99999999999989);
#38=CIRCLE('',#6626,10.);
#39=CIRCLE('',#6629,1.5);
#40=CIRCLE('',#6632,10.);
#41=CIRCLE('',#6635,9.99999999999989);
#42=CIRCLE('',#6637,9.99999999999989);
#43=CIRCLE('',#6641,10.);
#44=CIRCLE('',#6646,1.5);
#45=CIRCLE('',#6647,1.5);
#46=CIRCLE('',#6648,1.5);
#47=CIRCLE('',#6657,9.99999999999975);
#48=CIRCLE('',#6658,10.0000000000003);
#49=CIRCLE('',#6679,1.5);
#50=CIRCLE('',#6683,1.5);
#51=CIRCLE('',#6686,10.0000000000003);
#52=CIRCLE('',#6688,1.5);
#53=CIRCLE('',#6694,9.99999999999975);
#54=CIRCLE('',#6698,10.0000000000003);
#55=CIRCLE('',#6700,10.0000000000003);
#56=CIRCLE('',#6704,9.99999999999975);
#57=CIRCLE('',#6706,9.99999999999975);
#58=CIRCLE('',#6737,1.99999999999999);
#59=CIRCLE('',#6740,1.99999999999999);
#60=CIRCLE('',#6742,5.);
#61=CIRCLE('',#6750,5.);
#62=CIRCLE('',#6777,1.99999999999999);
#63=CIRCLE('',#6781,5.);
#64=CIRCLE('',#6784,5.);
#65=CIRCLE('',#6790,1.99999999999999);
#66=CIRCLE('',#6819,10.0000000000002);
#67=CIRCLE('',#6820,10.0000000000002);
#68=CIRCLE('',#6823,25.);
#69=CIRCLE('',#6824,25.);
#70=CIRCLE('',#6827,25.);
#71=CIRCLE('',#6828,25.);
#72=CIRCLE('',#6831,9.99999999999998);
#73=CIRCLE('',#6832,9.99999999999998);
#74=CIRCLE('',#6835,10.);
#75=CIRCLE('',#6838,9.99999999999999);
#76=CIRCLE('',#6839,9.99999999999999);
#77=CIRCLE('',#6842,25.);
#78=CIRCLE('',#6843,25.);
#79=CIRCLE('',#6846,25.);
#80=CIRCLE('',#6847,25.);
#81=CIRCLE('',#6850,9.99999999999987);
#82=CIRCLE('',#6851,9.99999999999987);
#83=CIRCLE('',#6853,12.);
#84=CIRCLE('',#6855,12.);
#85=CIRCLE('',#6857,12.);
#86=CIRCLE('',#6858,12.);
#87=CIRCLE('',#6860,12.);
#88=CIRCLE('',#6861,12.);
#89=CIRCLE('',#6863,12.);
#90=CIRCLE('',#6865,12.);
#91=CIRCLE('',#6867,12.);
#92=CIRCLE('',#6868,12.);
#93=CIRCLE('',#6869,12.);
#94=CIRCLE('',#6870,12.);
#95=CIRCLE('',#6882,15.);
#96=CIRCLE('',#6883,15.);
#97=CIRCLE('',#6885,15.);
#98=CIRCLE('',#6886,15.);
#99=CIRCLE('',#6888,15.);
#100=CIRCLE('',#6889,15.);
#101=CIRCLE('',#6891,15.);
#102=CIRCLE('',#6892,15.);
#103=CIRCLE('',#6894,15.);
#104=CIRCLE('',#6895,15.);
#105=CIRCLE('',#6897,15.);
#106=CIRCLE('',#6898,15.);
#107=CIRCLE('',#6900,15.);
#108=CIRCLE('',#6901,15.);
#109=CIRCLE('',#6902,15.);
#110=CIRCLE('',#6903,15.);
#111=CYLINDRICAL_SURFACE('',#6580,0.5);
#112=CYLINDRICAL_SURFACE('',#6584,0.5);
#113=CYLINDRICAL_SURFACE('',#6587,2.);
#114=CYLINDRICAL_SURFACE('',#6610,1.5);
#115=CYLINDRICAL_SURFACE('',#6615,1.5);
#116=CYLINDRICAL_SURFACE('',#6628,1.5);
#117=CYLINDRICAL_SURFACE('',#6634,9.99999999999989);
#118=CYLINDRICAL_SURFACE('',#6636,9.99999999999989);
#119=CYLINDRICAL_SURFACE('',#6640,10.);
#120=CYLINDRICAL_SURFACE('',#6642,0.5);
#121=CYLINDRICAL_SURFACE('',#6649,0.5);
#122=CYLINDRICAL_SURFACE('',#6653,2.);
#123=CYLINDRICAL_SURFACE('',#6678,1.5);
#124=CYLINDRICAL_SURFACE('',#6682,1.5);
#125=CYLINDRICAL_SURFACE('',#6691,1.5);
#126=CYLINDRICAL_SURFACE('',#6697,10.0000000000003);
#127=CYLINDRICAL_SURFACE('',#6699,10.0000000000003);
#128=CYLINDRICAL_SURFACE('',#6703,9.99999999999975);
#129=CYLINDRICAL_SURFACE('',#6705,9.99999999999975);
#130=CYLINDRICAL_SURFACE('',#6711,1.5);
#131=CYLINDRICAL_SURFACE('',#6714,9.);
#132=CYLINDRICAL_SURFACE('',#6723,6.);
#133=CYLINDRICAL_SURFACE('',#6732,10.);
#134=CYLINDRICAL_SURFACE('',#6735,10.);
#135=CYLINDRICAL_SURFACE('',#6736,1.99999999999999);
#136=CYLINDRICAL_SURFACE('',#6739,1.99999999999999);
#137=CYLINDRICAL_SURFACE('',#6741,5.);
#138=CYLINDRICAL_SURFACE('',#6749,5.);
#139=CYLINDRICAL_SURFACE('',#6758,1.5);
#140=CYLINDRICAL_SURFACE('',#6761,9.);
#141=CYLINDRICAL_SURFACE('',#6765,6.);
#142=CYLINDRICAL_SURFACE('',#6768,10.);
#143=CYLINDRICAL_SURFACE('',#6774,10.);
#144=CYLINDRICAL_SURFACE('',#6776,1.99999999999999);
#145=CYLINDRICAL_SURFACE('',#6780,5.);
#146=CYLINDRICAL_SURFACE('',#6783,5.);
#147=CYLINDRICAL_SURFACE('',#6789,1.99999999999999);
#148=CYLINDRICAL_SURFACE('',#6818,10.0000000000002);
#149=CYLINDRICAL_SURFACE('',#6822,25.);
#150=CYLINDRICAL_SURFACE('',#6826,25.);
#151=CYLINDRICAL_SURFACE('',#6830,9.99999999999998);
#152=CYLINDRICAL_SURFACE('',#6834,10.);
#153=CYLINDRICAL_SURFACE('',#6837,9.99999999999999);
#154=CYLINDRICAL_SURFACE('',#6841,25.);
#155=CYLINDRICAL_SURFACE('',#6845,25.);
#156=CYLINDRICAL_SURFACE('',#6849,9.99999999999987);
#157=CYLINDRICAL_SURFACE('',#6854,12.);
#158=CYLINDRICAL_SURFACE('',#6856,12.);
#159=CYLINDRICAL_SURFACE('',#6859,12.);
#160=CYLINDRICAL_SURFACE('',#6862,12.);
#161=CYLINDRICAL_SURFACE('',#6864,12.);
#162=CYLINDRICAL_SURFACE('',#6866,12.);
#163=CYLINDRICAL_SURFACE('',#6871,12.);
#164=CYLINDRICAL_SURFACE('',#6872,12.);
#165=CYLINDRICAL_SURFACE('',#6884,15.);
#166=CYLINDRICAL_SURFACE('',#6887,15.);
#167=CYLINDRICAL_SURFACE('',#6890,15.);
#168=CYLINDRICAL_SURFACE('',#6893,15.);
#169=CYLINDRICAL_SURFACE('',#6896,15.);
#170=CYLINDRICAL_SURFACE('',#6899,15.);
#171=CYLINDRICAL_SURFACE('',#6904,15.);
#172=CYLINDRICAL_SURFACE('',#6905,15.);
#173=ELLIPSE('',#6575,5.00055688589581,5.);
#174=ELLIPSE('',#6576,5.00055688589581,5.);
#175=ELLIPSE('',#6577,2.00022275435832,1.99999999999999);
#176=ELLIPSE('',#6578,2.00022275435832,1.99999999999999);
#177=ELLIPSE('',#6581,0.914162710384698,0.5);
#178=ELLIPSE('',#6582,0.914162710384694,0.5);
#179=ELLIPSE('',#6585,0.914162710384694,0.5);
#180=ELLIPSE('',#6586,0.914162710384698,0.5);
#181=ELLIPSE('',#6588,3.65665084153878,2.);
#182=ELLIPSE('',#6589,3.65665084153879,2.);
#183=ELLIPSE('',#6643,0.914162710384695,0.5);
#184=ELLIPSE('',#6644,0.914162710384705,0.5);
#185=ELLIPSE('',#6650,0.914162710384705,0.5);
#186=ELLIPSE('',#6651,0.914162710384695,0.5);
#187=ELLIPSE('',#6654,3.65665084153882,2.);
#188=ELLIPSE('',#6655,3.65665084153878,2.);
#189=ELLIPSE('',#6708,1.50022603910303,1.5);
#190=ELLIPSE('',#6709,6.00090415641214,6.);
#191=ELLIPSE('',#6710,10.0015069273536,10.);
#192=ELLIPSE('',#6712,1.50022603910303,1.5);
#193=ELLIPSE('',#6715,9.00135623461821,9.);
#194=ELLIPSE('',#6716,9.00135623461821,9.);
#195=ELLIPSE('',#6719,10.0015069273536,10.);
#196=ELLIPSE('',#6722,10.0015069273536,10.);
#197=ELLIPSE('',#6724,6.00090415641214,6.);
#198=ELLIPSE('',#6726,5.00055688589581,5.);
#199=ELLIPSE('',#6727,5.00055688589581,5.);
#200=ELLIPSE('',#6728,2.00022275435832,1.99999999999999);
#201=ELLIPSE('',#6729,2.00022275435832,1.99999999999999);
#202=ELLIPSE('',#6733,10.0015069273536,10.);
#203=ELLIPSE('',#6755,1.50022603910303,1.5);
#204=ELLIPSE('',#6756,6.00090415641214,6.);
#205=ELLIPSE('',#6757,10.0015069273536,10.);
#206=ELLIPSE('',#6759,1.50022603910303,1.5);
#207=ELLIPSE('',#6762,9.00135623461821,9.);
#208=ELLIPSE('',#6763,9.00135623461821,9.);
#209=ELLIPSE('',#6766,6.00090415641214,6.);
#210=ELLIPSE('',#6769,10.0015069273536,10.);
#211=ELLIPSE('',#6770,10.0015069273536,10.);
#212=ELLIPSE('',#6775,10.0015069273536,10.);
#213=ELLIPSE('',#6797,21.9980698855093,21.9806390982191);
#214=ELLIPSE('',#6799,6.9999934515961,6.97957388653251);
#215=ELLIPSE('',#6800,13.0160520176073,12.9999878928265);
#216=ELLIPSE('',#6802,13.0160520175543,12.9999878927958);
#217=ELLIPSE('',#6803,6.9999934515799,6.9795738865028);
#218=ELLIPSE('',#6805,21.9980697996648,21.9806388855951);
#219=ELLIPSE('',#6807,21.9980698855094,21.9806390982191);
#220=ELLIPSE('',#6809,6.99999345165002,6.97957388662773);
#221=ELLIPSE('',#6810,13.0160520175898,12.9999878928154);
#222=ELLIPSE('',#6812,13.0160520176127,12.9999878928282);
#223=ELLIPSE('',#6813,6.99999345162853,6.97957388658902);
#224=ELLIPSE('',#6815,21.9980697996657,21.9806388855974);
#225=FACE_BOUND('',#934,.T.);
#226=FACE_BOUND('',#944,.T.);
#227=FACE_BOUND('',#953,.T.);
#228=FACE_BOUND('',#954,.T.);
#229=FACE_BOUND('',#955,.T.);
#230=FACE_BOUND('',#956,.T.);
#231=FACE_BOUND('',#957,.T.);
#232=FACE_BOUND('',#958,.T.);
#233=FACE_BOUND('',#959,.T.);
#234=FACE_BOUND('',#960,.T.);
#235=FACE_BOUND('',#992,.T.);
#236=FACE_BOUND('',#995,.T.);
#237=FACE_BOUND('',#997,.T.);
#238=FACE_BOUND('',#998,.T.);
#239=FACE_BOUND('',#999,.T.);
#240=FACE_BOUND('',#1000,.T.);
#241=FACE_BOUND('',#1005,.T.);
#242=FACE_BOUND('',#1007,.T.);
#243=FACE_BOUND('',#1019,.T.);
#244=FACE_BOUND('',#1020,.T.);
#245=FACE_BOUND('',#1021,.T.);
#246=FACE_BOUND('',#1022,.T.);
#247=FACE_BOUND('',#1048,.T.);
#248=FACE_BOUND('',#1051,.T.);
#249=FACE_BOUND('',#1056,.T.);
#250=FACE_BOUND('',#1058,.T.);
#251=FACE_BOUND('',#1076,.T.);
#252=FACE_BOUND('',#1168,.T.);
#253=B_SPLINE_CURVE_WITH_KNOTS('',2,(#8527,#8528,#8529,#8530,#8531),
 .UNSPECIFIED.,.F.,.F.,(3,1,1,3),(0.,1.,2.,3.),.UNSPECIFIED.);
#254=B_SPLINE_CURVE_WITH_KNOTS('',2,(#8535,#8536,#8537,#8538,#8539),
 .UNSPECIFIED.,.F.,.F.,(3,1,1,3),(-3.,-2.,-1.,0.),.UNSPECIFIED.);
#255=B_SPLINE_CURVE_WITH_KNOTS('',2,(#8552,#8553,#8554,#8555,#8556),
 .UNSPECIFIED.,.F.,.F.,(3,1,1,3),(0.,1.,2.,3.),.UNSPECIFIED.);
#256=B_SPLINE_CURVE_WITH_KNOTS('',2,(#8558,#8559,#8560,#8561,#8562),
 .UNSPECIFIED.,.F.,.F.,(3,1,1,3),(-3.,-2.,-1.,0.),.UNSPECIFIED.);
#257=B_SPLINE_CURVE_WITH_KNOTS('',2,(#8573,#8574,#8575,#8576),
 .UNSPECIFIED.,.F.,.F.,(3,1,3),(0.,1.,2.),.UNSPECIFIED.);
#258=B_SPLINE_CURVE_WITH_KNOTS('',2,(#8578,#8579,#8580,#8581),
 .UNSPECIFIED.,.F.,.F.,(3,1,3),(-2.,-1.,0.),.UNSPECIFIED.);
#259=B_SPLINE_CURVE_WITH_KNOTS('',2,(#8592,#8593,#8594,#8595),
 .UNSPECIFIED.,.F.,.F.,(3,1,3),(0.,1.,2.),.UNSPECIFIED.);
#260=B_SPLINE_CURVE_WITH_KNOTS('',2,(#8597,#8598,#8599,#8600),
 .UNSPECIFIED.,.F.,.F.,(3,1,3),(-2.,-1.,0.),.UNSPECIFIED.);
#261=B_SPLINE_CURVE_WITH_KNOTS('',2,(#8611,#8612,#8613,#8614),
 .UNSPECIFIED.,.F.,.F.,(3,1,3),(0.,1.,2.),.UNSPECIFIED.);
#262=B_SPLINE_CURVE_WITH_KNOTS('',2,(#8616,#8617,#8618,#8619),
 .UNSPECIFIED.,.F.,.F.,(3,1,3),(-2.,-1.,0.),.UNSPECIFIED.);
#263=B_SPLINE_CURVE_WITH_KNOTS('',2,(#8632,#8633,#8634,#8635,#8636),
 .UNSPECIFIED.,.F.,.F.,(3,1,1,3),(0.,1.,2.,3.),.UNSPECIFIED.);
#264=B_SPLINE_CURVE_WITH_KNOTS('',2,(#8638,#8639,#8640,#8641,#8642),
 .UNSPECIFIED.,.F.,.F.,(3,1,1,3),(-3.,-2.,-1.,0.),.UNSPECIFIED.);
#265=B_SPLINE_CURVE_WITH_KNOTS('',2,(#8655,#8656,#8657,#8658,#8659),
 .UNSPECIFIED.,.F.,.F.,(3,1,1,3),(0.,1.,2.,3.),.UNSPECIFIED.);
#266=B_SPLINE_CURVE_WITH_KNOTS('',2,(#8661,#8662,#8663,#8664,#8665),
 .UNSPECIFIED.,.F.,.F.,(3,1,1,3),(-3.,-2.,-1.,0.),.UNSPECIFIED.);
#267=B_SPLINE_CURVE_WITH_KNOTS('',2,(#8682,#8683,#8684,#8685),
 .UNSPECIFIED.,.F.,.F.,(3,1,3),(0.,1.,2.),.UNSPECIFIED.);
#268=B_SPLINE_CURVE_WITH_KNOTS('',2,(#8687,#8688,#8689,#8690),
 .UNSPECIFIED.,.F.,.F.,(3,1,3),(-2.,-1.,0.),.UNSPECIFIED.);
#269=B_SPLINE_CURVE_WITH_KNOTS('',2,(#8701,#8702,#8703,#8704),
 .UNSPECIFIED.,.F.,.F.,(3,1,3),(0.,1.,2.),.UNSPECIFIED.);
#270=B_SPLINE_CURVE_WITH_KNOTS('',2,(#8706,#8707,#8708,#8709),
 .UNSPECIFIED.,.F.,.F.,(3,1,3),(-2.,-1.,0.),.UNSPECIFIED.);
#271=B_SPLINE_CURVE_WITH_KNOTS('',2,(#8718,#8719,#8720),.UNSPECIFIED.,.F.,
 .F.,(3,3),(0.,1.),.UNSPECIFIED.);
#272=B_SPLINE_CURVE_WITH_KNOTS('',2,(#8722,#8723,#8724),.UNSPECIFIED.,.F.,
 .F.,(3,3),(-1.,0.),.UNSPECIFIED.);
#273=B_SPLINE_CURVE_WITH_KNOTS('',2,(#8735,#8736,#8737,#8738),
 .UNSPECIFIED.,.F.,.F.,(3,1,3),(0.,1.,2.),.UNSPECIFIED.);
#274=B_SPLINE_CURVE_WITH_KNOTS('',2,(#8740,#8741,#8742,#8743),
 .UNSPECIFIED.,.F.,.F.,(3,1,3),(-2.,-1.,0.),.UNSPECIFIED.);
#275=B_SPLINE_CURVE_WITH_KNOTS('',2,(#8754,#8755,#8756,#8757),
 .UNSPECIFIED.,.F.,.F.,(3,1,3),(0.,1.,2.),.UNSPECIFIED.);
#276=B_SPLINE_CURVE_WITH_KNOTS('',2,(#8759,#8760,#8761,#8762),
 .UNSPECIFIED.,.F.,.F.,(3,1,3),(-2.,-1.,0.),.UNSPECIFIED.);
#277=B_SPLINE_CURVE_WITH_KNOTS('',2,(#8775,#8776,#8777,#8778,#8779),
 .UNSPECIFIED.,.F.,.F.,(3,1,1,3),(0.,1.,2.,3.),.UNSPECIFIED.);
#278=B_SPLINE_CURVE_WITH_KNOTS('',2,(#8781,#8782,#8783,#8784,#8785),
 .UNSPECIFIED.,.F.,.F.,(3,1,1,3),(-3.,-2.,-1.,0.),.UNSPECIFIED.);
#279=B_SPLINE_CURVE_WITH_KNOTS('',2,(#8798,#8799,#8800,#8801,#8802),
 .UNSPECIFIED.,.F.,.F.,(3,1,1,3),(0.,1.,2.,3.),.UNSPECIFIED.);
#280=B_SPLINE_CURVE_WITH_KNOTS('',2,(#8804,#8805,#8806,#8807,#8808),
 .UNSPECIFIED.,.F.,.F.,(3,1,1,3),(-3.,-2.,-1.,0.),.UNSPECIFIED.);
#281=B_SPLINE_CURVE_WITH_KNOTS('',2,(#8824,#8825,#8826,#8827),
 .UNSPECIFIED.,.F.,.F.,(3,1,3),(0.,1.,2.),.UNSPECIFIED.);
#282=B_SPLINE_CURVE_WITH_KNOTS('',2,(#8831,#8832,#8833,#8834),
 .UNSPECIFIED.,.F.,.F.,(3,1,3),(-2.,-1.,0.),.UNSPECIFIED.);
#283=B_SPLINE_CURVE_WITH_KNOTS('',2,(#8847,#8848,#8849,#8850,#8851),
 .UNSPECIFIED.,.F.,.F.,(3,1,1,3),(0.,1.,2.,3.),.UNSPECIFIED.);
#284=B_SPLINE_CURVE_WITH_KNOTS('',2,(#8854,#8855,#8856,#8857,#8858),
 .UNSPECIFIED.,.F.,.F.,(3,1,1,3),(-3.,-2.,-1.,0.),.UNSPECIFIED.);
#285=B_SPLINE_CURVE_WITH_KNOTS('',2,(#8868,#8869,#8870,#8871),
 .UNSPECIFIED.,.F.,.F.,(3,1,3),(0.,1.,2.),.UNSPECIFIED.);
#286=B_SPLINE_CURVE_WITH_KNOTS('',2,(#8874,#8875,#8876,#8877),
 .UNSPECIFIED.,.F.,.F.,(3,1,3),(-2.,-1.,0.),.UNSPECIFIED.);
#287=B_SPLINE_CURVE_WITH_KNOTS('',2,(#8886,#8887,#8888,#8889),
 .UNSPECIFIED.,.F.,.F.,(3,1,3),(0.,1.,2.),.UNSPECIFIED.);
#288=B_SPLINE_CURVE_WITH_KNOTS('',2,(#8890,#8891,#8892,#8893),
 .UNSPECIFIED.,.F.,.F.,(3,1,3),(-2.,-1.,0.),.UNSPECIFIED.);
#289=B_SPLINE_CURVE_WITH_KNOTS('',2,(#8906,#8907,#8908,#8909,#8910),
 .UNSPECIFIED.,.F.,.F.,(3,1,1,3),(0.,1.,2.,3.),.UNSPECIFIED.);
#290=B_SPLINE_CURVE_WITH_KNOTS('',2,(#8914,#8915,#8916,#8917,#8918),
 .UNSPECIFIED.,.F.,.F.,(3,1,1,3),(-3.,-2.,-1.,0.),.UNSPECIFIED.);
#291=B_SPLINE_CURVE_WITH_KNOTS('',2,(#8931,#8932,#8933,#8934,#8935),
 .UNSPECIFIED.,.F.,.F.,(3,1,1,3),(0.,1.,2.,3.),.UNSPECIFIED.);
#292=B_SPLINE_CURVE_WITH_KNOTS('',2,(#8937,#8938,#8939,#8940,#8941),
 .UNSPECIFIED.,.F.,.F.,(3,1,1,3),(-3.,-2.,-1.,0.),.UNSPECIFIED.);
#293=B_SPLINE_CURVE_WITH_KNOTS('',2,(#8954,#8955,#8956,#8957,#8958),
 .UNSPECIFIED.,.F.,.F.,(3,1,1,3),(0.,1.,2.,3.),.UNSPECIFIED.);
#294=B_SPLINE_CURVE_WITH_KNOTS('',2,(#8960,#8961,#8962,#8963,#8964),
 .UNSPECIFIED.,.F.,.F.,(3,1,1,3),(-3.,-2.,-1.,0.),.UNSPECIFIED.);
#295=B_SPLINE_CURVE_WITH_KNOTS('',2,(#8974,#8975,#8976,#8977),
 .UNSPECIFIED.,.F.,.F.,(3,1,3),(0.,1.,2.),.UNSPECIFIED.);
#296=B_SPLINE_CURVE_WITH_KNOTS('',2,(#8978,#8979,#8980,#8981),
 .UNSPECIFIED.,.F.,.F.,(3,1,3),(-2.,-1.,0.),.UNSPECIFIED.);
#297=B_SPLINE_CURVE_WITH_KNOTS('',2,(#8993,#8994,#8995,#8996),
 .UNSPECIFIED.,.F.,.F.,(3,1,3),(0.,1.,2.),.UNSPECIFIED.);
#298=B_SPLINE_CURVE_WITH_KNOTS('',2,(#9000,#9001,#9002,#9003),
 .UNSPECIFIED.,.F.,.F.,(3,1,3),(-2.,-1.,0.),.UNSPECIFIED.);
#299=B_SPLINE_CURVE_WITH_KNOTS('',2,(#9016,#9017,#9018,#9019,#9020),
 .UNSPECIFIED.,.F.,.F.,(3,1,1,3),(0.,1.,2.,3.),.UNSPECIFIED.);
#300=B_SPLINE_CURVE_WITH_KNOTS('',2,(#9023,#9024,#9025,#9026,#9027),
 .UNSPECIFIED.,.F.,.F.,(3,1,1,3),(-3.,-2.,-1.,0.),.UNSPECIFIED.);
#301=B_SPLINE_CURVE_WITH_KNOTS('',2,(#9037,#9038,#9039,#9040),
 .UNSPECIFIED.,.F.,.F.,(3,1,3),(0.,1.,2.),.UNSPECIFIED.);
#302=B_SPLINE_CURVE_WITH_KNOTS('',2,(#9043,#9044,#9045,#9046),
 .UNSPECIFIED.,.F.,.F.,(3,1,3),(-2.,-1.,0.),.UNSPECIFIED.);
#303=B_SPLINE_CURVE_WITH_KNOTS('',2,(#9055,#9056,#9057,#9058),
 .UNSPECIFIED.,.F.,.F.,(3,1,3),(0.,1.,2.),.UNSPECIFIED.);
#304=B_SPLINE_CURVE_WITH_KNOTS('',2,(#9059,#9060,#9061,#9062),
 .UNSPECIFIED.,.F.,.F.,(3,1,3),(-2.,-1.,0.),.UNSPECIFIED.);
#305=B_SPLINE_CURVE_WITH_KNOTS('',2,(#9075,#9076,#9077,#9078,#9079),
 .UNSPECIFIED.,.F.,.F.,(3,1,1,3),(0.,1.,2.,3.),.UNSPECIFIED.);
#306=B_SPLINE_CURVE_WITH_KNOTS('',2,(#9083,#9084,#9085,#9086,#9087),
 .UNSPECIFIED.,.F.,.F.,(3,1,1,3),(-3.,-2.,-1.,0.),.UNSPECIFIED.);
#307=B_SPLINE_CURVE_WITH_KNOTS('',2,(#9100,#9101,#9102,#9103,#9104),
 .UNSPECIFIED.,.F.,.F.,(3,1,1,3),(0.,1.,2.,3.),.UNSPECIFIED.);
#308=B_SPLINE_CURVE_WITH_KNOTS('',2,(#9106,#9107,#9108,#9109,#9110),
 .UNSPECIFIED.,.F.,.F.,(3,1,1,3),(-3.,-2.,-1.,0.),.UNSPECIFIED.);
#309=B_SPLINE_CURVE_WITH_KNOTS('',2,(#9123,#9124,#9125,#9126,#9127),
 .UNSPECIFIED.,.F.,.F.,(3,1,1,3),(0.,1.,2.,3.),.UNSPECIFIED.);
#310=B_SPLINE_CURVE_WITH_KNOTS('',2,(#9129,#9130,#9131,#9132,#9133),
 .UNSPECIFIED.,.F.,.F.,(3,1,1,3),(-3.,-2.,-1.,0.),.UNSPECIFIED.);
#311=B_SPLINE_CURVE_WITH_KNOTS('',2,(#9143,#9144,#9145,#9146),
 .UNSPECIFIED.,.F.,.F.,(3,1,3),(0.,1.,2.),.UNSPECIFIED.);
#312=B_SPLINE_CURVE_WITH_KNOTS('',2,(#9147,#9148,#9149,#9150),
 .UNSPECIFIED.,.F.,.F.,(3,1,3),(-2.,-1.,0.),.UNSPECIFIED.);
#313=B_SPLINE_CURVE_WITH_KNOTS('',3,(#10077,#10078,#10079,#10080,#10081,
#10082,#10083,#10084,#10085,#10086,#10087,#10088,#10089,#10090,#10091,#10092,
#10093,#10094,#10095,#10096,#10097,#10098,#10099,#10100,#10101,#10102,#10103,
#10104,#10105,#10106,#10107,#10108,#10109,#10110,#10111,#10112,#10113,#10114,
#10115,#10116,#10117,#10118,#10119,#10120,#10121,#10122,#10123,#10124,#10125,
#10126,#10127,#10128,#10129,#10130,#10131,#10132,#10133,#10134,#10135,#10136,
#10137,#10138,#10139,#10140,#10141,#10142,#10143,#10144,#10145,#10146,#10147,
#10148,#10149,#10150,#10151,#10152,#10153,#10154,#10155,#10156,#10157,#10158,
#10159,#10160,#10161,#10162,#10163,#10164),.UNSPECIFIED.,.F.,.F.,(4,3,3,
3,3,3,3,3,3,3,3,3,3,3,3,3,3,3,3,3,3,3,3,3,3,3,3,3,3,4),(0.,0.132943312860353,
0.267507392851466,0.403218468509367,0.539486200294801,0.675397923491629,
0.809959829473883,0.859870118366922,0.990233669752277,1.1254439743903,1.26115585265481,
1.39659961521754,1.48642278272535,1.62238684275424,1.71995086005751,1.85460527516995,
1.99036156939365,2.12654323569219,2.26226234740634,2.39638416123375,2.47773684044228,
2.57968075945845,2.71483776444178,2.85052384127508,2.98607724356089,3.02278102004331,
3.15859574668079,3.2941148548496,3.42838022870977,3.46545798143018),
 .UNSPECIFIED.);
#314=B_SPLINE_CURVE_WITH_KNOTS('',3,(#10183,#10184,#10185,#10186,#10187,
#10188,#10189,#10190,#10191,#10192,#10193,#10194,#10195,#10196,#10197,#10198,
#10199,#10200,#10201,#10202,#10203,#10204,#10205,#10206,#10207),
 .UNSPECIFIED.,.F.,.F.,(4,3,3,3,3,3,3,3,4),(2.77555756156289E-17,0.056120745246128,
0.112842755858136,0.169855862821121,0.203113388533501,0.259965747944424,
0.316778564719944,0.372864486322951,0.406501026646659),.UNSPECIFIED.);
#315=B_SPLINE_CURVE_WITH_KNOTS('',3,(#10244,#10245,#10246,#10247,#10248,
#10249,#10250,#10251,#10252,#10253,#10254,#10255,#10256,#10257,#10258,#10259),
 .UNSPECIFIED.,.F.,.F.,(4,2,2,2,2,2,2,4),(0.,0.223773151316605,0.780353574048474,
1.0116347354641,1.05284112908653,1.08578174817829,1.09589995104754,1.10031003804994),
 .UNSPECIFIED.);
#316=B_SPLINE_CURVE_WITH_KNOTS('',3,(#10261,#10262,#10263,#10264,#10265,
#10266,#10267,#10268,#10269,#10270,#10271,#10272,#10273,#10274,#10275,#10276),
 .UNSPECIFIED.,.F.,.F.,(4,2,2,2,2,2,2,4),(0.,0.223773151316605,0.780353574048474,
1.0116347354641,1.05284112908653,1.08578174817829,1.09589995104754,1.10031003804994),
 .UNSPECIFIED.);
#317=B_SPLINE_CURVE_WITH_KNOTS('',3,(#10285,#10286,#10287,#10288,#10289,
#10290,#10291,#10292,#10293,#10294,#10295,#10296,#10297,#10298,#10299,#10300,
#10301,#10302,#10303,#10304,#10305,#10306,#10307,#10308,#10309,#10310,#10311,
#10312),.UNSPECIFIED.,.F.,.F.,(4,3,3,3,3,3,3,3,3,4),(-5.55111512312578E-17,
0.0900334429334674,0.181568681847353,0.27351006915247,0.365295397615365,
0.380141763533502,0.473365814531548,0.565148472470696,0.659093219998191,
0.753037967525685),.UNSPECIFIED.);
#318=B_SPLINE_CURVE_WITH_KNOTS('',3,(#10329,#10330,#10331,#10332,#10333,
#10334,#10335,#10336,#10337,#10338,#10339,#10340,#10341,#10342,#10343,#10344,
#10345,#10346,#10347,#10348,#10349,#10350,#10351,#10352,#10353,#10354,#10355,
#10356),.UNSPECIFIED.,.F.,.F.,(4,3,3,3,3,3,3,3,3,4),(0.00752432870619446,
0.100749370061884,0.192285179795943,0.286354836962448,0.380424494128954,
0.475460975886554,0.567338543938347,0.658708649200317,0.748799607254567,
0.760570421159354),.UNSPECIFIED.);
#319=B_SPLINE_CURVE_WITH_KNOTS('',3,(#10377,#10378,#10379,#10380,#10381,
#10382,#10383,#10384),.UNSPECIFIED.,.F.,.F.,(4,2,2,4),(0.00491042986394255,
0.126984645012598,0.395712244170712,0.638292545775219),.UNSPECIFIED.);
#320=B_SPLINE_CURVE_WITH_KNOTS('',3,(#10386,#10387,#10388,#10389,#10390,
#10391,#10392,#10393),.UNSPECIFIED.,.F.,.F.,(4,2,2,4),(0.00491042986394255,
0.126984645012598,0.395712244170712,0.638292545775219),.UNSPECIFIED.);
#321=B_SPLINE_CURVE_WITH_KNOTS('',3,(#10402,#10403,#10404,#10405,#10406,
#10407,#10408,#10409,#10410,#10411,#10412,#10413,#10414,#10415,#10416,#10417,
#10418,#10419,#10420,#10421,#10422,#10423,#10424,#10425,#10426),
 .UNSPECIFIED.,.F.,.F.,(4,3,3,3,3,3,3,3,4),(0.,0.0561819252112806,0.112879386703,
0.169712254085616,0.203392090654095,0.260413707580985,0.317290922569812,
0.373304141979634,0.406509993019354),.UNSPECIFIED.);
#322=B_SPLINE_CURVE_WITH_KNOTS('',3,(#10447,#10448,#10449,#10450,#10451,
#10452,#10453,#10454,#10455,#10456,#10457,#10458,#10459,#10460,#10461,#10462,
#10463,#10464,#10465,#10466,#10467,#10468,#10469,#10470,#10471,#10472,#10473,
#10474,#10475,#10476,#10477,#10478,#10479,#10480,#10481,#10482,#10483,#10484,
#10485,#10486,#10487,#10488,#10489,#10490,#10491,#10492,#10493,#10494,#10495,
#10496,#10497,#10498,#10499,#10500,#10501,#10502,#10503,#10504,#10505,#10506,
#10507,#10508,#10509,#10510,#10511,#10512,#10513,#10514,#10515,#10516,#10517,
#10518,#10519,#10520,#10521,#10522,#10523,#10524,#10525,#10526,#10527,#10528,
#10529,#10530,#10531,#10532,#10533,#10534),.UNSPECIFIED.,.F.,.F.,(4,3,3,
3,3,3,3,3,3,3,3,3,3,3,3,3,3,3,3,3,3,3,3,3,3,3,3,3,3,4),(0.,0.135178429515414,
0.271049526322078,0.406990828761941,0.494840071431595,0.630938356241402,
0.766878124129512,0.85971427925473,0.994366483681558,1.13038803980353,1.26650413863623,
1.40176436889279,1.48581261487852,1.62177422076226,1.71978213555957,1.85413155563276,
1.98968823452636,2.12583698823197,2.26160350787019,2.39585661497892,2.47723577284875,
2.57967752689862,2.71483478860177,2.85051361595687,2.98605591399623,3.02274551940518,
3.15853963759886,3.29403275221286,3.42827270265534,3.46544754537401),
 .UNSPECIFIED.);
#323=B_SPLINE_CURVE_WITH_KNOTS('',3,(#10555,#10556,#10557,#10558,#10559,
#10560,#10561,#10562,#10563,#10564,#10565,#10566,#10567,#10568,#10569,#10570,
#10571,#10572,#10573,#10574,#10575,#10576,#10577,#10578,#10579,#10580,#10581,
#10582,#10583,#10584,#10585,#10586,#10587,#10588,#10589,#10590,#10591,#10592,
#10593,#10594,#10595,#10596,#10597,#10598,#10599,#10600,#10601,#10602,#10603,
#10604,#10605,#10606,#10607,#10608,#10609,#10610,#10611,#10612,#10613,#10614,
#10615,#10616,#10617,#10618,#10619,#10620,#10621,#10622,#10623,#10624,#10625,
#10626,#10627,#10628,#10629,#10630,#10631,#10632,#10633,#10634,#10635,#10636,
#10637,#10638,#10639,#10640,#10641,#10642),.UNSPECIFIED.,.F.,.F.,(4,3,3,
3,3,3,3,3,3,3,3,3,3,3,3,3,3,3,3,3,3,3,3,3,3,3,3,3,3,4),(0.,0.132943312860352,
0.267507392851622,0.4032184685098,0.539486200295247,0.675397923492298,0.809959829474623,
0.859870118366922,0.990233669752277,1.1254439743903,1.26115585265481,1.39659961521766,
1.48642278272535,1.62238684275424,1.71995086005751,1.85460527517014,1.9903615693924,
2.12654323569091,2.26226234740425,2.39638416123151,2.47773684044228,2.57968075945845,
2.71483776444139,2.85052384127507,2.9860772435609,3.02278102004331,3.15859574668131,
3.29411485485062,3.42838022871443,3.46545798143018),.UNSPECIFIED.);
#324=B_SPLINE_CURVE_WITH_KNOTS('',3,(#10659,#10660,#10661,#10662,#10663,
#10664,#10665,#10666,#10667,#10668,#10669,#10670,#10671,#10672,#10673,#10674,
#10675,#10676,#10677,#10678,#10679,#10680,#10681,#10682,#10683),
 .UNSPECIFIED.,.F.,.F.,(4,3,3,3,3,3,3,3,4),(0.,0.0561207452460354,0.112842755857911,
0.169855862820796,0.203113388533504,0.259965747944942,0.316778564720999,
0.372864486324544,0.406501026646684),.UNSPECIFIED.);
#325=B_SPLINE_CURVE_WITH_KNOTS('',3,(#10720,#10721,#10722,#10723,#10724,
#10725,#10726,#10727,#10728,#10729,#10730,#10731,#10732,#10733,#10734,#10735),
 .UNSPECIFIED.,.F.,.F.,(4,2,2,2,2,2,2,4),(0.,0.223773151303522,0.7803535737405,
1.01163473515654,1.05284112877905,1.08578174755585,1.0958999503462,1.10031003729424),
 .UNSPECIFIED.);
#326=B_SPLINE_CURVE_WITH_KNOTS('',3,(#10737,#10738,#10739,#10740,#10741,
#10742,#10743,#10744,#10745,#10746,#10747,#10748,#10749,#10750,#10751,#10752),
 .UNSPECIFIED.,.F.,.F.,(4,2,2,2,2,2,2,4),(0.,0.223773151303522,0.7803535737405,
1.01163473515654,1.05284112877905,1.08578174755585,1.0958999503462,1.10031003729424),
 .UNSPECIFIED.);
#327=B_SPLINE_CURVE_WITH_KNOTS('',3,(#10761,#10762,#10763,#10764,#10765,
#10766,#10767,#10768,#10769,#10770,#10771,#10772,#10773,#10774,#10775,#10776,
#10777,#10778,#10779,#10780,#10781,#10782,#10783,#10784,#10785,#10786,#10787,
#10788),.UNSPECIFIED.,.F.,.F.,(4,3,3,3,3,3,3,3,3,4),(5.55111512312578E-17,
0.0900334429334033,0.181568681847064,0.273510069151886,0.365295397614549,
0.380141763533485,0.473365814531521,0.565148472470763,0.659093219998196,
0.753037967525628),.UNSPECIFIED.);
#328=B_SPLINE_CURVE_WITH_KNOTS('',3,(#10805,#10806,#10807,#10808,#10809,
#10810,#10811,#10812,#10813,#10814,#10815,#10816,#10817,#10818,#10819,#10820,
#10821,#10822,#10823,#10824,#10825,#10826,#10827,#10828,#10829,#10830,#10831,
#10832),.UNSPECIFIED.,.F.,.F.,(4,3,3,3,3,3,3,3,3,4),(0.00752432870619107,
0.100749370061879,0.192285179796066,0.286354836962504,0.380424494128941,
0.475460975886532,0.567338543938411,0.658708649200495,0.748799607254785,
0.760570421159306),.UNSPECIFIED.);
#329=B_SPLINE_CURVE_WITH_KNOTS('',3,(#10853,#10854,#10855,#10856,#10857,
#10858,#10859,#10860),.UNSPECIFIED.,.F.,.F.,(4,2,2,4),(0.00491042986394185,
0.126984645012598,0.395712244099748,0.638292545627526),.UNSPECIFIED.);
#330=B_SPLINE_CURVE_WITH_KNOTS('',3,(#10862,#10863,#10864,#10865,#10866,
#10867,#10868,#10869),.UNSPECIFIED.,.F.,.F.,(4,2,2,4),(0.00491042986394185,
0.126984645012598,0.395712244099748,0.638292545627526),.UNSPECIFIED.);
#331=B_SPLINE_CURVE_WITH_KNOTS('',3,(#10878,#10879,#10880,#10881,#10882,
#10883,#10884,#10885,#10886,#10887,#10888,#10889,#10890,#10891,#10892,#10893,
#10894,#10895,#10896,#10897,#10898,#10899,#10900,#10901,#10902),
 .UNSPECIFIED.,.F.,.F.,(4,3,3,3,3,3,3,3,4),(0.,0.0561819252110563,0.112879386702577,
0.169712254084999,0.20339209065412,0.260413707580744,0.317290922569336,
0.373304141978943,0.406509993019441),.UNSPECIFIED.);
#332=B_SPLINE_CURVE_WITH_KNOTS('',3,(#10923,#10924,#10925,#10926,#10927,
#10928,#10929,#10930,#10931,#10932,#10933,#10934,#10935,#10936,#10937,#10938,
#10939,#10940,#10941,#10942,#10943,#10944,#10945,#10946,#10947,#10948,#10949,
#10950,#10951,#10952,#10953,#10954,#10955,#10956,#10957,#10958,#10959,#10960,
#10961,#10962,#10963,#10964,#10965,#10966,#10967,#10968,#10969,#10970,#10971,
#10972,#10973,#10974,#10975,#10976,#10977,#10978,#10979,#10980,#10981,#10982,
#10983,#10984,#10985,#10986,#10987,#10988,#10989,#10990,#10991,#10992,#10993,
#10994,#10995,#10996,#10997,#10998,#10999,#11000,#11001,#11002,#11003,#11004,
#11005,#11006,#11007,#11008,#11009,#11010),.UNSPECIFIED.,.F.,.F.,(4,3,3,
3,3,3,3,3,3,3,3,3,3,3,3,3,3,3,3,3,3,3,3,3,3,3,3,3,3,4),(0.,0.132948787898036,
0.267521156790997,0.403246659885311,0.5395444715506,0.675498135122685,0.810121015158084,
0.859714279254755,0.989737317838379,1.12492433117641,1.26063253578087,1.39610689538491,
1.48581261487856,1.62180737067891,1.71978213555967,1.85437514194407,1.99009193130121,
2.12627201340563,2.26201021274081,2.39617776982964,2.47723577284885,2.57967752689877,
2.7147883759886,2.85044309761292,2.98598374282046,3.02274551940531,3.15852932656996,
3.29402391883283,3.42826933092434,3.46544754537413),.UNSPECIFIED.);
#333=B_SPLINE_CURVE_WITH_KNOTS('',3,(#11212,#11213,#11214,#11215,#11216,
#11217,#11218),.UNSPECIFIED.,.F.,.F.,(4,1,1,1,4),(-1.,-0.857142857142857,
-0.571428571428571,-0.285714285714286,0.),.UNSPECIFIED.);
#334=B_SPLINE_CURVE_WITH_KNOTS('',3,(#11220,#11221,#11222,#11223,#11224,
#11225,#11226,#11227,#11228,#11229,#11230,#11231,#11232,#11233,#11234,#11235,
#11236,#11237),.UNSPECIFIED.,.F.,.F.,(4,1,1,1,1,1,1,1,1,1,1,1,1,1,1,4),
(-3.99139353637478,-3.97357481523025,-3.95575609408572,-3.92011865179666,
-3.84884376721854,-3.7062939980623,-3.42119445974981,-2.85099538312484,
-1.71059722987491,-1.14039815324994,-0.570199076624969,-0.285099538312484,
-0.142549769156242,-0.0712748845781211,-0.0356374422890606,0.),
 .UNSPECIFIED.);
#335=B_SPLINE_CURVE_WITH_KNOTS('',3,(#11239,#11240,#11241,#11242,#11243,
#11244),.UNSPECIFIED.,.F.,.F.,(4,1,1,4),(0.,0.285714285714286,0.571428571428571,
1.),.UNSPECIFIED.);
#336=B_SPLINE_CURVE_WITH_KNOTS('',3,(#11245,#11246,#11247,#11248,#11249,
#11250,#11251,#11252,#11253,#11254,#11255,#11256,#11257,#11258,#11259,#11260),
 .UNSPECIFIED.,.F.,.F.,(4,1,1,1,1,1,1,1,1,1,1,1,1,4),(0.1192454489812,0.142549769156242,
0.285099538312484,0.570199076624969,1.14039815324994,1.71059722987491,2.85099538312484,
3.42119445974981,3.7062939980623,3.84884376721854,3.92011865179666,3.95575609408572,
3.97357481523025,3.99139353637478),.UNSPECIFIED.);
#337=B_SPLINE_CURVE_WITH_KNOTS('',3,(#11288,#11289,#11290,#11291),
 .UNSPECIFIED.,.F.,.F.,(4,4),(0.,1.17315701374695),.UNSPECIFIED.);
#338=B_SPLINE_CURVE_WITH_KNOTS('',3,(#11292,#11293,#11294,#11295),
 .UNSPECIFIED.,.F.,.F.,(4,4),(-1.17315701374695,0.),.UNSPECIFIED.);
#339=B_SPLINE_CURVE_WITH_KNOTS('',3,(#11328,#11329,#11330,#11331,#11332,
#11333),.UNSPECIFIED.,.F.,.F.,(4,1,1,4),(0.,0.285714285714286,0.571428571428571,
1.),.UNSPECIFIED.);
#340=B_SPLINE_CURVE_WITH_KNOTS('',3,(#11334,#11335,#11336,#11337),
 .UNSPECIFIED.,.F.,.F.,(4,4),(0.,1.173157013747),.UNSPECIFIED.);
#341=B_SPLINE_CURVE_WITH_KNOTS('',3,(#11338,#11339,#11340,#11341),
 .UNSPECIFIED.,.F.,.F.,(4,4),(-1.173157013747,0.),.UNSPECIFIED.);
#342=B_SPLINE_CURVE_WITH_KNOTS('',3,(#11452,#11453,#11454,#11455,#11456,
#11457,#11458),.UNSPECIFIED.,.F.,.F.,(4,1,1,1,4),(0.,0.285714285714286,
0.571428571428571,0.857142857142857,1.),.UNSPECIFIED.);
#343=B_SPLINE_CURVE_WITH_KNOTS('',3,(#11459,#11460,#11461,#11462,#11463,
#11464,#11465,#11466,#11467,#11468,#11469,#11470,#11471,#11472,#11473,#11474),
 .UNSPECIFIED.,.F.,.F.,(4,1,1,1,1,1,1,1,1,1,1,1,1,4),(1.62004250785757E-15,
0.0178187211312216,0.0356374422624415,0.0712748845248814,0.142549769049761,
0.285099538099521,0.57019907619904,1.14039815239808,2.28079630479616,2.85099538099519,
3.42119445719423,3.70629399529375,3.84884376434351,3.87214808720216),
 .UNSPECIFIED.);
#344=B_SPLINE_CURVE_WITH_KNOTS('',3,(#11475,#11476,#11477,#11478,#11479,
#11480,#11481,#11482,#11483,#11484,#11485,#11486,#11487,#11488,#11489,#11490,
#11491,#11492),.UNSPECIFIED.,.F.,.F.,(4,1,1,1,1,1,1,1,1,1,1,1,1,1,1,4),
(-3.99139353339327,-3.95575609113083,-3.92011864886839,-3.84884376434351,
-3.70629399529375,-3.42119445719423,-2.85099538099519,-2.28079630479616,
-1.14039815239808,-0.57019907619904,-0.285099538099521,-0.142549769049761,
-0.0712748845248814,-0.0356374422624415,-0.0178187211312216,-1.62004250785757E-15),
 .UNSPECIFIED.);
#345=B_SPLINE_CURVE_WITH_KNOTS('',3,(#11496,#11497,#11498,#11499,#11500,
#11501,#11502),.UNSPECIFIED.,.F.,.F.,(4,1,1,1,4),(-1.,-0.857142857142857,
-0.571428571428571,-0.285714285714286,0.),.UNSPECIFIED.);
#346=B_SPLINE_CURVE_WITH_KNOTS('',3,(#11553,#11554,#11555,#11556,#11557,
#11558,#11559),.UNSPECIFIED.,.F.,.F.,(4,1,1,1,4),(1.77635683940063E-15,
0.0263416828413614,0.052683365682721,0.0790250485240806,0.0921958899447604),
 .UNSPECIFIED.);
#347=B_SPLINE_CURVE_WITH_KNOTS('',3,(#11560,#11561,#11562,#11563,#11564,
#11565,#11566),.UNSPECIFIED.,.F.,.F.,(4,1,1,1,4),(-0.0921958899447604,-0.0790250485240806,
-0.052683365682721,-0.0263416828413614,-1.77635683940063E-15),
 .UNSPECIFIED.);
#348=B_SPLINE_CURVE_WITH_KNOTS('',3,(#11624,#11625,#11626,#11627,#11628,
#11629,#11630,#11631),.UNSPECIFIED.,.F.,.F.,(4,1,1,1,1,4),(6.24751640957145E-31,
0.0131708465720377,0.0263416931440755,0.0526833862881509,0.0790250794322264,
0.0921959260042641),.UNSPECIFIED.);
#349=B_SPLINE_CURVE_WITH_KNOTS('',3,(#11632,#11633,#11634,#11635,#11636,
#11637,#11638,#11639),.UNSPECIFIED.,.F.,.F.,(4,1,1,1,1,4),(-0.0921959260042641,
-0.0790250794322264,-0.0526833862881509,-0.0263416931440755,-0.0131708465720377,
-6.24751640957145E-31),.UNSPECIFIED.);
#350=B_SPLINE_CURVE_WITH_KNOTS('',3,(#11642,#11643,#11644,#11645,#11646,
#11647,#11648),.UNSPECIFIED.,.F.,.F.,(4,1,1,1,4),(0.,0.285714285714286,
0.571428571428571,0.857142857142857,1.),.UNSPECIFIED.);
#351=B_SPLINE_CURVE_WITH_KNOTS('',3,(#11761,#11762,#11763,#11764,#11765,
#11766,#11767),.UNSPECIFIED.,.F.,.F.,(4,1,1,1,4),(-1.,-0.857142857142857,
-0.571428571428571,-0.285714285714286,0.),.UNSPECIFIED.);
#352=B_SPLINE_CURVE_WITH_KNOTS('',3,(#11769,#11770,#11771,#11772,#11773,
#11774,#11775,#11776,#11777,#11778,#11779,#11780,#11781,#11782,#11783,#11784,
#11785,#11786),.UNSPECIFIED.,.F.,.F.,(4,1,1,1,1,1,1,1,1,1,1,1,1,1,1,4),
(-3.99139353637478,-3.97357481523025,-3.95575609408572,-3.92011865179666,
-3.84884376721854,-3.7062939980623,-3.42119445974981,-2.85099538312484,
-1.71059722987491,-1.14039815324994,-0.570199076624969,-0.285099538312484,
-0.142549769156242,-0.0712748845781211,-0.0356374422890606,0.),
 .UNSPECIFIED.);
#353=B_SPLINE_CURVE_WITH_KNOTS('',3,(#11788,#11789,#11790,#11791,#11792,
#11793),.UNSPECIFIED.,.F.,.F.,(4,1,1,4),(0.,0.285714285714286,0.571428571428571,
1.),.UNSPECIFIED.);
#354=B_SPLINE_CURVE_WITH_KNOTS('',3,(#11794,#11795,#11796,#11797,#11798,
#11799,#11800,#11801,#11802,#11803,#11804,#11805,#11806,#11807,#11808,#11809),
 .UNSPECIFIED.,.F.,.F.,(4,1,1,1,1,1,1,1,1,1,1,1,1,4),(0.119245448981189,
0.142549769156242,0.285099538312484,0.570199076624969,1.14039815324994,
1.71059722987491,2.85099538312484,3.42119445974981,3.7062939980623,3.84884376721854,
3.92011865179666,3.95575609408572,3.97357481523025,3.99139353637478),
 .UNSPECIFIED.);
#355=B_SPLINE_CURVE_WITH_KNOTS('',3,(#11837,#11838,#11839,#11840),
 .UNSPECIFIED.,.F.,.F.,(4,4),(0.,1.17315701374695),.UNSPECIFIED.);
#356=B_SPLINE_CURVE_WITH_KNOTS('',3,(#11841,#11842,#11843,#11844),
 .UNSPECIFIED.,.F.,.F.,(4,4),(-1.17315701374695,0.),.UNSPECIFIED.);
#357=B_SPLINE_CURVE_WITH_KNOTS('',3,(#11877,#11878,#11879,#11880,#11881,
#11882),.UNSPECIFIED.,.F.,.F.,(4,1,1,4),(0.,0.285714285714286,0.571428571428571,
1.),.UNSPECIFIED.);
#358=B_SPLINE_CURVE_WITH_KNOTS('',3,(#11883,#11884,#11885,#11886),
 .UNSPECIFIED.,.F.,.F.,(4,4),(0.,1.17315701374698),.UNSPECIFIED.);
#359=B_SPLINE_CURVE_WITH_KNOTS('',3,(#11887,#11888,#11889,#11890),
 .UNSPECIFIED.,.F.,.F.,(4,4),(-1.17315701374698,0.),.UNSPECIFIED.);
#360=B_SPLINE_CURVE_WITH_KNOTS('',3,(#11994,#11995,#11996,#11997,#11998,
#11999,#12000),.UNSPECIFIED.,.F.,.F.,(4,1,1,1,4),(0.,0.285714285714286,
0.571428571428571,0.857142857142857,1.),.UNSPECIFIED.);
#361=B_SPLINE_CURVE_WITH_KNOTS('',3,(#12001,#12002,#12003,#12004,#12005,
#12006,#12007,#12008,#12009,#12010,#12011,#12012,#12013,#12014,#12015),
 .UNSPECIFIED.,.F.,.F.,(4,1,1,1,1,1,1,1,1,1,1,1,4),(0.,0.01781872113122,
0.0356374422624399,0.0712748845248798,0.14254976904976,0.285099538099519,
0.570199076199039,1.14039815239808,2.28079630479615,3.42119445719423,3.70629399529375,
3.84884376434351,3.87214808720215),.UNSPECIFIED.);
#362=B_SPLINE_CURVE_WITH_KNOTS('',3,(#12016,#12017,#12018,#12019,#12020,
#12021,#12022,#12023,#12024,#12025,#12026,#12027,#12028,#12029,#12030,#12031,
#12032),.UNSPECIFIED.,.F.,.F.,(4,1,1,1,1,1,1,1,1,1,1,1,1,1,4),(-3.99139353339327,
-3.95575609113083,-3.92011864886839,-3.84884376434351,-3.70629399529375,
-3.42119445719423,-2.28079630479615,-1.14039815239808,-0.570199076199039,
-0.285099538099519,-0.14254976904976,-0.0712748845248798,-0.0356374422624399,
-0.01781872113122,0.),.UNSPECIFIED.);
#363=B_SPLINE_CURVE_WITH_KNOTS('',3,(#12035,#12036,#12037,#12038,#12039,
#12040,#12041),.UNSPECIFIED.,.F.,.F.,(4,1,1,1,4),(-1.,-0.857142857142857,
-0.571428571428571,-0.285714285714286,0.),.UNSPECIFIED.);
#364=B_SPLINE_CURVE_WITH_KNOTS('',3,(#12092,#12093,#12094,#12095,#12096,
#12097,#12098),.UNSPECIFIED.,.F.,.F.,(4,1,1,1,4),(1.78736071452235E-15,
0.0263416828413627,0.0526833656827237,0.0790250485240846,0.0921958899447651),
 .UNSPECIFIED.);
#365=B_SPLINE_CURVE_WITH_KNOTS('',3,(#12099,#12100,#12101,#12102,#12103,
#12104,#12105),.UNSPECIFIED.,.F.,.F.,(4,1,1,1,4),(-0.0921958899447651,-0.0790250485240846,
-0.0526833656827237,-0.0263416828413627,-1.78736071452235E-15),
 .UNSPECIFIED.);
#366=B_SPLINE_CURVE_WITH_KNOTS('',3,(#12158,#12159,#12160,#12161,#12162,
#12163,#12164,#12165),.UNSPECIFIED.,.F.,.F.,(4,1,1,1,1,4),(0.,0.0131708414206801,
0.0263416828413603,0.0395125242620404,0.0658542071034007,0.092195889944761),
 .UNSPECIFIED.);
#367=B_SPLINE_CURVE_WITH_KNOTS('',3,(#12168,#12169,#12170,#12171,#12172,
#12173,#12174,#12175),.UNSPECIFIED.,.F.,.F.,(4,1,1,1,1,4),(-0.092195889944761,
-0.0658542071034007,-0.0395125242620404,-0.0263416828413603,-0.0131708414206801,
0.),.UNSPECIFIED.);
#368=B_SPLINE_CURVE_WITH_KNOTS('',3,(#12178,#12179,#12180,#12181,#12182,
#12183,#12184),.UNSPECIFIED.,.F.,.F.,(4,1,1,1,4),(0.,0.285714285714286,
0.571428571428571,0.857142857142857,1.),.UNSPECIFIED.);
#369=B_SPLINE_CURVE_WITH_KNOTS('',3,(#12253,#12254,#12255,#12256,#12257,
#12258,#12259,#12260,#12261),.UNSPECIFIED.,.F.,.F.,(4,1,1,1,1,1,4),(-1.,
-0.571428571428571,-0.285714285714286,-0.142857142857143,-0.0714285714285714,
-0.0357142857142857,0.),.UNSPECIFIED.);
#370=B_SPLINE_CURVE_WITH_KNOTS('',3,(#12318,#12319,#12320,#12321,#12322,
#12323,#12324,#12325),.UNSPECIFIED.,.F.,.F.,(4,1,1,1,1,4),(-1.,-0.964285714285714,
-0.928571428571429,-0.857142857142857,-0.571428571428571,0.),
 .UNSPECIFIED.);
#371=B_SPLINE_CURVE_WITH_KNOTS('',3,(#12389,#12390,#12391,#12392,#12393,
#12394,#12395,#12396,#12397),.UNSPECIFIED.,.F.,.F.,(4,1,1,1,1,1,4),(-1.,
-0.571428571428571,-0.285714285714286,-0.142857142857143,-0.0714285714285714,
-0.0357142857142857,0.),.UNSPECIFIED.);
#372=B_SPLINE_CURVE_WITH_KNOTS('',3,(#12454,#12455,#12456,#12457,#12458,
#12459,#12460,#12461),.UNSPECIFIED.,.F.,.F.,(4,1,1,1,1,4),(-1.,-0.964285714285714,
-0.928571428571429,-0.857142857142857,-0.571428571428571,0.),
 .UNSPECIFIED.);
#373=B_SPLINE_CURVE_WITH_KNOTS('',3,(#12481,#12482,#12483,#12484),
 .UNSPECIFIED.,.F.,.F.,(4,4),(0.00109418183649008,0.95004810713438),
 .UNSPECIFIED.);
#374=B_SPLINE_CURVE_WITH_KNOTS('',3,(#12525,#12526,#12527,#12528),
 .UNSPECIFIED.,.F.,.F.,(4,4),(0.000906070867069507,0.949134070986222),
 .UNSPECIFIED.);
#375=B_SPLINE_CURVE_WITH_KNOTS('',3,(#12564,#12565,#12566,#12567),
 .UNSPECIFIED.,.F.,.F.,(4,4),(0.000906070867069508,0.949134070986222),
 .UNSPECIFIED.);
#376=B_SPLINE_CURVE_WITH_KNOTS('',3,(#12612,#12613,#12614,#12615),
 .UNSPECIFIED.,.F.,.F.,(4,4),(0.00109418183649008,0.95004810713438),
 .UNSPECIFIED.);
#377=B_SPLINE_CURVE_WITH_KNOTS('',3,(#12745,#12746,#12747,#12748),
 .UNSPECIFIED.,.F.,.F.,(4,4),(0.00109418183649,0.95004810713438),
 .UNSPECIFIED.);
#378=B_SPLINE_CURVE_WITH_KNOTS('',3,(#12789,#12790,#12791,#12792),
 .UNSPECIFIED.,.F.,.F.,(4,4),(0.000906070867069507,0.949134070986222),
 .UNSPECIFIED.);
#379=B_SPLINE_CURVE_WITH_KNOTS('',3,(#12828,#12829,#12830,#12831),
 .UNSPECIFIED.,.F.,.F.,(4,4),(0.000906070867069491,0.949134070986222),
 .UNSPECIFIED.);
#380=B_SPLINE_CURVE_WITH_KNOTS('',3,(#12876,#12877,#12878,#12879),
 .UNSPECIFIED.,.F.,.F.,(4,4),(0.00109418183649009,0.95004810713438),
 .UNSPECIFIED.);
#381=B_SPLINE_CURVE_WITH_KNOTS('',3,(#13049,#13050,#13051,#13052,#13053,
#13054,#13055,#13056,#13057,#13058,#13059,#13060,#13061,#13062,#13063,#13064,
#13065,#13066,#13067,#13068,#13069,#13070,#13071,#13072,#13073,#13074,#13075,
#13076,#13077,#13078,#13079,#13080,#13081,#13082),.UNSPECIFIED.,.F.,.F.,
(4,3,3,3,3,3,3,3,3,3,3,4),(0.,0.0689331099711047,0.131608541199256,0.15046520992382,
0.259015506521861,0.300901393150379,0.431607938631991,0.563436713248389,
0.601780975239889,0.719346532545214,0.92010601038607,1.00708464247189),
 .UNSPECIFIED.);
#382=B_SPLINE_CURVE_WITH_KNOTS('',3,(#13084,#13085,#13086,#13087,#13088,
#13089,#13090,#13091,#13092,#13093,#13094,#13095,#13096,#13097,#13098,#13099,
#13100),.UNSPECIFIED.,.F.,.F.,(4,1,1,1,1,1,1,1,1,1,1,1,1,1,4),(0.1192454489812,
0.142549769156242,0.285099538312484,0.570199076624969,1.14039815324994,
1.71059722987491,2.85099538312484,3.42119445974981,3.7062939980623,3.84884376721854,
3.92011865179666,3.95575609408572,3.97357481523025,3.98248417580252,3.99139353637478),
 .UNSPECIFIED.);
#383=B_SPLINE_CURVE_WITH_KNOTS('',3,(#13103,#13104,#13105,#13106,#13107,
#13108,#13109,#13110,#13111,#13112,#13113,#13114,#13115,#13116,#13117,#13118,
#13119,#13120,#13121,#13122),.UNSPECIFIED.,.F.,.F.,(4,1,1,1,1,1,1,1,1,1,
1,1,1,1,1,1,1,4),(-3.99139353637478,-3.98248417580252,-3.97357481523025,
-3.95575609408572,-3.92011865179666,-3.84884376721854,-3.7062939980623,
-3.42119445974981,-2.85099538312484,-1.71059722987491,-1.14039815324994,
-0.570199076624969,-0.285099538312484,-0.142549769156242,-0.0712748845781211,
-0.0356374422890606,-0.0178187211445303,0.),.UNSPECIFIED.);
#384=B_SPLINE_CURVE_WITH_KNOTS('',3,(#13150,#13151,#13152,#13153),
 .UNSPECIFIED.,.F.,.F.,(4,4),(-1.17315701374695,0.),.UNSPECIFIED.);
#385=B_SPLINE_CURVE_WITH_KNOTS('',3,(#13154,#13155,#13156,#13157),
 .UNSPECIFIED.,.F.,.F.,(4,4),(0.,1.17315701374695),.UNSPECIFIED.);
#386=B_SPLINE_CURVE_WITH_KNOTS('',3,(#13191,#13192,#13193,#13194),
 .UNSPECIFIED.,.F.,.F.,(4,4),(-1.173157013747,0.),.UNSPECIFIED.);
#387=B_SPLINE_CURVE_WITH_KNOTS('',3,(#13195,#13196,#13197,#13198),
 .UNSPECIFIED.,.F.,.F.,(4,4),(0.,1.173157013747),.UNSPECIFIED.);
#388=B_SPLINE_CURVE_WITH_KNOTS('',3,(#13321,#13322,#13323,#13324,#13325,
#13326,#13327,#13328,#13329,#13330,#13331,#13332,#13333,#13334,#13335,#13336,
#13337,#13338,#13339,#13340,#13341,#13342,#13343,#13344,#13345,#13346,#13347,
#13348,#13349,#13350,#13351,#13352,#13353,#13354),.UNSPECIFIED.,.F.,.F.,
(4,3,3,3,3,3,3,3,3,3,3,4),(0.,0.200759478104425,0.287738109832285,0.405303652905017,
0.537132433360768,0.575476703651121,0.706183242140251,0.814733548730292,
0.85661942882626,0.918630893598062,0.990278511970972,1.00708464214152),
 .UNSPECIFIED.);
#389=B_SPLINE_CURVE_WITH_KNOTS('',3,(#13355,#13356,#13357,#13358,#13359,
#13360,#13361,#13362,#13363,#13364,#13365,#13366,#13367,#13368,#13369,#13370,
#13371,#13372,#13373,#13374),.UNSPECIFIED.,.F.,.F.,(4,1,1,1,1,1,1,1,1,1,
1,1,1,1,1,1,1,4),(-3.99139353339327,-3.97357481226205,-3.95575609113083,
-3.92011864886839,-3.84884376434351,-3.70629399529375,-3.42119445719423,
-2.85099538099519,-2.28079630479616,-1.14039815239808,-0.57019907619904,
-0.285099538099521,-0.142549769049761,-0.0712748845248814,-0.0356374422624415,
-0.0178187211312216,-0.0089093605656116,-1.62004250785757E-15),
 .UNSPECIFIED.);
#390=B_SPLINE_CURVE_WITH_KNOTS('',3,(#13375,#13376,#13377,#13378,#13379,
#13380,#13381,#13382,#13383,#13384,#13385,#13386,#13387,#13388,#13389,#13390,
#13391),.UNSPECIFIED.,.F.,.F.,(4,1,1,1,1,1,1,1,1,1,1,1,1,1,4),(1.62004250785757E-15,
0.0089093605656116,0.0178187211312216,0.0356374422624415,0.0712748845248814,
0.142549769049761,0.285099538099521,0.57019907619904,1.14039815239808,2.28079630479616,
2.85099538099519,3.42119445719423,3.70629399529375,3.84884376434351,3.87214808720216),
 .UNSPECIFIED.);
#391=B_SPLINE_CURVE_WITH_KNOTS('',3,(#13395,#13396,#13397,#13398,#13399,
#13400,#13401,#13402,#13403,#13404,#13405,#13406,#13407,#13408,#13409,#13410,
#13411,#13412,#13413,#13414,#13415,#13416,#13417,#13418,#13419,#13420,#13421,
#13422,#13423,#13424,#13425,#13426,#13427,#13428,#13429,#13430,#13431,#13432,
#13433,#13434,#13435,#13436,#13437,#13438,#13439,#13440,#13441,#13442,#13443,
#13444,#13445,#13446,#13447,#13448,#13449,#13450,#13451,#13452,#13453,#13454,
#13455,#13456,#13457,#13458,#13459,#13460,#13461),.UNSPECIFIED.,.F.,.F.,
(4,3,3,3,3,3,3,3,3,3,3,3,3,3,3,3,3,3,3,3,3,3,4),(0.,0.067677332186985,0.135354347560262,
0.203031061216142,0.27070748825036,0.338383643757985,0.408142565663453,
0.475823628135551,0.543503787269902,0.611183103482148,0.678861637180005,
0.746539448763758,0.814216598626972,0.881893147157003,0.949569154735458,
1.01724972294657,1.08492860999416,1.1526060574977,1.22028230702188,1.28796193933483,
1.35563871128441,1.42331668225811,1.45452639424548),.UNSPECIFIED.);
#392=B_SPLINE_CURVE_WITH_KNOTS('',3,(#13518,#13519,#13520,#13521,#13522,
#13523,#13524,#13525),.UNSPECIFIED.,.F.,.F.,(4,1,1,1,1,4),(-0.0921958899447604,
-0.0790250485240806,-0.0724396278137407,-0.052683365682721,-0.0263416828413614,
-1.77635683940063E-15),.UNSPECIFIED.);
#393=B_SPLINE_CURVE_WITH_KNOTS('',3,(#13526,#13527,#13528,#13529,#13530,
#13531,#13532,#13533),.UNSPECIFIED.,.F.,.F.,(4,1,1,1,1,4),(1.77635683940063E-15,
0.0263416828413614,0.052683365682721,0.0724396278137407,0.0790250485240806,
0.0921958899447604),.UNSPECIFIED.);
#394=B_SPLINE_CURVE_WITH_KNOTS('',3,(#13591,#13592,#13593,#13594,#13595,
#13596,#13597,#13598),.UNSPECIFIED.,.F.,.F.,(4,1,1,1,1,4),(-0.0921959260042641,
-0.0790250794322264,-0.0526833862881509,-0.0263416931440755,-0.0131708465720377,
-6.24751640957145E-31),.UNSPECIFIED.);
#395=B_SPLINE_CURVE_WITH_KNOTS('',3,(#13599,#13600,#13601,#13602,#13603,
#13604,#13605,#13606),.UNSPECIFIED.,.F.,.F.,(4,1,1,1,1,4),(6.24751640957145E-31,
0.0131708465720377,0.0263416931440755,0.0526833862881509,0.0790250794322264,
0.0921959260042641),.UNSPECIFIED.);
#396=B_SPLINE_CURVE_WITH_KNOTS('',3,(#13609,#13610,#13611,#13612,#13613,
#13614,#13615,#13616,#13617,#13618,#13619,#13620,#13621,#13622,#13623,#13624,
#13625,#13626,#13627,#13628,#13629,#13630,#13631,#13632,#13633,#13634,#13635,
#13636,#13637,#13638,#13639,#13640,#13641,#13642,#13643,#13644,#13645,#13646,
#13647,#13648,#13649,#13650,#13651,#13652,#13653,#13654,#13655,#13656,#13657,
#13658,#13659,#13660,#13661,#13662,#13663,#13664,#13665,#13666,#13667,#13668,
#13669,#13670,#13671,#13672,#13673,#13674,#13675),.UNSPECIFIED.,.F.,.F.,
(4,3,3,3,3,3,3,3,3,3,3,3,3,3,3,3,3,3,3,3,3,3,4),(0.,0.0676773321869574,
0.135354347560219,0.203031061216184,0.270707488250503,0.338383643758203,
0.408142565663658,0.475823628135737,0.543503787270072,0.611183103482308,
0.678861637180142,0.746539448763849,0.814216598627121,0.881893147157116,
0.949569154735507,1.0172497229466,1.08492860999417,1.15260605749768,1.22028230702178,
1.28796193933472,1.35563871128432,1.423316682258,1.45452639424548),
 .UNSPECIFIED.);
#397=B_SPLINE_CURVE_WITH_KNOTS('',3,(#13800,#13801,#13802,#13803,#13804,
#13805,#13806,#13807,#13808,#13809,#13810,#13811,#13812,#13813,#13814,#13815,
#13816,#13817,#13818,#13819,#13820,#13821,#13822,#13823,#13824,#13825,#13826,
#13827,#13828,#13829,#13830,#13831,#13832,#13833),.UNSPECIFIED.,.F.,.F.,
(4,3,3,3,3,3,3,3,3,3,3,4),(0.,0.0689331099676924,0.131608541195834,0.150465209923819,
0.259015506532701,0.300901393150357,0.431607938631992,0.563436713243374,
0.60178097523982,0.719346532545215,0.920106010301891,1.00708464247189),
 .UNSPECIFIED.);
#398=B_SPLINE_CURVE_WITH_KNOTS('',3,(#13835,#13836,#13837,#13838,#13839,
#13840,#13841,#13842,#13843,#13844,#13845,#13846,#13847,#13848,#13849,#13850,
#13851),.UNSPECIFIED.,.F.,.F.,(4,1,1,1,1,1,1,1,1,1,1,1,1,1,4),(0.119245448981189,
0.142549769156242,0.285099538312484,0.570199076624969,1.14039815324994,
1.71059722987491,2.85099538312484,3.42119445974981,3.7062939980623,3.84884376721854,
3.92011865179666,3.95575609408572,3.97357481523025,3.98248417580252,3.99139353637478),
 .UNSPECIFIED.);
#399=B_SPLINE_CURVE_WITH_KNOTS('',3,(#13854,#13855,#13856,#13857,#13858,
#13859,#13860,#13861,#13862,#13863,#13864,#13865,#13866,#13867,#13868,#13869,
#13870,#13871,#13872,#13873),.UNSPECIFIED.,.F.,.F.,(4,1,1,1,1,1,1,1,1,1,
1,1,1,1,1,1,1,4),(-3.99139353637478,-3.98248417580252,-3.97357481523025,
-3.95575609408572,-3.92011865179666,-3.84884376721854,-3.7062939980623,
-3.42119445974981,-2.85099538312484,-1.71059722987491,-1.14039815324994,
-0.570199076624969,-0.285099538312484,-0.142549769156242,-0.0712748845781211,
-0.0356374422890606,-0.0178187211445303,0.),.UNSPECIFIED.);
#400=B_SPLINE_CURVE_WITH_KNOTS('',3,(#13901,#13902,#13903,#13904),
 .UNSPECIFIED.,.F.,.F.,(4,4),(-1.17315701374695,0.),.UNSPECIFIED.);
#401=B_SPLINE_CURVE_WITH_KNOTS('',3,(#13905,#13906,#13907,#13908),
 .UNSPECIFIED.,.F.,.F.,(4,4),(0.,1.17315701374695),.UNSPECIFIED.);
#402=B_SPLINE_CURVE_WITH_KNOTS('',3,(#13942,#13943,#13944,#13945),
 .UNSPECIFIED.,.F.,.F.,(4,4),(-1.17315701374698,0.),.UNSPECIFIED.);
#403=B_SPLINE_CURVE_WITH_KNOTS('',3,(#13946,#13947,#13948,#13949),
 .UNSPECIFIED.,.F.,.F.,(4,4),(0.,1.17315701374698),.UNSPECIFIED.);
#404=B_SPLINE_CURVE_WITH_KNOTS('',3,(#14065,#14066,#14067,#14068,#14069,
#14070,#14071,#14072,#14073,#14074,#14075,#14076,#14077,#14078,#14079,#14080,
#14081,#14082,#14083,#14084,#14085,#14086,#14087,#14088,#14089,#14090,#14091,
#14092,#14093,#14094,#14095,#14096,#14097,#14098),.UNSPECIFIED.,.F.,.F.,
(4,3,3,3,3,3,3,3,3,3,3,4),(0.,0.200801122845361,0.287738112268989,0.405304206679506,
0.537159919247423,0.575476704740007,0.706183483315266,0.814744653671834,
0.856619501986588,0.918631931413483,0.990277102524336,1.00708464214152),
 .UNSPECIFIED.);
#405=B_SPLINE_CURVE_WITH_KNOTS('',3,(#14099,#14100,#14101,#14102,#14103,
#14104,#14105,#14106,#14107,#14108,#14109,#14110,#14111,#14112,#14113,#14114,
#14115,#14116,#14117),.UNSPECIFIED.,.F.,.F.,(4,1,1,1,1,1,1,1,1,1,1,1,1,
1,1,1,4),(-3.99139353339327,-3.97357481226205,-3.95575609113083,-3.92011864886839,
-3.84884376434351,-3.70629399529375,-3.42119445719423,-2.28079630479615,
-1.14039815239808,-0.570199076199039,-0.285099538099519,-0.14254976904976,
-0.0712748845248798,-0.0356374422624399,-0.01781872113122,-0.00890936056560998,
0.),.UNSPECIFIED.);
#406=B_SPLINE_CURVE_WITH_KNOTS('',3,(#14118,#14119,#14120,#14121,#14122,
#14123,#14124,#14125,#14126,#14127,#14128,#14129,#14130,#14131,#14132,#14133),
 .UNSPECIFIED.,.F.,.F.,(4,1,1,1,1,1,1,1,1,1,1,1,1,4),(0.,0.00890936056560998,
0.01781872113122,0.0356374422624399,0.0712748845248798,0.14254976904976,
0.285099538099519,0.570199076199039,1.14039815239808,2.28079630479615,3.42119445719423,
3.70629399529375,3.84884376434351,3.87214808720215),.UNSPECIFIED.);
#407=B_SPLINE_CURVE_WITH_KNOTS('',3,(#14136,#14137,#14138,#14139,#14140,
#14141,#14142,#14143,#14144,#14145,#14146,#14147,#14148,#14149,#14150,#14151,
#14152,#14153,#14154,#14155,#14156,#14157,#14158,#14159,#14160,#14161,#14162,
#14163,#14164,#14165,#14166,#14167,#14168,#14169,#14170,#14171,#14172,#14173,
#14174,#14175,#14176,#14177,#14178,#14179,#14180,#14181,#14182,#14183,#14184,
#14185,#14186,#14187,#14188,#14189,#14190,#14191,#14192,#14193,#14194,#14195,
#14196,#14197,#14198,#14199,#14200,#14201,#14202),.UNSPECIFIED.,.F.,.F.,
(4,3,3,3,3,3,3,3,3,3,3,3,3,3,3,3,3,3,3,3,3,3,4),(0.,0.0676773321869993,
0.135354347560262,0.203031061216241,0.27070748825054,0.338383643758168,
0.408142565663625,0.475823628135722,0.543503787270087,0.611183103482329,
0.678861637180146,0.746539448763921,0.814216598627218,0.881893147157225,
0.949569154735691,1.01724972294681,1.08492860999437,1.15260605749788,1.22028230702201,
1.28796193933494,1.35563871128446,1.42331668225815,1.45452639424548),
 .UNSPECIFIED.);
#408=B_SPLINE_CURVE_WITH_KNOTS('',3,(#14259,#14260,#14261,#14262,#14263,
#14264,#14265,#14266),.UNSPECIFIED.,.F.,.F.,(4,1,1,1,1,4),(-0.0921958899447651,
-0.0790250485240846,-0.0724396278137444,-0.0526833656827237,-0.0263416828413627,
-1.78736071452235E-15),.UNSPECIFIED.);
#409=B_SPLINE_CURVE_WITH_KNOTS('',3,(#14267,#14268,#14269,#14270,#14271,
#14272,#14273,#14274),.UNSPECIFIED.,.F.,.F.,(4,1,1,1,1,4),(1.78736071452235E-15,
0.0263416828413627,0.0526833656827237,0.0724396278137444,0.0790250485240846,
0.0921958899447651),.UNSPECIFIED.);
#410=B_SPLINE_CURVE_WITH_KNOTS('',3,(#14327,#14328,#14329,#14330,#14331,
#14332,#14333,#14334),.UNSPECIFIED.,.F.,.F.,(4,1,1,1,1,4),(-0.092195889944761,
-0.0658542071034007,-0.0395125242620404,-0.0263416828413603,-0.0131708414206801,
0.),.UNSPECIFIED.);
#411=B_SPLINE_CURVE_WITH_KNOTS('',3,(#14337,#14338,#14339,#14340,#14341,
#14342,#14343,#14344),.UNSPECIFIED.,.F.,.F.,(4,1,1,1,1,4),(0.,0.0131708414206801,
0.0263416828413603,0.0395125242620404,0.0658542071034007,0.092195889944761),
 .UNSPECIFIED.);
#412=B_SPLINE_CURVE_WITH_KNOTS('',3,(#14347,#14348,#14349,#14350,#14351,
#14352,#14353,#14354,#14355,#14356,#14357,#14358,#14359,#14360,#14361,#14362,
#14363,#14364,#14365,#14366,#14367,#14368,#14369,#14370,#14371,#14372,#14373,
#14374,#14375,#14376,#14377,#14378,#14379,#14380,#14381,#14382,#14383,#14384,
#14385,#14386,#14387,#14388,#14389,#14390,#14391,#14392,#14393,#14394,#14395,
#14396,#14397,#14398,#14399,#14400,#14401,#14402,#14403,#14404,#14405,#14406,
#14407,#14408,#14409,#14410,#14411,#14412,#14413),.UNSPECIFIED.,.F.,.F.,
(4,3,3,3,3,3,3,3,3,3,3,3,3,3,3,3,3,3,3,3,3,3,4),(0.,0.0676773321869399,
0.135354347560172,0.203031061216064,0.27070748825031,0.338383643757973,
0.408142565663442,0.475823628135546,0.543503787269916,0.611183103482156,
0.678861637179958,0.746539448763701,0.814216598626967,0.881893147156986,
0.949569154735501,1.01724972294661,1.08492860999418,1.15260605749774,1.2202823070219,
1.28796193933484,1.35563871128432,1.42331668225802,1.45452639424548),
 .UNSPECIFIED.);
#413=B_SPLINE_CURVE_WITH_KNOTS('',3,(#14454,#14455,#14456,#14457,#14458),
 .UNSPECIFIED.,.F.,.F.,(4,1,4),(-1.,-0.571428571428571,0.),
 .UNSPECIFIED.);
#414=B_SPLINE_CURVE_WITH_KNOTS('',3,(#14494,#14495,#14496,#14497,#14498),
 .UNSPECIFIED.,.F.,.F.,(4,1,4),(-1.,-0.571428571428571,0.),
 .UNSPECIFIED.);
#415=B_SPLINE_CURVE_WITH_KNOTS('',3,(#14534,#14535,#14536,#14537,#14538),
 .UNSPECIFIED.,.F.,.F.,(4,1,4),(-1.,-0.571428571428571,0.),
 .UNSPECIFIED.);
#416=B_SPLINE_CURVE_WITH_KNOTS('',3,(#14574,#14575,#14576,#14577,#14578),
 .UNSPECIFIED.,.F.,.F.,(4,1,4),(-1.,-0.571428571428571,0.),
 .UNSPECIFIED.);
#417=B_SPLINE_SURFACE_WITH_KNOTS('',2,1,((#8515,#8516),(#8517,#8518),(#8519,
#8520),(#8521,#8522),(#8523,#8524)),.UNSPECIFIED.,.F.,.F.,.F.,(3,1,1,3),
(2,2),(-3.,-2.,-1.,0.),(0.,0.0500000000000002),.UNSPECIFIED.);
#418=B_SPLINE_SURFACE_WITH_KNOTS('',2,1,((#8541,#8542),(#8543,#8544),(#8545,
#8546),(#8547,#8548),(#8549,#8550)),.UNSPECIFIED.,.F.,.F.,.F.,(3,1,1,3),
(2,2),(-3.,-2.,-1.,0.),(0.,0.0500000000000002),.UNSPECIFIED.);
#419=B_SPLINE_SURFACE_WITH_KNOTS('',2,1,((#8564,#8565),(#8566,#8567),(#8568,
#8569),(#8570,#8571)),.UNSPECIFIED.,.F.,.F.,.F.,(3,1,3),(2,2),(-2.,-1.,
0.),(0.,0.0500000000000002),.UNSPECIFIED.);
#420=B_SPLINE_SURFACE_WITH_KNOTS('',2,1,((#8583,#8584),(#8585,#8586),(#8587,
#8588),(#8589,#8590)),.UNSPECIFIED.,.F.,.F.,.F.,(3,1,3),(2,2),(-2.,-1.,
0.),(0.,0.0500000000000002),.UNSPECIFIED.);
#421=B_SPLINE_SURFACE_WITH_KNOTS('',2,1,((#8602,#8603),(#8604,#8605),(#8606,
#8607),(#8608,#8609)),.UNSPECIFIED.,.F.,.F.,.F.,(3,1,3),(2,2),(-2.,-1.,
0.),(0.,0.0500000000000002),.UNSPECIFIED.);
#422=B_SPLINE_SURFACE_WITH_KNOTS('',2,1,((#8621,#8622),(#8623,#8624),(#8625,
#8626),(#8627,#8628),(#8629,#8630)),.UNSPECIFIED.,.F.,.F.,.F.,(3,1,1,3),
(2,2),(-3.,-2.,-1.,0.),(0.,0.0500000000000002),.UNSPECIFIED.);
#423=B_SPLINE_SURFACE_WITH_KNOTS('',2,1,((#8644,#8645),(#8646,#8647),(#8648,
#8649),(#8650,#8651),(#8652,#8653)),.UNSPECIFIED.,.F.,.F.,.F.,(3,1,1,3),
(2,2),(-3.,-2.,-1.,0.),(0.,0.0500000000000002),.UNSPECIFIED.);
#424=B_SPLINE_SURFACE_WITH_KNOTS('',2,1,((#8673,#8674),(#8675,#8676),(#8677,
#8678),(#8679,#8680)),.UNSPECIFIED.,.F.,.F.,.F.,(3,1,3),(2,2),(-2.,-1.,
0.),(0.,0.0500000000000002),.UNSPECIFIED.);
#425=B_SPLINE_SURFACE_WITH_KNOTS('',2,1,((#8692,#8693),(#8694,#8695),(#8696,
#8697),(#8698,#8699)),.UNSPECIFIED.,.F.,.F.,.F.,(3,1,3),(2,2),(-2.,-1.,
0.),(0.,0.0500000000000002),.UNSPECIFIED.);
#426=B_SPLINE_SURFACE_WITH_KNOTS('',2,1,((#8711,#8712),(#8713,#8714),(#8715,
#8716)),.UNSPECIFIED.,.F.,.F.,.F.,(3,3),(2,2),(-1.,0.),(0.,0.0500000000000002),
 .UNSPECIFIED.);
#427=B_SPLINE_SURFACE_WITH_KNOTS('',2,1,((#8726,#8727),(#8728,#8729),(#8730,
#8731),(#8732,#8733)),.UNSPECIFIED.,.F.,.F.,.F.,(3,1,3),(2,2),(-2.,-1.,
0.),(0.,0.0500000000000002),.UNSPECIFIED.);
#428=B_SPLINE_SURFACE_WITH_KNOTS('',2,1,((#8745,#8746),(#8747,#8748),(#8749,
#8750),(#8751,#8752)),.UNSPECIFIED.,.F.,.F.,.F.,(3,1,3),(2,2),(-2.,-1.,
0.),(0.,0.0500000000000002),.UNSPECIFIED.);
#429=B_SPLINE_SURFACE_WITH_KNOTS('',2,1,((#8764,#8765),(#8766,#8767),(#8768,
#8769),(#8770,#8771),(#8772,#8773)),.UNSPECIFIED.,.F.,.F.,.F.,(3,1,1,3),
(2,2),(-3.,-2.,-1.,0.),(0.,0.0500000000000002),.UNSPECIFIED.);
#430=B_SPLINE_SURFACE_WITH_KNOTS('',2,1,((#8787,#8788),(#8789,#8790),(#8791,
#8792),(#8793,#8794),(#8795,#8796)),.UNSPECIFIED.,.F.,.F.,.F.,(3,1,1,3),
(2,2),(-3.,-2.,-1.,0.),(0.,0.0500000000000002),.UNSPECIFIED.);
#431=B_SPLINE_SURFACE_WITH_KNOTS('',2,1,((#8814,#8815),(#8816,#8817),(#8818,
#8819),(#8820,#8821)),.UNSPECIFIED.,.F.,.F.,.F.,(3,1,3),(2,2),(0.,1.,2.),
(0.,0.0500000000000002),.UNSPECIFIED.);
#432=B_SPLINE_SURFACE_WITH_KNOTS('',2,1,((#8836,#8837),(#8838,#8839),(#8840,
#8841),(#8842,#8843),(#8844,#8845)),.UNSPECIFIED.,.F.,.F.,.F.,(3,1,1,3),
(2,2),(0.,1.,2.,3.),(0.,0.0500000000000002),.UNSPECIFIED.);
#433=B_SPLINE_SURFACE_WITH_KNOTS('',2,1,((#8859,#8860),(#8861,#8862),(#8863,
#8864),(#8865,#8866)),.UNSPECIFIED.,.F.,.F.,.F.,(3,1,3),(2,2),(0.,1.,2.),
(0.,0.0500000000000002),.UNSPECIFIED.);
#434=B_SPLINE_SURFACE_WITH_KNOTS('',2,1,((#8878,#8879),(#8880,#8881),(#8882,
#8883),(#8884,#8885)),.UNSPECIFIED.,.F.,.F.,.F.,(3,1,3),(2,2),(0.,1.,2.),
(0.,0.0500000000000002),.UNSPECIFIED.);
#435=B_SPLINE_SURFACE_WITH_KNOTS('',2,1,((#8894,#8895),(#8896,#8897),(#8898,
#8899),(#8900,#8901),(#8902,#8903)),.UNSPECIFIED.,.F.,.F.,.F.,(3,1,1,3),
(2,2),(-3.,-2.,-1.,0.),(0.,0.0500000000000002),.UNSPECIFIED.);
#436=B_SPLINE_SURFACE_WITH_KNOTS('',2,1,((#8920,#8921),(#8922,#8923),(#8924,
#8925),(#8926,#8927),(#8928,#8929)),.UNSPECIFIED.,.F.,.F.,.F.,(3,1,1,3),
(2,2),(-3.,-2.,-1.,0.),(0.,0.0500000000000002),.UNSPECIFIED.);
#437=B_SPLINE_SURFACE_WITH_KNOTS('',2,1,((#8943,#8944),(#8945,#8946),(#8947,
#8948),(#8949,#8950),(#8951,#8952)),.UNSPECIFIED.,.F.,.F.,.F.,(3,1,1,3),
(2,2),(-3.,-2.,-1.,0.),(0.,0.0500000000000002),.UNSPECIFIED.);
#438=B_SPLINE_SURFACE_WITH_KNOTS('',2,1,((#8966,#8967),(#8968,#8969),(#8970,
#8971),(#8972,#8973)),.UNSPECIFIED.,.F.,.F.,.F.,(3,1,3),(2,2),(-2.,-1.,
0.),(0.,0.0500000000000002),.UNSPECIFIED.);
#439=B_SPLINE_SURFACE_WITH_KNOTS('',2,1,((#8983,#8984),(#8985,#8986),(#8987,
#8988),(#8989,#8990)),.UNSPECIFIED.,.F.,.F.,.F.,(3,1,3),(2,2),(0.,1.,2.),
(0.,0.0500000000000002),.UNSPECIFIED.);
#440=B_SPLINE_SURFACE_WITH_KNOTS('',2,1,((#9005,#9006),(#9007,#9008),(#9009,
#9010),(#9011,#9012),(#9013,#9014)),.UNSPECIFIED.,.F.,.F.,.F.,(3,1,1,3),
(2,2),(0.,1.,2.,3.),(0.,0.0500000000000002),.UNSPECIFIED.);
#441=B_SPLINE_SURFACE_WITH_KNOTS('',2,1,((#9028,#9029),(#9030,#9031),(#9032,
#9033),(#9034,#9035)),.UNSPECIFIED.,.F.,.F.,.F.,(3,1,3),(2,2),(0.,1.,2.),
(0.,0.0500000000000002),.UNSPECIFIED.);
#442=B_SPLINE_SURFACE_WITH_KNOTS('',2,1,((#9047,#9048),(#9049,#9050),(#9051,
#9052),(#9053,#9054)),.UNSPECIFIED.,.F.,.F.,.F.,(3,1,3),(2,2),(0.,1.,2.),
(0.,0.0500000000000002),.UNSPECIFIED.);
#443=B_SPLINE_SURFACE_WITH_KNOTS('',2,1,((#9063,#9064),(#9065,#9066),(#9067,
#9068),(#9069,#9070),(#9071,#9072)),.UNSPECIFIED.,.F.,.F.,.F.,(3,1,1,3),
(2,2),(-3.,-2.,-1.,0.),(0.,0.0500000000000002),.UNSPECIFIED.);
#444=B_SPLINE_SURFACE_WITH_KNOTS('',2,1,((#9089,#9090),(#9091,#9092),(#9093,
#9094),(#9095,#9096),(#9097,#9098)),.UNSPECIFIED.,.F.,.F.,.F.,(3,1,1,3),
(2,2),(-3.,-2.,-1.,0.),(0.,0.0500000000000002),.UNSPECIFIED.);
#445=B_SPLINE_SURFACE_WITH_KNOTS('',2,1,((#9112,#9113),(#9114,#9115),(#9116,
#9117),(#9118,#9119),(#9120,#9121)),.UNSPECIFIED.,.F.,.F.,.F.,(3,1,1,3),
(2,2),(-3.,-2.,-1.,0.),(0.,0.0500000000000002),.UNSPECIFIED.);
#446=B_SPLINE_SURFACE_WITH_KNOTS('',2,1,((#9135,#9136),(#9137,#9138),(#9139,
#9140),(#9141,#9142)),.UNSPECIFIED.,.F.,.F.,.F.,(3,1,3),(2,2),(-2.,-1.,
0.),(0.,0.0500000000000002),.UNSPECIFIED.);
#447=B_SPLINE_SURFACE_WITH_KNOTS('',3,1,((#10211,#10212),(#10213,#10214),
(#10215,#10216),(#10217,#10218),(#10219,#10220),(#10221,#10222),(#10223,
#10224),(#10225,#10226),(#10227,#10228),(#10229,#10230),(#10231,#10232),
(#10233,#10234),(#10235,#10236),(#10237,#10238),(#10239,#10240),(#10241,
#10242)),.UNSPECIFIED.,.F.,.F.,.F.,(4,2,2,2,2,2,2,4),(2,2),(0.,0.223773151316605,
0.780353574048474,1.0116347354641,1.05284112908653,1.08578174817829,1.09589995104754,
1.10031003804994),(0.,8.),.UNSPECIFIED.);
#448=B_SPLINE_SURFACE_WITH_KNOTS('',3,1,((#10360,#10361),(#10362,#10363),
(#10364,#10365),(#10366,#10367),(#10368,#10369),(#10370,#10371),(#10372,
#10373),(#10374,#10375)),.UNSPECIFIED.,.F.,.F.,.F.,(4,2,2,4),(2,2),(0.00491042986394255,
0.126984645012598,0.395712244170712,0.638292545775219),(0.,8.),
 .UNSPECIFIED.);
#449=B_SPLINE_SURFACE_WITH_KNOTS('',3,1,((#10687,#10688),(#10689,#10690),
(#10691,#10692),(#10693,#10694),(#10695,#10696),(#10697,#10698),(#10699,
#10700),(#10701,#10702),(#10703,#10704),(#10705,#10706),(#10707,#10708),
(#10709,#10710),(#10711,#10712),(#10713,#10714),(#10715,#10716),(#10717,
#10718)),.UNSPECIFIED.,.F.,.F.,.F.,(4,2,2,2,2,2,2,4),(2,2),(0.,0.223773151303522,
0.7803535737405,1.01163473515654,1.05284112877905,1.08578174755585,1.0958999503462,
1.10031003729424),(0.,8.),.UNSPECIFIED.);
#450=B_SPLINE_SURFACE_WITH_KNOTS('',3,1,((#10836,#10837),(#10838,#10839),
(#10840,#10841),(#10842,#10843),(#10844,#10845),(#10846,#10847),(#10848,
#10849),(#10850,#10851)),.UNSPECIFIED.,.F.,.F.,.F.,(4,2,2,4),(2,2),(0.00491042986394185,
0.126984645012598,0.395712244099748,0.638292545627526),(0.,8.),
 .UNSPECIFIED.);
#451=B_SPLINE_SURFACE_WITH_KNOTS('',3,3,((#11102,#11103,#11104,#11105,#11106,
#11107,#11108,#11109,#11110,#11111,#11112,#11113,#11114,#11115,#11116,#11117,
#11118,#11119),(#11120,#11121,#11122,#11123,#11124,#11125,#11126,#11127,
#11128,#11129,#11130,#11131,#11132,#11133,#11134,#11135,#11136,#11137),
(#11138,#11139,#11140,#11141,#11142,#11143,#11144,#11145,#11146,#11147,
#11148,#11149,#11150,#11151,#11152,#11153,#11154,#11155),(#11156,#11157,
#11158,#11159,#11160,#11161,#11162,#11163,#11164,#11165,#11166,#11167,#11168,
#11169,#11170,#11171,#11172,#11173),(#11174,#11175,#11176,#11177,#11178,
#11179,#11180,#11181,#11182,#11183,#11184,#11185,#11186,#11187,#11188,#11189,
#11190,#11191),(#11192,#11193,#11194,#11195,#11196,#11197,#11198,#11199,
#11200,#11201,#11202,#11203,#11204,#11205,#11206,#11207,#11208,#11209)),
 .UNSPECIFIED.,.F.,.F.,.F.,(4,1,1,4),(4,1,1,1,1,1,1,1,1,1,1,1,1,1,1,4),
(0.,0.285714285714286,0.571428571428571,1.),(0.,0.0356374422890606,0.0712748845781211,
0.142549769156242,0.285099538312484,0.570199076624969,1.14039815324994,
1.71059722987491,2.85099538312484,3.42119445974981,3.7062939980623,3.84884376721854,
3.92011865179666,3.95575609408572,3.97357481523025,3.99139353637478),
 .UNSPECIFIED.);
#452=B_SPLINE_SURFACE_WITH_KNOTS('',3,3,((#11261,#11262,#11263,#11264),
(#11265,#11266,#11267,#11268),(#11269,#11270,#11271,#11272),(#11273,#11274,
#11275,#11276),(#11277,#11278,#11279,#11280),(#11281,#11282,#11283,#11284)),
 .UNSPECIFIED.,.F.,.F.,.F.,(4,1,1,4),(4,4),(0.,0.285714285714286,0.571428571428571,
1.),(0.,1.17315701374695),.UNSPECIFIED.);
#453=B_SPLINE_SURFACE_WITH_KNOTS('',3,3,((#11302,#11303,#11304,#11305),
(#11306,#11307,#11308,#11309),(#11310,#11311,#11312,#11313),(#11314,#11315,
#11316,#11317),(#11318,#11319,#11320,#11321),(#11322,#11323,#11324,#11325)),
 .UNSPECIFIED.,.F.,.F.,.F.,(4,1,1,4),(4,4),(0.,0.285714285714286,0.571428571428571,
1.),(0.,1.173157013747),.UNSPECIFIED.);
#454=B_SPLINE_SURFACE_WITH_KNOTS('',3,3,((#11342,#11343,#11344,#11345,#11346,
#11347,#11348,#11349,#11350,#11351,#11352,#11353,#11354,#11355,#11356,#11357,
#11358,#11359),(#11360,#11361,#11362,#11363,#11364,#11365,#11366,#11367,
#11368,#11369,#11370,#11371,#11372,#11373,#11374,#11375,#11376,#11377),
(#11378,#11379,#11380,#11381,#11382,#11383,#11384,#11385,#11386,#11387,
#11388,#11389,#11390,#11391,#11392,#11393,#11394,#11395),(#11396,#11397,
#11398,#11399,#11400,#11401,#11402,#11403,#11404,#11405,#11406,#11407,#11408,
#11409,#11410,#11411,#11412,#11413),(#11414,#11415,#11416,#11417,#11418,
#11419,#11420,#11421,#11422,#11423,#11424,#11425,#11426,#11427,#11428,#11429,
#11430,#11431),(#11432,#11433,#11434,#11435,#11436,#11437,#11438,#11439,
#11440,#11441,#11442,#11443,#11444,#11445,#11446,#11447,#11448,#11449)),
 .UNSPECIFIED.,.F.,.F.,.F.,(4,1,1,4),(4,1,1,1,1,1,1,1,1,1,1,1,1,1,1,4),
(0.,0.285714285714286,0.571428571428571,1.),(1.62004250785757E-15,0.0178187211312216,
0.0356374422624415,0.0712748845248814,0.142549769049761,0.285099538099521,
0.57019907619904,1.14039815239808,2.28079630479616,2.85099538099519,3.42119445719423,
3.70629399529375,3.84884376434351,3.92011864886839,3.95575609113083,3.99139353339327),
 .UNSPECIFIED.);
#455=B_SPLINE_SURFACE_WITH_KNOTS('',3,3,((#11508,#11509,#11510,#11511,#11512,
#11513,#11514),(#11515,#11516,#11517,#11518,#11519,#11520,#11521),(#11522,
#11523,#11524,#11525,#11526,#11527,#11528),(#11529,#11530,#11531,#11532,
#11533,#11534,#11535),(#11536,#11537,#11538,#11539,#11540,#11541,#11542),
(#11543,#11544,#11545,#11546,#11547,#11548,#11549)),.UNSPECIFIED.,.F.,.F.,
 .F.,(4,1,1,4),(4,1,1,1,4),(0.,0.285714285714286,0.571428571428571,1.),
(1.77635683940063E-15,0.0263416828413614,0.052683365682721,0.0790250485240806,
0.0921958899447604),.UNSPECIFIED.);
#456=B_SPLINE_SURFACE_WITH_KNOTS('',3,3,((#11573,#11574,#11575,#11576,#11577,
#11578,#11579,#11580),(#11581,#11582,#11583,#11584,#11585,#11586,#11587,
#11588),(#11589,#11590,#11591,#11592,#11593,#11594,#11595,#11596),(#11597,
#11598,#11599,#11600,#11601,#11602,#11603,#11604),(#11605,#11606,#11607,
#11608,#11609,#11610,#11611,#11612),(#11613,#11614,#11615,#11616,#11617,
#11618,#11619,#11620)),.UNSPECIFIED.,.F.,.F.,.F.,(4,1,1,4),(4,1,1,1,1,4),
(0.,0.285714285714286,0.571428571428571,1.),(6.24751640957145E-31,0.0131708465720377,
0.0263416931440755,0.0526833862881509,0.0790250794322264,0.0921959260042641),
 .UNSPECIFIED.);
#457=B_SPLINE_SURFACE_WITH_KNOTS('',3,3,((#11651,#11652,#11653,#11654,#11655,
#11656,#11657,#11658,#11659,#11660,#11661,#11662,#11663,#11664,#11665,#11666,
#11667,#11668),(#11669,#11670,#11671,#11672,#11673,#11674,#11675,#11676,
#11677,#11678,#11679,#11680,#11681,#11682,#11683,#11684,#11685,#11686),
(#11687,#11688,#11689,#11690,#11691,#11692,#11693,#11694,#11695,#11696,
#11697,#11698,#11699,#11700,#11701,#11702,#11703,#11704),(#11705,#11706,
#11707,#11708,#11709,#11710,#11711,#11712,#11713,#11714,#11715,#11716,#11717,
#11718,#11719,#11720,#11721,#11722),(#11723,#11724,#11725,#11726,#11727,
#11728,#11729,#11730,#11731,#11732,#11733,#11734,#11735,#11736,#11737,#11738,
#11739,#11740),(#11741,#11742,#11743,#11744,#11745,#11746,#11747,#11748,
#11749,#11750,#11751,#11752,#11753,#11754,#11755,#11756,#11757,#11758)),
 .UNSPECIFIED.,.F.,.F.,.F.,(4,1,1,4),(4,1,1,1,1,1,1,1,1,1,1,1,1,1,1,4),
(0.,0.285714285714286,0.571428571428571,1.),(0.,0.0356374422890606,0.0712748845781211,
0.142549769156242,0.285099538312484,0.570199076624969,1.14039815324994,
1.71059722987491,2.85099538312484,3.42119445974981,3.7062939980623,3.84884376721854,
3.92011865179666,3.95575609408572,3.97357481523025,3.99139353637478),
 .UNSPECIFIED.);
#458=B_SPLINE_SURFACE_WITH_KNOTS('',3,3,((#11810,#11811,#11812,#11813),
(#11814,#11815,#11816,#11817),(#11818,#11819,#11820,#11821),(#11822,#11823,
#11824,#11825),(#11826,#11827,#11828,#11829),(#11830,#11831,#11832,#11833)),
 .UNSPECIFIED.,.F.,.F.,.F.,(4,1,1,4),(4,4),(0.,0.285714285714286,0.571428571428571,
1.),(0.,1.17315701374695),.UNSPECIFIED.);
#459=B_SPLINE_SURFACE_WITH_KNOTS('',3,3,((#11851,#11852,#11853,#11854),
(#11855,#11856,#11857,#11858),(#11859,#11860,#11861,#11862),(#11863,#11864,
#11865,#11866),(#11867,#11868,#11869,#11870),(#11871,#11872,#11873,#11874)),
 .UNSPECIFIED.,.F.,.F.,.F.,(4,1,1,4),(4,4),(0.,0.285714285714286,0.571428571428571,
1.),(0.,1.17315701374698),.UNSPECIFIED.);
#460=B_SPLINE_SURFACE_WITH_KNOTS('',3,3,((#11891,#11892,#11893,#11894,#11895,
#11896,#11897,#11898,#11899,#11900,#11901,#11902,#11903,#11904,#11905,#11906,
#11907),(#11908,#11909,#11910,#11911,#11912,#11913,#11914,#11915,#11916,
#11917,#11918,#11919,#11920,#11921,#11922,#11923,#11924),(#11925,#11926,
#11927,#11928,#11929,#11930,#11931,#11932,#11933,#11934,#11935,#11936,#11937,
#11938,#11939,#11940,#11941),(#11942,#11943,#11944,#11945,#11946,#11947,
#11948,#11949,#11950,#11951,#11952,#11953,#11954,#11955,#11956,#11957,#11958),
(#11959,#11960,#11961,#11962,#11963,#11964,#11965,#11966,#11967,#11968,
#11969,#11970,#11971,#11972,#11973,#11974,#11975),(#11976,#11977,#11978,
#11979,#11980,#11981,#11982,#11983,#11984,#11985,#11986,#11987,#11988,#11989,
#11990,#11991,#11992)),.UNSPECIFIED.,.F.,.F.,.F.,(4,1,1,4),(4,1,1,1,1,1,
1,1,1,1,1,1,1,1,4),(0.,0.285714285714286,0.571428571428571,1.),(0.,0.01781872113122,
0.0356374422624399,0.0712748845248798,0.14254976904976,0.285099538099519,
0.570199076199039,1.14039815239808,2.28079630479615,3.42119445719423,3.70629399529375,
3.84884376434351,3.92011864886839,3.95575609113083,3.99139353339327),
 .UNSPECIFIED.);
#461=B_SPLINE_SURFACE_WITH_KNOTS('',3,3,((#12047,#12048,#12049,#12050,#12051,
#12052,#12053),(#12054,#12055,#12056,#12057,#12058,#12059,#12060),(#12061,
#12062,#12063,#12064,#12065,#12066,#12067),(#12068,#12069,#12070,#12071,
#12072,#12073,#12074),(#12075,#12076,#12077,#12078,#12079,#12080,#12081),
(#12082,#12083,#12084,#12085,#12086,#12087,#12088)),.UNSPECIFIED.,.F.,.F.,
 .F.,(4,1,1,4),(4,1,1,1,4),(0.,0.285714285714286,0.571428571428571,1.),
(1.78736071452235E-15,0.0263416828413627,0.0526833656827237,0.0790250485240846,
0.0921958899447651),.UNSPECIFIED.);
#462=B_SPLINE_SURFACE_WITH_KNOTS('',3,3,((#12106,#12107,#12108,#12109,#12110,
#12111,#12112,#12113),(#12114,#12115,#12116,#12117,#12118,#12119,#12120,
#12121),(#12122,#12123,#12124,#12125,#12126,#12127,#12128,#12129),(#12130,
#12131,#12132,#12133,#12134,#12135,#12136,#12137),(#12138,#12139,#12140,
#12141,#12142,#12143,#12144,#12145),(#12146,#12147,#12148,#12149,#12150,
#12151,#12152,#12153)),.UNSPECIFIED.,.F.,.F.,.F.,(4,1,1,4),(4,1,1,1,1,4),
(0.,0.285714285714286,0.571428571428571,1.),(0.,0.0131708414206801,0.0263416828413603,
0.0395125242620404,0.0658542071034007,0.092195889944761),.UNSPECIFIED.);
#463=B_SPLINE_SURFACE_WITH_KNOTS('',3,3,((#12190,#12191,#12192,#12193,#12194,
#12195,#12196,#12197,#12198),(#12199,#12200,#12201,#12202,#12203,#12204,
#12205,#12206,#12207),(#12208,#12209,#12210,#12211,#12212,#12213,#12214,
#12215,#12216),(#12217,#12218,#12219,#12220,#12221,#12222,#12223,#12224,
#12225),(#12226,#12227,#12228,#12229,#12230,#12231,#12232,#12233,#12234),
(#12235,#12236,#12237,#12238,#12239,#12240,#12241,#12242,#12243),(#12244,
#12245,#12246,#12247,#12248,#12249,#12250,#12251,#12252)),.UNSPECIFIED.,
 .F.,.F.,.F.,(4,1,1,1,4),(4,1,1,1,1,1,4),(0.,0.285714285714286,0.571428571428571,
0.857142857142857,1.),(0.,0.0357142857142857,0.0714285714285714,0.142857142857143,
0.285714285714286,0.571428571428571,1.),.UNSPECIFIED.);
#464=B_SPLINE_SURFACE_WITH_KNOTS('',3,3,((#12262,#12263,#12264,#12265,#12266,
#12267,#12268,#12269),(#12270,#12271,#12272,#12273,#12274,#12275,#12276,
#12277),(#12278,#12279,#12280,#12281,#12282,#12283,#12284,#12285),(#12286,
#12287,#12288,#12289,#12290,#12291,#12292,#12293),(#12294,#12295,#12296,
#12297,#12298,#12299,#12300,#12301),(#12302,#12303,#12304,#12305,#12306,
#12307,#12308,#12309),(#12310,#12311,#12312,#12313,#12314,#12315,#12316,
#12317)),.UNSPECIFIED.,.F.,.F.,.F.,(4,1,1,1,4),(4,1,1,1,1,4),(0.,0.285714285714286,
0.571428571428571,0.857142857142857,1.),(0.,0.571428571428571,0.857142857142857,
0.928571428571429,0.964285714285714,1.),.UNSPECIFIED.);
#465=B_SPLINE_SURFACE_WITH_KNOTS('',3,3,((#12326,#12327,#12328,#12329,#12330,
#12331,#12332,#12333,#12334),(#12335,#12336,#12337,#12338,#12339,#12340,
#12341,#12342,#12343),(#12344,#12345,#12346,#12347,#12348,#12349,#12350,
#12351,#12352),(#12353,#12354,#12355,#12356,#12357,#12358,#12359,#12360,
#12361),(#12362,#12363,#12364,#12365,#12366,#12367,#12368,#12369,#12370),
(#12371,#12372,#12373,#12374,#12375,#12376,#12377,#12378,#12379),(#12380,
#12381,#12382,#12383,#12384,#12385,#12386,#12387,#12388)),.UNSPECIFIED.,
 .F.,.F.,.F.,(4,1,1,1,4),(4,1,1,1,1,1,4),(0.,0.285714285714286,0.571428571428571,
0.857142857142857,1.),(0.,0.0357142857142857,0.0714285714285714,0.142857142857143,
0.285714285714286,0.571428571428571,1.),.UNSPECIFIED.);
#466=B_SPLINE_SURFACE_WITH_KNOTS('',3,3,((#12398,#12399,#12400,#12401,#12402,
#12403,#12404,#12405),(#12406,#12407,#12408,#12409,#12410,#12411,#12412,
#12413),(#12414,#12415,#12416,#12417,#12418,#12419,#12420,#12421),(#12422,
#12423,#12424,#12425,#12426,#12427,#12428,#12429),(#12430,#12431,#12432,
#12433,#12434,#12435,#12436,#12437),(#12438,#12439,#12440,#12441,#12442,
#12443,#12444,#12445),(#12446,#12447,#12448,#12449,#12450,#12451,#12452,
#12453)),.UNSPECIFIED.,.F.,.F.,.F.,(4,1,1,1,4),(4,1,1,1,1,4),(0.,0.285714285714286,
0.571428571428571,0.857142857142857,1.),(0.,0.571428571428571,0.857142857142857,
0.928571428571429,0.964285714285714,1.),.UNSPECIFIED.);
#467=B_SPLINE_SURFACE_WITH_KNOTS('',3,3,((#12465,#12466,#12467,#12468),
(#12469,#12470,#12471,#12472),(#12473,#12474,#12475,#12476),(#12477,#12478,
#12479,#12480)),.UNSPECIFIED.,.F.,.F.,.F.,(4,4),(4,4),(0.,1.),(0.00109418183649008,
0.950824882491781),.UNSPECIFIED.);
#468=B_SPLINE_SURFACE_WITH_KNOTS('',3,3,((#12485,#12486,#12487,#12488),
(#12489,#12490,#12491,#12492),(#12493,#12494,#12495,#12496),(#12497,#12498,
#12499,#12500),(#12501,#12502,#12503,#12504),(#12505,#12506,#12507,#12508),
(#12509,#12510,#12511,#12512),(#12513,#12514,#12515,#12516),(#12517,#12518,
#12519,#12520),(#12521,#12522,#12523,#12524)),.UNSPECIFIED.,.F.,.F.,.F.,
(4,1,1,1,1,1,1,4),(4,4),(-1.29414339487821E-12,0.0714285714273697,0.142857142856034,
0.285714285713361,0.571428571428017,0.857142857142672,0.928571428571336,
1.),(0.000906070867069507,0.950051450545622),.UNSPECIFIED.);
#469=B_SPLINE_SURFACE_WITH_KNOTS('',3,3,((#12529,#12530,#12531,#12532),
(#12533,#12534,#12535,#12536),(#12537,#12538,#12539,#12540),(#12541,#12542,
#12543,#12544)),.UNSPECIFIED.,.F.,.F.,.F.,(4,4),(4,4),(1.2845977050557E-16,
1.),(0.000906070867069499,0.949908945652643),.UNSPECIFIED.);
#470=B_SPLINE_SURFACE_WITH_KNOTS('',3,3,((#12548,#12549,#12550,#12551),
(#12552,#12553,#12554,#12555),(#12556,#12557,#12558,#12559),(#12560,#12561,
#12562,#12563)),.UNSPECIFIED.,.F.,.F.,.F.,(4,4),(4,4),(0.,1.),(0.000906070867069508,
0.949908945652643),.UNSPECIFIED.);
#471=B_SPLINE_SURFACE_WITH_KNOTS('',3,3,((#12568,#12569,#12570,#12571),
(#12572,#12573,#12574,#12575),(#12576,#12577,#12578,#12579),(#12580,#12581,
#12582,#12583),(#12584,#12585,#12586,#12587),(#12588,#12589,#12590,#12591),
(#12592,#12593,#12594,#12595),(#12596,#12597,#12598,#12599),(#12600,#12601,
#12602,#12603),(#12604,#12605,#12606,#12607),(#12608,#12609,#12610,#12611)),
 .UNSPECIFIED.,.F.,.F.,.F.,(4,1,1,1,1,1,1,1,4),(4,4),(0.,0.0714285714287835,
0.142857142857567,0.285714285715134,0.428571428572701,0.714285714287835,
0.857142857145402,0.928571428574185,1.00000000000297),(0.00090607086706946,
0.950050049627125),.UNSPECIFIED.);
#472=B_SPLINE_SURFACE_WITH_KNOTS('',3,3,((#12616,#12617,#12618,#12619),
(#12620,#12621,#12622,#12623),(#12624,#12625,#12626,#12627),(#12628,#12629,
#12630,#12631)),.UNSPECIFIED.,.F.,.F.,.F.,(4,4),(4,4),(0.,1.),(0.00109418183649006,
0.950824882491781),.UNSPECIFIED.);
#473=B_SPLINE_SURFACE_WITH_KNOTS('',3,3,((#12635,#12636,#12637,#12638,#12639,
#12640,#12641),(#12642,#12643,#12644,#12645,#12646,#12647,#12648),(#12649,
#12650,#12651,#12652,#12653,#12654,#12655),(#12656,#12657,#12658,#12659,
#12660,#12661,#12662)),.UNSPECIFIED.,.F.,.F.,.F.,(4,4),(4,1,1,1,4),(-0.0916069702092519,
10.2485895214722),(0.728226316628252,0.951818383797814,1.39900251813694,
1.84618665247606,2.29337078681519),.UNSPECIFIED.);
#474=B_SPLINE_SURFACE_WITH_KNOTS('',3,3,((#12666,#12667,#12668,#12669,#12670,
#12671,#12672),(#12673,#12674,#12675,#12676,#12677,#12678,#12679),(#12680,
#12681,#12682,#12683,#12684,#12685,#12686),(#12687,#12688,#12689,#12690,
#12691,#12692,#12693)),.UNSPECIFIED.,.F.,.F.,.F.,(4,4),(4,1,1,1,4),(-0.0915230855918476,
10.2485895214722),(0.848221866774641,1.29540600111375,1.5189980682833,1.9661822026224,
2.41336633696151),.UNSPECIFIED.);
#475=B_SPLINE_SURFACE_WITH_KNOTS('',3,3,((#12699,#12700,#12701,#12702,#12703,
#12704,#12705),(#12706,#12707,#12708,#12709,#12710,#12711,#12712),(#12713,
#12714,#12715,#12716,#12717,#12718,#12719),(#12720,#12721,#12722,#12723,
#12724,#12725,#12726)),.UNSPECIFIED.,.F.,.F.,.F.,(4,4),(4,1,1,1,4),(-0.0915230855918476,
10.2485895214722),(0.848221866774641,1.29540600111375,1.5189980682833,1.9661822026224,
2.41336633696151),.UNSPECIFIED.);
#476=B_SPLINE_SURFACE_WITH_KNOTS('',3,3,((#12729,#12730,#12731,#12732),
(#12733,#12734,#12735,#12736),(#12737,#12738,#12739,#12740),(#12741,#12742,
#12743,#12744)),.UNSPECIFIED.,.F.,.F.,.F.,(4,4),(4,4),(0.,1.),(0.00109418183649,
0.950824882491781),.UNSPECIFIED.);
#477=B_SPLINE_SURFACE_WITH_KNOTS('',3,3,((#12749,#12750,#12751,#12752),
(#12753,#12754,#12755,#12756),(#12757,#12758,#12759,#12760),(#12761,#12762,
#12763,#12764),(#12765,#12766,#12767,#12768),(#12769,#12770,#12771,#12772),
(#12773,#12774,#12775,#12776),(#12777,#12778,#12779,#12780),(#12781,#12782,
#12783,#12784),(#12785,#12786,#12787,#12788)),.UNSPECIFIED.,.F.,.F.,.F.,
(4,1,1,1,1,1,1,4),(4,4),(-1.30121933193672E-12,0.0714285714273631,0.142857142856028,
0.285714285713356,0.571428571428014,0.857142857142671,0.928571428571336,
1.),(0.000906070867069507,0.950051450545622),.UNSPECIFIED.);
#478=B_SPLINE_SURFACE_WITH_KNOTS('',3,3,((#12793,#12794,#12795,#12796),
(#12797,#12798,#12799,#12800),(#12801,#12802,#12803,#12804),(#12805,#12806,
#12807,#12808)),.UNSPECIFIED.,.F.,.F.,.F.,(4,4),(4,4),(-1.19457641684828E-15,
1.),(0.0009060708670695,0.949908945652643),.UNSPECIFIED.);
#479=B_SPLINE_SURFACE_WITH_KNOTS('',3,3,((#12812,#12813,#12814,#12815),
(#12816,#12817,#12818,#12819),(#12820,#12821,#12822,#12823),(#12824,#12825,
#12826,#12827)),.UNSPECIFIED.,.F.,.F.,.F.,(4,4),(4,4),(0.,1.),(0.000906070867069491,
0.949908945652643),.UNSPECIFIED.);
#480=B_SPLINE_SURFACE_WITH_KNOTS('',3,3,((#12832,#12833,#12834,#12835),
(#12836,#12837,#12838,#12839),(#12840,#12841,#12842,#12843),(#12844,#12845,
#12846,#12847),(#12848,#12849,#12850,#12851),(#12852,#12853,#12854,#12855),
(#12856,#12857,#12858,#12859),(#12860,#12861,#12862,#12863),(#12864,#12865,
#12866,#12867),(#12868,#12869,#12870,#12871),(#12872,#12873,#12874,#12875)),
 .UNSPECIFIED.,.F.,.F.,.F.,(4,1,1,1,1,1,1,1,4),(4,4),(0.,0.0714285714287834,
0.142857142857567,0.285714285715133,0.4285714285727,0.714285714287833,0.8571428571454,
0.928571428574184,1.00000000000297),(0.000906070867069509,0.950050049627125),
 .UNSPECIFIED.);
#481=B_SPLINE_SURFACE_WITH_KNOTS('',3,3,((#12880,#12881,#12882,#12883),
(#12884,#12885,#12886,#12887),(#12888,#12889,#12890,#12891),(#12892,#12893,
#12894,#12895)),.UNSPECIFIED.,.F.,.F.,.F.,(4,4),(4,4),(0.,1.),(0.00109418183649009,
0.950824882491781),.UNSPECIFIED.);
#482=B_SPLINE_SURFACE_WITH_KNOTS('',3,3,((#12899,#12900,#12901,#12902,#12903,
#12904,#12905),(#12906,#12907,#12908,#12909,#12910,#12911,#12912),(#12913,
#12914,#12915,#12916,#12917,#12918,#12919),(#12920,#12921,#12922,#12923,
#12924,#12925,#12926)),.UNSPECIFIED.,.F.,.F.,.F.,(4,4),(4,1,1,1,4),(-0.0916069702092518,
10.2485895214722),(0.728226316628252,1.17541045096737,1.39900251813692,
1.84618665247604,2.29337078681515),.UNSPECIFIED.);
#483=B_SPLINE_SURFACE_WITH_KNOTS('',3,3,((#12927,#12928,#12929,#12930,#12931,
#12932,#12933,#12934,#12935,#12936,#12937,#12938,#12939,#12940,#12941,#12942,
#12943,#12944,#12945,#12946),(#12947,#12948,#12949,#12950,#12951,#12952,
#12953,#12954,#12955,#12956,#12957,#12958,#12959,#12960,#12961,#12962,#12963,
#12964,#12965,#12966),(#12967,#12968,#12969,#12970,#12971,#12972,#12973,
#12974,#12975,#12976,#12977,#12978,#12979,#12980,#12981,#12982,#12983,#12984,
#12985,#12986),(#12987,#12988,#12989,#12990,#12991,#12992,#12993,#12994,
#12995,#12996,#12997,#12998,#12999,#13000,#13001,#13002,#13003,#13004,#13005,
#13006),(#13007,#13008,#13009,#13010,#13011,#13012,#13013,#13014,#13015,
#13016,#13017,#13018,#13019,#13020,#13021,#13022,#13023,#13024,#13025,#13026),
(#13027,#13028,#13029,#13030,#13031,#13032,#13033,#13034,#13035,#13036,
#13037,#13038,#13039,#13040,#13041,#13042,#13043,#13044,#13045,#13046)),
 .UNSPECIFIED.,.F.,.F.,.F.,(4,1,1,4),(4,1,1,1,1,1,1,1,1,1,1,1,1,1,1,1,1,
4),(0.,0.285714285714286,0.571428571428571,1.),(0.,0.0178187211445303,0.0356374422890606,
0.0712748845781211,0.142549769156242,0.285099538312484,0.570199076624969,
1.14039815324994,1.71059722987491,2.85099538312484,3.42119445974981,3.7062939980623,
3.84884376721854,3.92011865179666,3.95575609408572,3.97357481523025,3.98248417580252,
3.99139353637478),.UNSPECIFIED.);
#484=B_SPLINE_SURFACE_WITH_KNOTS('',3,3,((#13123,#13124,#13125,#13126),
(#13127,#13128,#13129,#13130),(#13131,#13132,#13133,#13134),(#13135,#13136,
#13137,#13138),(#13139,#13140,#13141,#13142),(#13143,#13144,#13145,#13146)),
 .UNSPECIFIED.,.F.,.F.,.F.,(4,1,1,4),(4,4),(0.,0.285714285714286,0.571428571428571,
1.),(0.,1.17315701374695),.UNSPECIFIED.);
#485=B_SPLINE_SURFACE_WITH_KNOTS('',3,3,((#13164,#13165,#13166,#13167),
(#13168,#13169,#13170,#13171),(#13172,#13173,#13174,#13175),(#13176,#13177,
#13178,#13179),(#13180,#13181,#13182,#13183),(#13184,#13185,#13186,#13187)),
 .UNSPECIFIED.,.F.,.F.,.F.,(4,1,1,4),(4,4),(0.,0.285714285714286,0.571428571428571,
1.),(0.,1.173157013747),.UNSPECIFIED.);
#486=B_SPLINE_SURFACE_WITH_KNOTS('',3,3,((#13199,#13200,#13201,#13202,#13203,
#13204,#13205,#13206,#13207,#13208,#13209,#13210,#13211,#13212,#13213,#13214,
#13215,#13216,#13217,#13218),(#13219,#13220,#13221,#13222,#13223,#13224,
#13225,#13226,#13227,#13228,#13229,#13230,#13231,#13232,#13233,#13234,#13235,
#13236,#13237,#13238),(#13239,#13240,#13241,#13242,#13243,#13244,#13245,
#13246,#13247,#13248,#13249,#13250,#13251,#13252,#13253,#13254,#13255,#13256,
#13257,#13258),(#13259,#13260,#13261,#13262,#13263,#13264,#13265,#13266,
#13267,#13268,#13269,#13270,#13271,#13272,#13273,#13274,#13275,#13276,#13277,
#13278),(#13279,#13280,#13281,#13282,#13283,#13284,#13285,#13286,#13287,
#13288,#13289,#13290,#13291,#13292,#13293,#13294,#13295,#13296,#13297,#13298),
(#13299,#13300,#13301,#13302,#13303,#13304,#13305,#13306,#13307,#13308,
#13309,#13310,#13311,#13312,#13313,#13314,#13315,#13316,#13317,#13318)),
 .UNSPECIFIED.,.F.,.F.,.F.,(4,1,1,4),(4,1,1,1,1,1,1,1,1,1,1,1,1,1,1,1,1,
4),(0.,0.285714285714286,0.571428571428571,1.),(1.62004250785757E-15,0.0089093605656116,
0.0178187211312216,0.0356374422624415,0.0712748845248814,0.142549769049761,
0.285099538099521,0.57019907619904,1.14039815239808,2.28079630479616,2.85099538099519,
3.42119445719423,3.70629399529375,3.84884376434351,3.92011864886839,3.95575609113083,
3.97357481226205,3.99139353339327),.UNSPECIFIED.);
#487=B_SPLINE_SURFACE_WITH_KNOTS('',3,3,((#13467,#13468,#13469,#13470,#13471,
#13472,#13473,#13474),(#13475,#13476,#13477,#13478,#13479,#13480,#13481,
#13482),(#13483,#13484,#13485,#13486,#13487,#13488,#13489,#13490),(#13491,
#13492,#13493,#13494,#13495,#13496,#13497,#13498),(#13499,#13500,#13501,
#13502,#13503,#13504,#13505,#13506),(#13507,#13508,#13509,#13510,#13511,
#13512,#13513,#13514)),.UNSPECIFIED.,.F.,.F.,.F.,(4,1,1,4),(4,1,1,1,1,4),
(0.,0.285714285714286,0.571428571428571,1.),(1.77635683940063E-15,0.0263416828413614,
0.052683365682721,0.0724396278137407,0.0790250485240806,0.0921958899447604),
 .UNSPECIFIED.);
#488=B_SPLINE_SURFACE_WITH_KNOTS('',3,3,((#13540,#13541,#13542,#13543,#13544,
#13545,#13546,#13547),(#13548,#13549,#13550,#13551,#13552,#13553,#13554,
#13555),(#13556,#13557,#13558,#13559,#13560,#13561,#13562,#13563),(#13564,
#13565,#13566,#13567,#13568,#13569,#13570,#13571),(#13572,#13573,#13574,
#13575,#13576,#13577,#13578,#13579),(#13580,#13581,#13582,#13583,#13584,
#13585,#13586,#13587)),.UNSPECIFIED.,.F.,.F.,.F.,(4,1,1,4),(4,1,1,1,1,4),
(0.,0.285714285714286,0.571428571428571,1.),(6.24751640957145E-31,0.0131708465720377,
0.0263416931440755,0.0526833862881509,0.0790250794322264,0.0921959260042641),
 .UNSPECIFIED.);
#489=B_SPLINE_SURFACE_WITH_KNOTS('',3,3,((#13678,#13679,#13680,#13681,#13682,
#13683,#13684,#13685,#13686,#13687,#13688,#13689,#13690,#13691,#13692,#13693,
#13694,#13695,#13696,#13697),(#13698,#13699,#13700,#13701,#13702,#13703,
#13704,#13705,#13706,#13707,#13708,#13709,#13710,#13711,#13712,#13713,#13714,
#13715,#13716,#13717),(#13718,#13719,#13720,#13721,#13722,#13723,#13724,
#13725,#13726,#13727,#13728,#13729,#13730,#13731,#13732,#13733,#13734,#13735,
#13736,#13737),(#13738,#13739,#13740,#13741,#13742,#13743,#13744,#13745,
#13746,#13747,#13748,#13749,#13750,#13751,#13752,#13753,#13754,#13755,#13756,
#13757),(#13758,#13759,#13760,#13761,#13762,#13763,#13764,#13765,#13766,
#13767,#13768,#13769,#13770,#13771,#13772,#13773,#13774,#13775,#13776,#13777),
(#13778,#13779,#13780,#13781,#13782,#13783,#13784,#13785,#13786,#13787,
#13788,#13789,#13790,#13791,#13792,#13793,#13794,#13795,#13796,#13797)),
 .UNSPECIFIED.,.F.,.F.,.F.,(4,1,1,4),(4,1,1,1,1,1,1,1,1,1,1,1,1,1,1,1,1,
4),(0.,0.285714285714286,0.571428571428571,1.),(0.,0.0178187211445303,0.0356374422890606,
0.0712748845781211,0.142549769156242,0.285099538312484,0.570199076624969,
1.14039815324994,1.71059722987491,2.85099538312484,3.42119445974981,3.7062939980623,
3.84884376721854,3.92011865179666,3.95575609408572,3.97357481523025,3.98248417580252,
3.99139353637478),.UNSPECIFIED.);
#490=B_SPLINE_SURFACE_WITH_KNOTS('',3,3,((#13874,#13875,#13876,#13877),
(#13878,#13879,#13880,#13881),(#13882,#13883,#13884,#13885),(#13886,#13887,
#13888,#13889),(#13890,#13891,#13892,#13893),(#13894,#13895,#13896,#13897)),
 .UNSPECIFIED.,.F.,.F.,.F.,(4,1,1,4),(4,4),(0.,0.285714285714286,0.571428571428571,
1.),(0.,1.17315701374695),.UNSPECIFIED.);
#491=B_SPLINE_SURFACE_WITH_KNOTS('',3,3,((#13915,#13916,#13917,#13918),
(#13919,#13920,#13921,#13922),(#13923,#13924,#13925,#13926),(#13927,#13928,
#13929,#13930),(#13931,#13932,#13933,#13934),(#13935,#13936,#13937,#13938)),
 .UNSPECIFIED.,.F.,.F.,.F.,(4,1,1,4),(4,4),(0.,0.285714285714286,0.571428571428571,
1.),(0.,1.17315701374698),.UNSPECIFIED.);
#492=B_SPLINE_SURFACE_WITH_KNOTS('',3,3,((#13950,#13951,#13952,#13953,#13954,
#13955,#13956,#13957,#13958,#13959,#13960,#13961,#13962,#13963,#13964,#13965,
#13966,#13967,#13968),(#13969,#13970,#13971,#13972,#13973,#13974,#13975,
#13976,#13977,#13978,#13979,#13980,#13981,#13982,#13983,#13984,#13985,#13986,
#13987),(#13988,#13989,#13990,#13991,#13992,#13993,#13994,#13995,#13996,
#13997,#13998,#13999,#14000,#14001,#14002,#14003,#14004,#14005,#14006),
(#14007,#14008,#14009,#14010,#14011,#14012,#14013,#14014,#14015,#14016,
#14017,#14018,#14019,#14020,#14021,#14022,#14023,#14024,#14025),(#14026,
#14027,#14028,#14029,#14030,#14031,#14032,#14033,#14034,#14035,#14036,#14037,
#14038,#14039,#14040,#14041,#14042,#14043,#14044),(#14045,#14046,#14047,
#14048,#14049,#14050,#14051,#14052,#14053,#14054,#14055,#14056,#14057,#14058,
#14059,#14060,#14061,#14062,#14063)),.UNSPECIFIED.,.F.,.F.,.F.,(4,1,1,4),
(4,1,1,1,1,1,1,1,1,1,1,1,1,1,1,1,4),(0.,0.285714285714286,0.571428571428571,
1.),(0.,0.00890936056560998,0.01781872113122,0.0356374422624399,0.0712748845248798,
0.14254976904976,0.285099538099519,0.570199076199039,1.14039815239808,2.28079630479615,
3.42119445719423,3.70629399529375,3.84884376434351,3.92011864886839,3.95575609113083,
3.97357481226205,3.99139353339327),.UNSPECIFIED.);
#493=B_SPLINE_SURFACE_WITH_KNOTS('',3,3,((#14208,#14209,#14210,#14211,#14212,
#14213,#14214,#14215),(#14216,#14217,#14218,#14219,#14220,#14221,#14222,
#14223),(#14224,#14225,#14226,#14227,#14228,#14229,#14230,#14231),(#14232,
#14233,#14234,#14235,#14236,#14237,#14238,#14239),(#14240,#14241,#14242,
#14243,#14244,#14245,#14246,#14247),(#14248,#14249,#14250,#14251,#14252,
#14253,#14254,#14255)),.UNSPECIFIED.,.F.,.F.,.F.,(4,1,1,4),(4,1,1,1,1,4),
(0.,0.285714285714286,0.571428571428571,1.),(1.78736071452235E-15,0.0263416828413627,
0.0526833656827237,0.0724396278137444,0.0790250485240846,0.0921958899447651),
 .UNSPECIFIED.);
#494=B_SPLINE_SURFACE_WITH_KNOTS('',3,3,((#14275,#14276,#14277,#14278,#14279,
#14280,#14281,#14282),(#14283,#14284,#14285,#14286,#14287,#14288,#14289,
#14290),(#14291,#14292,#14293,#14294,#14295,#14296,#14297,#14298),(#14299,
#14300,#14301,#14302,#14303,#14304,#14305,#14306),(#14307,#14308,#14309,
#14310,#14311,#14312,#14313,#14314),(#14315,#14316,#14317,#14318,#14319,
#14320,#14321,#14322)),.UNSPECIFIED.,.F.,.F.,.F.,(4,1,1,4),(4,1,1,1,1,4),
(0.,0.285714285714286,0.571428571428571,1.),(0.,0.0131708414206801,0.0263416828413603,
0.0395125242620404,0.0658542071034007,0.092195889944761),.UNSPECIFIED.);
#495=B_SPLINE_SURFACE_WITH_KNOTS('',3,3,((#14419,#14420,#14421,#14422,#14423),
(#14424,#14425,#14426,#14427,#14428),(#14429,#14430,#14431,#14432,#14433),
(#14434,#14435,#14436,#14437,#14438),(#14439,#14440,#14441,#14442,#14443),
(#14444,#14445,#14446,#14447,#14448),(#14449,#14450,#14451,#14452,#14453)),
 .UNSPECIFIED.,.F.,.F.,.F.,(4,1,1,1,4),(4,1,4),(0.,0.285714285714286,0.571428571428571,
0.857142857142857,1.),(0.,0.571428571428571,1.),.UNSPECIFIED.);
#496=B_SPLINE_SURFACE_WITH_KNOTS('',3,3,((#14459,#14460,#14461,#14462,#14463),
(#14464,#14465,#14466,#14467,#14468),(#14469,#14470,#14471,#14472,#14473),
(#14474,#14475,#14476,#14477,#14478),(#14479,#14480,#14481,#14482,#14483),
(#14484,#14485,#14486,#14487,#14488),(#14489,#14490,#14491,#14492,#14493)),
 .UNSPECIFIED.,.F.,.F.,.F.,(4,1,1,1,4),(4,1,4),(0.,0.285714285714286,0.571428571428571,
0.857142857142857,1.),(0.,0.571428571428571,1.),.UNSPECIFIED.);
#497=B_SPLINE_SURFACE_WITH_KNOTS('',3,3,((#14499,#14500,#14501,#14502,#14503),
(#14504,#14505,#14506,#14507,#14508),(#14509,#14510,#14511,#14512,#14513),
(#14514,#14515,#14516,#14517,#14518),(#14519,#14520,#14521,#14522,#14523),
(#14524,#14525,#14526,#14527,#14528),(#14529,#14530,#14531,#14532,#14533)),
 .UNSPECIFIED.,.F.,.F.,.F.,(4,1,1,1,4),(4,1,4),(0.,0.285714285714286,0.571428571428571,
0.857142857142857,1.),(0.,0.571428571428571,1.),.UNSPECIFIED.);
#498=B_SPLINE_SURFACE_WITH_KNOTS('',3,3,((#14539,#14540,#14541,#14542,#14543),
(#14544,#14545,#14546,#14547,#14548),(#14549,#14550,#14551,#14552,#14553),
(#14554,#14555,#14556,#14557,#14558),(#14559,#14560,#14561,#14562,#14563),
(#14564,#14565,#14566,#14567,#14568),(#14569,#14570,#14571,#14572,#14573)),
 .UNSPECIFIED.,.F.,.F.,.F.,(4,1,1,1,4),(4,1,4),(0.,0.285714285714286,0.571428571428571,
0.857142857142857,1.),(0.,0.571428571428571,1.),.UNSPECIFIED.);
#499=B_SPLINE_SURFACE_WITH_KNOTS('',3,3,((#14582,#14583,#14584,#14585),
(#14586,#14587,#14588,#14589),(#14590,#14591,#14592,#14593),(#14594,#14595,
#14596,#14597)),.UNSPECIFIED.,.F.,.F.,.F.,(4,4),(4,4),(0.,1.),(0.,0.950824882491781),
 .UNSPECIFIED.);
#500=B_SPLINE_SURFACE_WITH_KNOTS('',3,3,((#14599,#14600,#14601,#14602),
(#14603,#14604,#14605,#14606),(#14607,#14608,#14609,#14610),(#14611,#14612,
#14613,#14614)),.UNSPECIFIED.,.F.,.F.,.F.,(4,4),(4,4),(0.,1.),(0.,0.950051450545622),
 .UNSPECIFIED.);
#501=B_SPLINE_SURFACE_WITH_KNOTS('',3,3,((#14616,#14617,#14618,#14619),
(#14620,#14621,#14622,#14623),(#14624,#14625,#14626,#14627),(#14628,#14629,
#14630,#14631)),.UNSPECIFIED.,.F.,.F.,.F.,(4,4),(4,4),(0.,1.),(0.,0.949908945652643),
 .UNSPECIFIED.);
#502=B_SPLINE_SURFACE_WITH_KNOTS('',3,3,((#14635,#14636,#14637,#14638),
(#14639,#14640,#14641,#14642),(#14643,#14644,#14645,#14646),(#14647,#14648,
#14649,#14650)),.UNSPECIFIED.,.F.,.F.,.F.,(4,4),(4,4),(0.,1.),(0.,0.949908945652643),
 .UNSPECIFIED.);
#503=B_SPLINE_SURFACE_WITH_KNOTS('',3,3,((#14652,#14653,#14654,#14655),
(#14656,#14657,#14658,#14659),(#14660,#14661,#14662,#14663),(#14664,#14665,
#14666,#14667)),.UNSPECIFIED.,.F.,.F.,.F.,(4,4),(4,4),(0.,1.),(0.,0.950050049627125),
 .UNSPECIFIED.);
#504=B_SPLINE_SURFACE_WITH_KNOTS('',3,3,((#14669,#14670,#14671,#14672),
(#14673,#14674,#14675,#14676),(#14677,#14678,#14679,#14680),(#14681,#14682,
#14683,#14684)),.UNSPECIFIED.,.F.,.F.,.F.,(4,4),(4,4),(0.,1.),(0.,0.950824882491781),
 .UNSPECIFIED.);
#505=B_SPLINE_SURFACE_WITH_KNOTS('',3,3,((#14716,#14717,#14718,#14719),
(#14720,#14721,#14722,#14723),(#14724,#14725,#14726,#14727),(#14728,#14729,
#14730,#14731)),.UNSPECIFIED.,.F.,.F.,.F.,(4,4),(4,4),(0.,1.),(0.,0.950824882491781),
 .UNSPECIFIED.);
#506=B_SPLINE_SURFACE_WITH_KNOTS('',3,3,((#14733,#14734,#14735,#14736),
(#14737,#14738,#14739,#14740),(#14741,#14742,#14743,#14744),(#14745,#14746,
#14747,#14748)),.UNSPECIFIED.,.F.,.F.,.F.,(4,4),(4,4),(0.,1.),(0.,0.950051450545622),
 .UNSPECIFIED.);
#507=B_SPLINE_SURFACE_WITH_KNOTS('',3,3,((#14750,#14751,#14752,#14753),
(#14754,#14755,#14756,#14757),(#14758,#14759,#14760,#14761),(#14762,#14763,
#14764,#14765)),.UNSPECIFIED.,.F.,.F.,.F.,(4,4),(4,4),(0.,1.),(0.,0.949908945652643),
 .UNSPECIFIED.);
#508=B_SPLINE_SURFACE_WITH_KNOTS('',3,3,((#14769,#14770,#14771,#14772),
(#14773,#14774,#14775,#14776),(#14777,#14778,#14779,#14780),(#14781,#14782,
#14783,#14784)),.UNSPECIFIED.,.F.,.F.,.F.,(4,4),(4,4),(0.,1.),(0.,0.949908945652643),
 .UNSPECIFIED.);
#509=B_SPLINE_SURFACE_WITH_KNOTS('',3,3,((#14786,#14787,#14788,#14789),
(#14790,#14791,#14792,#14793),(#14794,#14795,#14796,#14797),(#14798,#14799,
#14800,#14801)),.UNSPECIFIED.,.F.,.F.,.F.,(4,4),(4,4),(0.,1.),(0.,0.950050049627125),
 .UNSPECIFIED.);
#510=B_SPLINE_SURFACE_WITH_KNOTS('',3,3,((#14803,#14804,#14805,#14806),
(#14807,#14808,#14809,#14810),(#14811,#14812,#14813,#14814),(#14815,#14816,
#14817,#14818)),.UNSPECIFIED.,.F.,.F.,.F.,(4,4),(4,4),(0.,1.),(0.,0.950824882491781),
 .UNSPECIFIED.);
#511=FACE_OUTER_BOUND('',#875,.T.);
#512=FACE_OUTER_BOUND('',#876,.T.);
#513=FACE_OUTER_BOUND('',#877,.T.);
#514=FACE_OUTER_BOUND('',#878,.T.);
#515=FACE_OUTER_BOUND('',#879,.T.);
#516=FACE_OUTER_BOUND('',#880,.T.);
#517=FACE_OUTER_BOUND('',#881,.T.);
#518=FACE_OUTER_BOUND('',#882,.T.);
#519=FACE_OUTER_BOUND('',#883,.T.);
#520=FACE_OUTER_BOUND('',#884,.T.);
#521=FACE_OUTER_BOUND('',#885,.T.);
#522=FACE_OUTER_BOUND('',#886,.T.);
#523=FACE_OUTER_BOUND('',#887,.T.);
#524=FACE_OUTER_BOUND('',#888,.T.);
#525=FACE_OUTER_BOUND('',#889,.T.);
#526=FACE_OUTER_BOUND('',#890,.T.);
#527=FACE_OUTER_BOUND('',#891,.T.);
#528=FACE_OUTER_BOUND('',#892,.T.);
#529=FACE_OUTER_BOUND('',#893,.T.);
#530=FACE_OUTER_BOUND('',#894,.T.);
#531=FACE_OUTER_BOUND('',#895,.T.);
#532=FACE_OUTER_BOUND('',#896,.T.);
#533=FACE_OUTER_BOUND('',#897,.T.);
#534=FACE_OUTER_BOUND('',#898,.T.);
#535=FACE_OUTER_BOUND('',#899,.T.);
#536=FACE_OUTER_BOUND('',#900,.T.);
#537=FACE_OUTER_BOUND('',#901,.T.);
#538=FACE_OUTER_BOUND('',#902,.T.);
#539=FACE_OUTER_BOUND('',#903,.T.);
#540=FACE_OUTER_BOUND('',#904,.T.);
#541=FACE_OUTER_BOUND('',#905,.T.);
#542=FACE_OUTER_BOUND('',#906,.T.);
#543=FACE_OUTER_BOUND('',#907,.T.);
#544=FACE_OUTER_BOUND('',#908,.T.);
#545=FACE_OUTER_BOUND('',#909,.T.);
#546=FACE_OUTER_BOUND('',#910,.T.);
#547=FACE_OUTER_BOUND('',#911,.T.);
#548=FACE_OUTER_BOUND('',#912,.T.);
#549=FACE_OUTER_BOUND('',#913,.T.);
#550=FACE_OUTER_BOUND('',#914,.T.);
#551=FACE_OUTER_BOUND('',#915,.T.);
#552=FACE_OUTER_BOUND('',#916,.T.);
#553=FACE_OUTER_BOUND('',#917,.T.);
#554=FACE_OUTER_BOUND('',#918,.T.);
#555=FACE_OUTER_BOUND('',#919,.T.);
#556=FACE_OUTER_BOUND('',#920,.T.);
#557=FACE_OUTER_BOUND('',#921,.T.);
#558=FACE_OUTER_BOUND('',#922,.T.);
#559=FACE_OUTER_BOUND('',#923,.T.);
#560=FACE_OUTER_BOUND('',#924,.T.);
#561=FACE_OUTER_BOUND('',#925,.T.);
#562=FACE_OUTER_BOUND('',#926,.T.);
#563=FACE_OUTER_BOUND('',#927,.T.);
#564=FACE_OUTER_BOUND('',#928,.T.);
#565=FACE_OUTER_BOUND('',#929,.T.);
#566=FACE_OUTER_BOUND('',#930,.T.);
#567=FACE_OUTER_BOUND('',#931,.T.);
#568=FACE_OUTER_BOUND('',#932,.T.);
#569=FACE_OUTER_BOUND('',#933,.T.);
#570=FACE_OUTER_BOUND('',#935,.T.);
#571=FACE_OUTER_BOUND('',#936,.T.);
#572=FACE_OUTER_BOUND('',#937,.T.);
#573=FACE_OUTER_BOUND('',#938,.T.);
#574=FACE_OUTER_BOUND('',#939,.T.);
#575=FACE_OUTER_BOUND('',#940,.T.);
#576=FACE_OUTER_BOUND('',#941,.T.);
#577=FACE_OUTER_BOUND('',#942,.T.);
#578=FACE_OUTER_BOUND('',#943,.T.);
#579=FACE_OUTER_BOUND('',#945,.T.);
#580=FACE_OUTER_BOUND('',#946,.T.);
#581=FACE_OUTER_BOUND('',#947,.T.);
#582=FACE_OUTER_BOUND('',#948,.T.);
#583=FACE_OUTER_BOUND('',#949,.T.);
#584=FACE_OUTER_BOUND('',#950,.T.);
#585=FACE_OUTER_BOUND('',#951,.T.);
#586=FACE_OUTER_BOUND('',#952,.T.);
#587=FACE_OUTER_BOUND('',#961,.T.);
#588=FACE_OUTER_BOUND('',#962,.T.);
#589=FACE_OUTER_BOUND('',#963,.T.);
#590=FACE_OUTER_BOUND('',#964,.T.);
#591=FACE_OUTER_BOUND('',#965,.T.);
#592=FACE_OUTER_BOUND('',#966,.T.);
#593=FACE_OUTER_BOUND('',#967,.T.);
#594=FACE_OUTER_BOUND('',#968,.T.);
#595=FACE_OUTER_BOUND('',#969,.T.);
#596=FACE_OUTER_BOUND('',#970,.T.);
#597=FACE_OUTER_BOUND('',#971,.T.);
#598=FACE_OUTER_BOUND('',#972,.T.);
#599=FACE_OUTER_BOUND('',#973,.T.);
#600=FACE_OUTER_BOUND('',#974,.T.);
#601=FACE_OUTER_BOUND('',#975,.T.);
#602=FACE_OUTER_BOUND('',#976,.T.);
#603=FACE_OUTER_BOUND('',#977,.T.);
#604=FACE_OUTER_BOUND('',#978,.T.);
#605=FACE_OUTER_BOUND('',#979,.T.);
#606=FACE_OUTER_BOUND('',#980,.T.);
#607=FACE_OUTER_BOUND('',#981,.T.);
#608=FACE_OUTER_BOUND('',#982,.T.);
#609=FACE_OUTER_BOUND('',#983,.T.);
#610=FACE_OUTER_BOUND('',#984,.T.);
#611=FACE_OUTER_BOUND('',#985,.T.);
#612=FACE_OUTER_BOUND('',#986,.T.);
#613=FACE_OUTER_BOUND('',#987,.T.);
#614=FACE_OUTER_BOUND('',#988,.T.);
#615=FACE_OUTER_BOUND('',#989,.T.);
#616=FACE_OUTER_BOUND('',#990,.T.);
#617=FACE_OUTER_BOUND('',#991,.T.);
#618=FACE_OUTER_BOUND('',#993,.T.);
#619=FACE_OUTER_BOUND('',#994,.T.);
#620=FACE_OUTER_BOUND('',#996,.T.);
#621=FACE_OUTER_BOUND('',#1001,.T.);
#622=FACE_OUTER_BOUND('',#1002,.T.);
#623=FACE_OUTER_BOUND('',#1003,.T.);
#624=FACE_OUTER_BOUND('',#1004,.T.);
#625=FACE_OUTER_BOUND('',#1006,.T.);
#626=FACE_OUTER_BOUND('',#1008,.T.);
#627=FACE_OUTER_BOUND('',#1009,.T.);
#628=FACE_OUTER_BOUND('',#1010,.T.);
#629=FACE_OUTER_BOUND('',#1011,.T.);
#630=FACE_OUTER_BOUND('',#1012,.T.);
#631=FACE_OUTER_BOUND('',#1013,.T.);
#632=FACE_OUTER_BOUND('',#1014,.T.);
#633=FACE_OUTER_BOUND('',#1015,.T.);
#634=FACE_OUTER_BOUND('',#1016,.T.);
#635=FACE_OUTER_BOUND('',#1017,.T.);
#636=FACE_OUTER_BOUND('',#1018,.T.);
#637=FACE_OUTER_BOUND('',#1023,.T.);
#638=FACE_OUTER_BOUND('',#1024,.T.);
#639=FACE_OUTER_BOUND('',#1025,.T.);
#640=FACE_OUTER_BOUND('',#1026,.T.);
#641=FACE_OUTER_BOUND('',#1027,.T.);
#642=FACE_OUTER_BOUND('',#1028,.T.);
#643=FACE_OUTER_BOUND('',#1029,.T.);
#644=FACE_OUTER_BOUND('',#1030,.T.);
#645=FACE_OUTER_BOUND('',#1031,.T.);
#646=FACE_OUTER_BOUND('',#1032,.T.);
#647=FACE_OUTER_BOUND('',#1033,.T.);
#648=FACE_OUTER_BOUND('',#1034,.T.);
#649=FACE_OUTER_BOUND('',#1035,.T.);
#650=FACE_OUTER_BOUND('',#1036,.T.);
#651=FACE_OUTER_BOUND('',#1037,.T.);
#652=FACE_OUTER_BOUND('',#1038,.T.);
#653=FACE_OUTER_BOUND('',#1039,.T.);
#654=FACE_OUTER_BOUND('',#1040,.T.);
#655=FACE_OUTER_BOUND('',#1041,.T.);
#656=FACE_OUTER_BOUND('',#1042,.T.);
#657=FACE_OUTER_BOUND('',#1043,.T.);
#658=FACE_OUTER_BOUND('',#1044,.T.);
#659=FACE_OUTER_BOUND('',#1045,.T.);
#660=FACE_OUTER_BOUND('',#1046,.T.);
#661=FACE_OUTER_BOUND('',#1047,.T.);
#662=FACE_OUTER_BOUND('',#1049,.T.);
#663=FACE_OUTER_BOUND('',#1050,.T.);
#664=FACE_OUTER_BOUND('',#1052,.T.);
#665=FACE_OUTER_BOUND('',#1053,.T.);
#666=FACE_OUTER_BOUND('',#1054,.T.);
#667=FACE_OUTER_BOUND('',#1055,.T.);
#668=FACE_OUTER_BOUND('',#1057,.T.);
#669=FACE_OUTER_BOUND('',#1059,.T.);
#670=FACE_OUTER_BOUND('',#1060,.T.);
#671=FACE_OUTER_BOUND('',#1061,.T.);
#672=FACE_OUTER_BOUND('',#1062,.T.);
#673=FACE_OUTER_BOUND('',#1063,.T.);
#674=FACE_OUTER_BOUND('',#1064,.T.);
#675=FACE_OUTER_BOUND('',#1065,.T.);
#676=FACE_OUTER_BOUND('',#1066,.T.);
#677=FACE_OUTER_BOUND('',#1067,.T.);
#678=FACE_OUTER_BOUND('',#1068,.T.);
#679=FACE_OUTER_BOUND('',#1069,.T.);
#680=FACE_OUTER_BOUND('',#1070,.T.);
#681=FACE_OUTER_BOUND('',#1071,.T.);
#682=FACE_OUTER_BOUND('',#1072,.T.);
#683=FACE_OUTER_BOUND('',#1073,.T.);
#684=FACE_OUTER_BOUND('',#1074,.T.);
#685=FACE_OUTER_BOUND('',#1075,.T.);
#686=FACE_OUTER_BOUND('',#1077,.T.);
#687=FACE_OUTER_BOUND('',#1078,.T.);
#688=FACE_OUTER_BOUND('',#1079,.T.);
#689=FACE_OUTER_BOUND('',#1080,.T.);
#690=FACE_OUTER_BOUND('',#1081,.T.);
#691=FACE_OUTER_BOUND('',#1082,.T.);
#692=FACE_OUTER_BOUND('',#1083,.T.);
#693=FACE_OUTER_BOUND('',#1084,.T.);
#694=FACE_OUTER_BOUND('',#1085,.T.);
#695=FACE_OUTER_BOUND('',#1086,.T.);
#696=FACE_OUTER_BOUND('',#1087,.T.);
#697=FACE_OUTER_BOUND('',#1088,.T.);
#698=FACE_OUTER_BOUND('',#1089,.T.);
#699=FACE_OUTER_BOUND('',#1090,.T.);
#700=FACE_OUTER_BOUND('',#1091,.T.);
#701=FACE_OUTER_BOUND('',#1092,.T.);
#702=FACE_OUTER_BOUND('',#1093,.T.);
#703=FACE_OUTER_BOUND('',#1094,.T.);
#704=FACE_OUTER_BOUND('',#1095,.T.);
#705=FACE_OUTER_BOUND('',#1096,.T.);
#706=FACE_OUTER_BOUND('',#1097,.T.);
#707=FACE_OUTER_BOUND('',#1098,.T.);
#708=FACE_OUTER_BOUND('',#1099,.T.);
#709=FACE_OUTER_BOUND('',#1100,.T.);
#710=FACE_OUTER_BOUND('',#1101,.T.);
#711=FACE_OUTER_BOUND('',#1102,.T.);
#712=FACE_OUTER_BOUND('',#1103,.T.);
#713=FACE_OUTER_BOUND('',#1104,.T.);
#714=FACE_OUTER_BOUND('',#1105,.T.);
#715=FACE_OUTER_BOUND('',#1106,.T.);
#716=FACE_OUTER_BOUND('',#1107,.T.);
#717=FACE_OUTER_BOUND('',#1108,.T.);
#718=FACE_OUTER_BOUND('',#1109,.T.);
#719=FACE_OUTER_BOUND('',#1110,.T.);
#720=FACE_OUTER_BOUND('',#1111,.T.);
#721=FACE_OUTER_BOUND('',#1112,.T.);
#722=FACE_OUTER_BOUND('',#1113,.T.);
#723=FACE_OUTER_BOUND('',#1114,.T.);
#724=FACE_OUTER_BOUND('',#1115,.T.);
#725=FACE_OUTER_BOUND('',#1116,.T.);
#726=FACE_OUTER_BOUND('',#1117,.T.);
#727=FACE_OUTER_BOUND('',#1118,.T.);
#728=FACE_OUTER_BOUND('',#1119,.T.);
#729=FACE_OUTER_BOUND('',#1120,.T.);
#730=FACE_OUTER_BOUND('',#1121,.T.);
#731=FACE_OUTER_BOUND('',#1122,.T.);
#732=FACE_OUTER_BOUND('',#1123,.T.);
#733=FACE_OUTER_BOUND('',#1124,.T.);
#734=FACE_OUTER_BOUND('',#1125,.T.);
#735=FACE_OUTER_BOUND('',#1126,.T.);
#736=FACE_OUTER_BOUND('',#1127,.T.);
#737=FACE_OUTER_BOUND('',#1128,.T.);
#738=FACE_OUTER_BOUND('',#1129,.T.);
#739=FACE_OUTER_BOUND('',#1130,.T.);
#740=FACE_OUTER_BOUND('',#1131,.T.);
#741=FACE_OUTER_BOUND('',#1132,.T.);
#742=FACE_OUTER_BOUND('',#1133,.T.);
#743=FACE_OUTER_BOUND('',#1134,.T.);
#744=FACE_OUTER_BOUND('',#1135,.T.);
#745=FACE_OUTER_BOUND('',#1136,.T.);
#746=FACE_OUTER_BOUND('',#1137,.T.);
#747=FACE_OUTER_BOUND('',#1138,.T.);
#748=FACE_OUTER_BOUND('',#1139,.T.);
#749=FACE_OUTER_BOUND('',#1140,.T.);
#750=FACE_OUTER_BOUND('',#1141,.T.);
#751=FACE_OUTER_BOUND('',#1142,.T.);
#752=FACE_OUTER_BOUND('',#1143,.T.);
#753=FACE_OUTER_BOUND('',#1144,.T.);
#754=FACE_OUTER_BOUND('',#1145,.T.);
#755=FACE_OUTER_BOUND('',#1146,.T.);
#756=FACE_OUTER_BOUND('',#1147,.T.);
#757=FACE_OUTER_BOUND('',#1148,.T.);
#758=FACE_OUTER_BOUND('',#1149,.T.);
#759=FACE_OUTER_BOUND('',#1150,.T.);
#760=FACE_OUTER_BOUND('',#1151,.T.);
#761=FACE_OUTER_BOUND('',#1152,.T.);
#762=FACE_OUTER_BOUND('',#1153,.T.);
#763=FACE_OUTER_BOUND('',#1154,.T.);
#764=FACE_OUTER_BOUND('',#1155,.T.);
#765=FACE_OUTER_BOUND('',#1156,.T.);
#766=FACE_OUTER_BOUND('',#1157,.T.);
#767=FACE_OUTER_BOUND('',#1158,.T.);
#768=FACE_OUTER_BOUND('',#1159,.T.);
#769=FACE_OUTER_BOUND('',#1160,.T.);
#770=FACE_OUTER_BOUND('',#1161,.T.);
#771=FACE_OUTER_BOUND('',#1162,.T.);
#772=FACE_OUTER_BOUND('',#1163,.T.);
#773=FACE_OUTER_BOUND('',#1164,.T.);
#774=FACE_OUTER_BOUND('',#1165,.T.);
#775=FACE_OUTER_BOUND('',#1166,.T.);
#776=FACE_OUTER_BOUND('',#1167,.T.);
#777=FACE_OUTER_BOUND('',#1169,.T.);
#778=FACE_OUTER_BOUND('',#1170,.T.);
#779=FACE_OUTER_BOUND('',#1171,.T.);
#780=FACE_OUTER_BOUND('',#1172,.T.);
#781=FACE_OUTER_BOUND('',#1173,.T.);
#782=FACE_OUTER_BOUND('',#1174,.T.);
#783=FACE_OUTER_BOUND('',#1175,.T.);
#784=FACE_OUTER_BOUND('',#1176,.T.);
#785=FACE_OUTER_BOUND('',#1177,.T.);
#786=FACE_OUTER_BOUND('',#1178,.T.);
#787=FACE_OUTER_BOUND('',#1179,.T.);
#788=FACE_OUTER_BOUND('',#1180,.T.);
#789=FACE_OUTER_BOUND('',#1181,.T.);
#790=FACE_OUTER_BOUND('',#1182,.T.);
#791=FACE_OUTER_BOUND('',#1183,.T.);
#792=FACE_OUTER_BOUND('',#1184,.T.);
#793=FACE_OUTER_BOUND('',#1185,.T.);
#794=FACE_OUTER_BOUND('',#1186,.T.);
#795=FACE_OUTER_BOUND('',#1187,.T.);
#796=FACE_OUTER_BOUND('',#1188,.T.);
#797=FACE_OUTER_BOUND('',#1189,.T.);
#798=FACE_OUTER_BOUND('',#1190,.T.);
#799=FACE_OUTER_BOUND('',#1191,.T.);
#800=FACE_OUTER_BOUND('',#1192,.T.);
#801=FACE_OUTER_BOUND('',#1193,.T.);
#802=FACE_OUTER_BOUND('',#1194,.T.);
#803=FACE_OUTER_BOUND('',#1195,.T.);
#804=FACE_OUTER_BOUND('',#1196,.T.);
#805=FACE_OUTER_BOUND('',#1197,.T.);
#806=FACE_OUTER_BOUND('',#1198,.T.);
#807=FACE_OUTER_BOUND('',#1199,.T.);
#808=FACE_OUTER_BOUND('',#1200,.T.);
#809=FACE_OUTER_BOUND('',#1201,.T.);
#810=FACE_OUTER_BOUND('',#1202,.T.);
#811=FACE_OUTER_BOUND('',#1203,.T.);
#812=FACE_OUTER_BOUND('',#1204,.T.);
#813=FACE_OUTER_BOUND('',#1205,.T.);
#814=FACE_OUTER_BOUND('',#1206,.T.);
#815=FACE_OUTER_BOUND('',#1207,.T.);
#816=FACE_OUTER_BOUND('',#1208,.T.);
#817=FACE_OUTER_BOUND('',#1209,.T.);
#818=FACE_OUTER_BOUND('',#1210,.T.);
#819=FACE_OUTER_BOUND('',#1211,.T.);
#820=FACE_OUTER_BOUND('',#1212,.T.);
#821=FACE_OUTER_BOUND('',#1213,.T.);
#822=FACE_OUTER_BOUND('',#1214,.T.);
#823=FACE_OUTER_BOUND('',#1215,.T.);
#824=FACE_OUTER_BOUND('',#1216,.T.);
#825=FACE_OUTER_BOUND('',#1217,.T.);
#826=FACE_OUTER_BOUND('',#1218,.T.);
#827=FACE_OUTER_BOUND('',#1219,.T.);
#828=FACE_OUTER_BOUND('',#1220,.T.);
#829=FACE_OUTER_BOUND('',#1221,.T.);
#830=FACE_OUTER_BOUND('',#1222,.T.);
#831=FACE_OUTER_BOUND('',#1223,.T.);
#832=FACE_OUTER_BOUND('',#1224,.T.);
#833=FACE_OUTER_BOUND('',#1225,.T.);
#834=FACE_OUTER_BOUND('',#1226,.T.);
#835=FACE_OUTER_BOUND('',#1227,.T.);
#836=FACE_OUTER_BOUND('',#1228,.T.);
#837=FACE_OUTER_BOUND('',#1229,.T.);
#838=FACE_OUTER_BOUND('',#1230,.T.);
#839=FACE_OUTER_BOUND('',#1231,.T.);
#840=FACE_OUTER_BOUND('',#1232,.T.);
#841=FACE_OUTER_BOUND('',#1233,.T.);
#842=FACE_OUTER_BOUND('',#1234,.T.);
#843=FACE_OUTER_BOUND('',#1235,.T.);
#844=FACE_OUTER_BOUND('',#1236,.T.);
#845=FACE_OUTER_BOUND('',#1237,.T.);
#846=FACE_OUTER_BOUND('',#1238,.T.);
#847=FACE_OUTER_BOUND('',#1239,.T.);
#848=FACE_OUTER_BOUND('',#1240,.T.);
#849=FACE_OUTER_BOUND('',#1241,.T.);
#850=FACE_OUTER_BOUND('',#1242,.T.);
#851=FACE_OUTER_BOUND('',#1243,.T.);
#852=FACE_OUTER_BOUND('',#1244,.T.);
#853=FACE_OUTER_BOUND('',#1245,.T.);
#854=FACE_OUTER_BOUND('',#1246,.T.);
#855=FACE_OUTER_BOUND('',#1247,.T.);
#856=FACE_OUTER_BOUND('',#1248,.T.);
#857=FACE_OUTER_BOUND('',#1249,.T.);
#858=FACE_OUTER_BOUND('',#1250,.T.);
#859=FACE_OUTER_BOUND('',#1251,.T.);
#860=FACE_OUTER_BOUND('',#1252,.T.);
#861=FACE_OUTER_BOUND('',#1253,.T.);
#862=FACE_OUTER_BOUND('',#1254,.T.);
#863=FACE_OUTER_BOUND('',#1255,.T.);
#864=FACE_OUTER_BOUND('',#1256,.T.);
#865=FACE_OUTER_BOUND('',#1257,.T.);
#866=FACE_OUTER_BOUND('',#1258,.T.);
#867=FACE_OUTER_BOUND('',#1259,.T.);
#868=FACE_OUTER_BOUND('',#1260,.T.);
#869=FACE_OUTER_BOUND('',#1261,.T.);
#870=FACE_OUTER_BOUND('',#1262,.T.);
#871=FACE_OUTER_BOUND('',#1263,.T.);
#872=FACE_OUTER_BOUND('',#1264,.T.);
#873=FACE_OUTER_BOUND('',#1265,.T.);
#874=FACE_OUTER_BOUND('',#1266,.T.);
#875=EDGE_LOOP('',(#4077,#4078,#4079,#4080));
#876=EDGE_LOOP('',(#4081,#4082,#4083,#4084));
#877=EDGE_LOOP('',(#4085,#4086,#4087,#4088));
#878=EDGE_LOOP('',(#4089,#4090,#4091,#4092));
#879=EDGE_LOOP('',(#4093,#4094,#4095,#4096));
#880=EDGE_LOOP('',(#4097,#4098,#4099,#4100));
#881=EDGE_LOOP('',(#4101,#4102,#4103,#4104));
#882=EDGE_LOOP('',(#4105,#4106,#4107,#4108));
#883=EDGE_LOOP('',(#4109,#4110,#4111,#4112,#4113,#4114,#4115,#4116));
#884=EDGE_LOOP('',(#4117,#4118,#4119,#4120));
#885=EDGE_LOOP('',(#4121,#4122,#4123,#4124));
#886=EDGE_LOOP('',(#4125,#4126,#4127,#4128));
#887=EDGE_LOOP('',(#4129,#4130,#4131,#4132));
#888=EDGE_LOOP('',(#4133,#4134,#4135,#4136));
#889=EDGE_LOOP('',(#4137,#4138,#4139,#4140));
#890=EDGE_LOOP('',(#4141,#4142,#4143,#4144));
#891=EDGE_LOOP('',(#4145,#4146,#4147,#4148));
#892=EDGE_LOOP('',(#4149,#4150,#4151,#4152));
#893=EDGE_LOOP('',(#4153,#4154,#4155,#4156));
#894=EDGE_LOOP('',(#4157,#4158,#4159,#4160));
#895=EDGE_LOOP('',(#4161,#4162,#4163,#4164));
#896=EDGE_LOOP('',(#4165,#4166,#4167,#4168,#4169,#4170,#4171,#4172,#4173,
#4174,#4175,#4176));
#897=EDGE_LOOP('',(#4177,#4178,#4179,#4180));
#898=EDGE_LOOP('',(#4181,#4182,#4183,#4184));
#899=EDGE_LOOP('',(#4185,#4186,#4187,#4188));
#900=EDGE_LOOP('',(#4189,#4190,#4191,#4192));
#901=EDGE_LOOP('',(#4193,#4194,#4195,#4196));
#902=EDGE_LOOP('',(#4197,#4198,#4199,#4200));
#903=EDGE_LOOP('',(#4201,#4202,#4203,#4204));
#904=EDGE_LOOP('',(#4205,#4206,#4207,#4208));
#905=EDGE_LOOP('',(#4209,#4210,#4211,#4212));
#906=EDGE_LOOP('',(#4213,#4214,#4215,#4216));
#907=EDGE_LOOP('',(#4217,#4218,#4219,#4220,#4221,#4222,#4223,#4224,#4225,
#4226));
#908=EDGE_LOOP('',(#4227,#4228,#4229,#4230));
#909=EDGE_LOOP('',(#4231,#4232,#4233,#4234));
#910=EDGE_LOOP('',(#4235,#4236,#4237,#4238));
#911=EDGE_LOOP('',(#4239,#4240,#4241,#4242));
#912=EDGE_LOOP('',(#4243,#4244,#4245,#4246));
#913=EDGE_LOOP('',(#4247,#4248,#4249,#4250));
#914=EDGE_LOOP('',(#4251,#4252,#4253,#4254));
#915=EDGE_LOOP('',(#4255,#4256,#4257,#4258));
#916=EDGE_LOOP('',(#4259,#4260,#4261,#4262));
#917=EDGE_LOOP('',(#4263,#4264,#4265,#4266));
#918=EDGE_LOOP('',(#4267,#4268,#4269,#4270));
#919=EDGE_LOOP('',(#4271,#4272,#4273,#4274));
#920=EDGE_LOOP('',(#4275,#4276,#4277,#4278));
#921=EDGE_LOOP('',(#4279,#4280,#4281,#4282));
#922=EDGE_LOOP('',(#4283,#4284,#4285,#4286));
#923=EDGE_LOOP('',(#4287,#4288,#4289,#4290));
#924=EDGE_LOOP('',(#4291,#4292,#4293,#4294,#4295,#4296,#4297,#4298,#4299,
#4300,#4301,#4302,#4303,#4304,#4305,#4306));
#925=EDGE_LOOP('',(#4307,#4308,#4309,#4310));
#926=EDGE_LOOP('',(#4311,#4312,#4313,#4314));
#927=EDGE_LOOP('',(#4315,#4316,#4317,#4318));
#928=EDGE_LOOP('',(#4319,#4320,#4321,#4322));
#929=EDGE_LOOP('',(#4323,#4324,#4325,#4326));
#930=EDGE_LOOP('',(#4327,#4328,#4329,#4330));
#931=EDGE_LOOP('',(#4331,#4332,#4333,#4334));
#932=EDGE_LOOP('',(#4335,#4336,#4337,#4338));
#933=EDGE_LOOP('',(#4339,#4340,#4341,#4342));
#934=EDGE_LOOP('',(#4343,#4344,#4345,#4346));
#935=EDGE_LOOP('',(#4347,#4348,#4349,#4350));
#936=EDGE_LOOP('',(#4351,#4352,#4353,#4354));
#937=EDGE_LOOP('',(#4355,#4356,#4357,#4358));
#938=EDGE_LOOP('',(#4359,#4360,#4361,#4362));
#939=EDGE_LOOP('',(#4363,#4364,#4365,#4366));
#940=EDGE_LOOP('',(#4367,#4368,#4369,#4370));
#941=EDGE_LOOP('',(#4371,#4372,#4373,#4374));
#942=EDGE_LOOP('',(#4375,#4376,#4377,#4378));
#943=EDGE_LOOP('',(#4379,#4380,#4381,#4382));
#944=EDGE_LOOP('',(#4383,#4384,#4385,#4386));
#945=EDGE_LOOP('',(#4387,#4388,#4389,#4390));
#946=EDGE_LOOP('',(#4391,#4392,#4393,#4394));
#947=EDGE_LOOP('',(#4395,#4396,#4397,#4398));
#948=EDGE_LOOP('',(#4399,#4400,#4401,#4402));
#949=EDGE_LOOP('',(#4403,#4404,#4405,#4406));
#950=EDGE_LOOP('',(#4407,#4408,#4409,#4410));
#951=EDGE_LOOP('',(#4411,#4412,#4413,#4414,#4415,#4416));
#952=EDGE_LOOP('',(#4417,#4418,#4419,#4420,#4421,#4422));
#953=EDGE_LOOP('',(#4423,#4424,#4425,#4426,#4427,#4428,#4429,#4430));
#954=EDGE_LOOP('',(#4431,#4432,#4433,#4434,#4435,#4436,#4437,#4438,#4439,
#4440,#4441,#4442));
#955=EDGE_LOOP('',(#4443,#4444,#4445,#4446,#4447,#4448,#4449,#4450,#4451,
#4452));
#956=EDGE_LOOP('',(#4453,#4454,#4455,#4456,#4457,#4458,#4459,#4460,#4461,
#4462,#4463,#4464,#4465,#4466,#4467,#4468));
#957=EDGE_LOOP('',(#4469,#4470,#4471,#4472));
#958=EDGE_LOOP('',(#4473,#4474,#4475,#4476));
#959=EDGE_LOOP('',(#4477,#4478,#4479,#4480,#4481,#4482));
#960=EDGE_LOOP('',(#4483,#4484,#4485,#4486,#4487,#4488));
#961=EDGE_LOOP('',(#4489,#4490,#4491,#4492));
#962=EDGE_LOOP('',(#4493,#4494,#4495,#4496));
#963=EDGE_LOOP('',(#4497,#4498,#4499,#4500));
#964=EDGE_LOOP('',(#4501,#4502,#4503,#4504));
#965=EDGE_LOOP('',(#4505,#4506,#4507,#4508));
#966=EDGE_LOOP('',(#4509,#4510,#4511,#4512));
#967=EDGE_LOOP('',(#4513,#4514,#4515,#4516));
#968=EDGE_LOOP('',(#4517,#4518,#4519,#4520));
#969=EDGE_LOOP('',(#4521,#4522,#4523,#4524));
#970=EDGE_LOOP('',(#4525,#4526,#4527,#4528));
#971=EDGE_LOOP('',(#4529,#4530,#4531,#4532));
#972=EDGE_LOOP('',(#4533,#4534,#4535,#4536));
#973=EDGE_LOOP('',(#4537,#4538,#4539,#4540));
#974=EDGE_LOOP('',(#4541,#4542,#4543,#4544));
#975=EDGE_LOOP('',(#4545,#4546,#4547,#4548));
#976=EDGE_LOOP('',(#4549,#4550,#4551,#4552));
#977=EDGE_LOOP('',(#4553,#4554,#4555,#4556));
#978=EDGE_LOOP('',(#4557,#4558,#4559,#4560));
#979=EDGE_LOOP('',(#4561,#4562,#4563,#4564));
#980=EDGE_LOOP('',(#4565,#4566,#4567,#4568));
#981=EDGE_LOOP('',(#4569,#4570,#4571,#4572));
#982=EDGE_LOOP('',(#4573,#4574,#4575,#4576));
#983=EDGE_LOOP('',(#4577,#4578,#4579,#4580));
#984=EDGE_LOOP('',(#4581,#4582,#4583,#4584));
#985=EDGE_LOOP('',(#4585,#4586,#4587,#4588));
#986=EDGE_LOOP('',(#4589,#4590,#4591,#4592));
#987=EDGE_LOOP('',(#4593,#4594,#4595,#4596));
#988=EDGE_LOOP('',(#4597,#4598,#4599,#4600));
#989=EDGE_LOOP('',(#4601,#4602,#4603,#4604));
#990=EDGE_LOOP('',(#4605,#4606,#4607,#4608));
#991=EDGE_LOOP('',(#4609,#4610,#4611,#4612,#4613));
#992=EDGE_LOOP('',(#4614,#4615,#4616,#4617,#4618));
#993=EDGE_LOOP('',(#4619,#4620,#4621,#4622,#4623,#4624,#4625,#4626,#4627,
#4628,#4629,#4630,#4631,#4632,#4633,#4634));
#994=EDGE_LOOP('',(#4635,#4636,#4637,#4638));
#995=EDGE_LOOP('',(#4639,#4640,#4641,#4642));
#996=EDGE_LOOP('',(#4643,#4644,#4645,#4646,#4647,#4648));
#997=EDGE_LOOP('',(#4649,#4650,#4651,#4652));
#998=EDGE_LOOP('',(#4653,#4654,#4655,#4656,#4657));
#999=EDGE_LOOP('',(#4658,#4659,#4660,#4661));
#1000=EDGE_LOOP('',(#4662,#4663,#4664,#4665,#4666));
#1001=EDGE_LOOP('',(#4667,#4668,#4669,#4670));
#1002=EDGE_LOOP('',(#4671,#4672,#4673,#4674));
#1003=EDGE_LOOP('',(#4675,#4676,#4677,#4678));
#1004=EDGE_LOOP('',(#4679,#4680,#4681,#4682,#4683));
#1005=EDGE_LOOP('',(#4684,#4685,#4686,#4687,#4688));
#1006=EDGE_LOOP('',(#4689,#4690,#4691,#4692));
#1007=EDGE_LOOP('',(#4693,#4694,#4695,#4696));
#1008=EDGE_LOOP('',(#4697,#4698,#4699,#4700));
#1009=EDGE_LOOP('',(#4701,#4702,#4703,#4704));
#1010=EDGE_LOOP('',(#4705,#4706,#4707,#4708));
#1011=EDGE_LOOP('',(#4709,#4710,#4711,#4712,#4713,#4714,#4715,#4716,#4717,
#4718,#4719,#4720,#4721,#4722,#4723,#4724));
#1012=EDGE_LOOP('',(#4725,#4726,#4727,#4728));
#1013=EDGE_LOOP('',(#4729,#4730,#4731,#4732));
#1014=EDGE_LOOP('',(#4733,#4734,#4735,#4736,#4737,#4738,#4739,#4740,#4741,
#4742,#4743,#4744,#4745,#4746,#4747,#4748));
#1015=EDGE_LOOP('',(#4749,#4750,#4751,#4752));
#1016=EDGE_LOOP('',(#4753,#4754,#4755,#4756));
#1017=EDGE_LOOP('',(#4757,#4758,#4759,#4760));
#1018=EDGE_LOOP('',(#4761,#4762,#4763,#4764,#4765,#4766));
#1019=EDGE_LOOP('',(#4767,#4768,#4769,#4770,#4771));
#1020=EDGE_LOOP('',(#4772,#4773,#4774,#4775));
#1021=EDGE_LOOP('',(#4776,#4777,#4778,#4779,#4780));
#1022=EDGE_LOOP('',(#4781,#4782,#4783,#4784));
#1023=EDGE_LOOP('',(#4785,#4786,#4787,#4788));
#1024=EDGE_LOOP('',(#4789,#4790,#4791,#4792));
#1025=EDGE_LOOP('',(#4793,#4794,#4795,#4796));
#1026=EDGE_LOOP('',(#4797,#4798,#4799,#4800));
#1027=EDGE_LOOP('',(#4801,#4802,#4803,#4804));
#1028=EDGE_LOOP('',(#4805,#4806,#4807,#4808));
#1029=EDGE_LOOP('',(#4809,#4810,#4811,#4812));
#1030=EDGE_LOOP('',(#4813,#4814,#4815,#4816));
#1031=EDGE_LOOP('',(#4817,#4818,#4819,#4820));
#1032=EDGE_LOOP('',(#4821,#4822,#4823,#4824));
#1033=EDGE_LOOP('',(#4825,#4826,#4827,#4828));
#1034=EDGE_LOOP('',(#4829,#4830,#4831,#4832));
#1035=EDGE_LOOP('',(#4833,#4834,#4835,#4836));
#1036=EDGE_LOOP('',(#4837,#4838,#4839,#4840));
#1037=EDGE_LOOP('',(#4841,#4842,#4843,#4844));
#1038=EDGE_LOOP('',(#4845,#4846,#4847,#4848));
#1039=EDGE_LOOP('',(#4849,#4850,#4851,#4852));
#1040=EDGE_LOOP('',(#4853,#4854,#4855,#4856));
#1041=EDGE_LOOP('',(#4857,#4858,#4859,#4860));
#1042=EDGE_LOOP('',(#4861,#4862,#4863,#4864));
#1043=EDGE_LOOP('',(#4865,#4866,#4867,#4868));
#1044=EDGE_LOOP('',(#4869,#4870,#4871,#4872));
#1045=EDGE_LOOP('',(#4873,#4874,#4875,#4876));
#1046=EDGE_LOOP('',(#4877,#4878,#4879,#4880));
#1047=EDGE_LOOP('',(#4881,#4882,#4883,#4884,#4885));
#1048=EDGE_LOOP('',(#4886,#4887,#4888,#4889,#4890));
#1049=EDGE_LOOP('',(#4891,#4892,#4893,#4894,#4895,#4896,#4897,#4898,#4899,
#4900,#4901,#4902,#4903,#4904,#4905,#4906));
#1050=EDGE_LOOP('',(#4907,#4908,#4909,#4910));
#1051=EDGE_LOOP('',(#4911,#4912,#4913,#4914));
#1052=EDGE_LOOP('',(#4915,#4916,#4917,#4918));
#1053=EDGE_LOOP('',(#4919,#4920,#4921,#4922));
#1054=EDGE_LOOP('',(#4923,#4924,#4925,#4926));
#1055=EDGE_LOOP('',(#4927,#4928,#4929,#4930,#4931));
#1056=EDGE_LOOP('',(#4932,#4933,#4934,#4935,#4936));
#1057=EDGE_LOOP('',(#4937,#4938,#4939,#4940));
#1058=EDGE_LOOP('',(#4941,#4942,#4943,#4944));
#1059=EDGE_LOOP('',(#4945,#4946,#4947,#4948));
#1060=EDGE_LOOP('',(#4949,#4950,#4951,#4952));
#1061=EDGE_LOOP('',(#4953,#4954,#4955,#4956));
#1062=EDGE_LOOP('',(#4957,#4958,#4959,#4960,#4961,#4962,#4963,#4964,#4965,
#4966,#4967,#4968,#4969));
#1063=EDGE_LOOP('',(#4970,#4971,#4972,#4973));
#1064=EDGE_LOOP('',(#4974,#4975,#4976,#4977));
#1065=EDGE_LOOP('',(#4978,#4979,#4980,#4981));
#1066=EDGE_LOOP('',(#4982,#4983,#4984,#4985,#4986,#4987,#4988,#4989,#4990,
#4991));
#1067=EDGE_LOOP('',(#4992,#4993,#4994,#4995));
#1068=EDGE_LOOP('',(#4996,#4997,#4998,#4999));
#1069=EDGE_LOOP('',(#5000,#5001,#5002,#5003));
#1070=EDGE_LOOP('',(#5004,#5005,#5006,#5007));
#1071=EDGE_LOOP('',(#5008,#5009,#5010,#5011,#5012,#5013,#5014,#5015));
#1072=EDGE_LOOP('',(#5016,#5017,#5018,#5019));
#1073=EDGE_LOOP('',(#5020,#5021,#5022,#5023,#5024,#5025,#5026,#5027));
#1074=EDGE_LOOP('',(#5028,#5029,#5030,#5031));
#1075=EDGE_LOOP('',(#5032,#5033,#5034,#5035,#5036,#5037));
#1076=EDGE_LOOP('',(#5038,#5039,#5040,#5041,#5042,#5043));
#1077=EDGE_LOOP('',(#5044,#5045,#5046,#5047,#5048,#5049,#5050,#5051));
#1078=EDGE_LOOP('',(#5052,#5053,#5054,#5055));
#1079=EDGE_LOOP('',(#5056,#5057,#5058,#5059));
#1080=EDGE_LOOP('',(#5060,#5061,#5062,#5063));
#1081=EDGE_LOOP('',(#5064,#5065,#5066,#5067));
#1082=EDGE_LOOP('',(#5068,#5069,#5070,#5071));
#1083=EDGE_LOOP('',(#5072,#5073,#5074,#5075));
#1084=EDGE_LOOP('',(#5076,#5077,#5078,#5079));
#1085=EDGE_LOOP('',(#5080,#5081,#5082,#5083));
#1086=EDGE_LOOP('',(#5084,#5085,#5086,#5087));
#1087=EDGE_LOOP('',(#5088,#5089,#5090,#5091));
#1088=EDGE_LOOP('',(#5092,#5093,#5094,#5095));
#1089=EDGE_LOOP('',(#5096,#5097,#5098,#5099));
#1090=EDGE_LOOP('',(#5100,#5101,#5102,#5103));
#1091=EDGE_LOOP('',(#5104,#5105,#5106,#5107));
#1092=EDGE_LOOP('',(#5108,#5109,#5110,#5111));
#1093=EDGE_LOOP('',(#5112,#5113,#5114,#5115,#5116,#5117,#5118,#5119,#5120,
#5121));
#1094=EDGE_LOOP('',(#5122,#5123,#5124,#5125,#5126,#5127,#5128,#5129,#5130,
#5131));
#1095=EDGE_LOOP('',(#5132,#5133,#5134,#5135));
#1096=EDGE_LOOP('',(#5136,#5137,#5138,#5139,#5140,#5141,#5142,#5143,#5144,
#5145));
#1097=EDGE_LOOP('',(#5146,#5147,#5148,#5149));
#1098=EDGE_LOOP('',(#5150,#5151,#5152,#5153));
#1099=EDGE_LOOP('',(#5154,#5155,#5156,#5157));
#1100=EDGE_LOOP('',(#5158,#5159,#5160,#5161));
#1101=EDGE_LOOP('',(#5162,#5163,#5164,#5165));
#1102=EDGE_LOOP('',(#5166,#5167,#5168,#5169));
#1103=EDGE_LOOP('',(#5170,#5171,#5172,#5173));
#1104=EDGE_LOOP('',(#5174,#5175,#5176,#5177,#5178,#5179,#5180,#5181));
#1105=EDGE_LOOP('',(#5182,#5183,#5184,#5185));
#1106=EDGE_LOOP('',(#5186,#5187,#5188,#5189));
#1107=EDGE_LOOP('',(#5190,#5191,#5192,#5193));
#1108=EDGE_LOOP('',(#5194,#5195,#5196,#5197));
#1109=EDGE_LOOP('',(#5198,#5199,#5200,#5201));
#1110=EDGE_LOOP('',(#5202,#5203,#5204,#5205));
#1111=EDGE_LOOP('',(#5206,#5207,#5208,#5209));
#1112=EDGE_LOOP('',(#5210,#5211,#5212,#5213));
#1113=EDGE_LOOP('',(#5214,#5215,#5216,#5217));
#1114=EDGE_LOOP('',(#5218,#5219,#5220,#5221,#5222,#5223,#5224,#5225));
#1115=EDGE_LOOP('',(#5226,#5227,#5228,#5229));
#1116=EDGE_LOOP('',(#5230,#5231,#5232,#5233));
#1117=EDGE_LOOP('',(#5234,#5235,#5236,#5237));
#1118=EDGE_LOOP('',(#5238,#5239,#5240,#5241));
#1119=EDGE_LOOP('',(#5242,#5243,#5244,#5245));
#1120=EDGE_LOOP('',(#5246,#5247,#5248,#5249,#5250,#5251,#5252,#5253));
#1121=EDGE_LOOP('',(#5254,#5255,#5256,#5257));
#1122=EDGE_LOOP('',(#5258,#5259,#5260,#5261,#5262,#5263,#5264,#5265,#5266,
#5267));
#1123=EDGE_LOOP('',(#5268,#5269,#5270,#5271,#5272,#5273,#5274,#5275,#5276,
#5277));
#1124=EDGE_LOOP('',(#5278,#5279,#5280,#5281));
#1125=EDGE_LOOP('',(#5282,#5283,#5284,#5285));
#1126=EDGE_LOOP('',(#5286,#5287,#5288,#5289));
#1127=EDGE_LOOP('',(#5290,#5291,#5292,#5293));
#1128=EDGE_LOOP('',(#5294,#5295,#5296,#5297));
#1129=EDGE_LOOP('',(#5298,#5299,#5300,#5301));
#1130=EDGE_LOOP('',(#5302,#5303,#5304,#5305));
#1131=EDGE_LOOP('',(#5306,#5307,#5308,#5309));
#1132=EDGE_LOOP('',(#5310,#5311,#5312,#5313));
#1133=EDGE_LOOP('',(#5314,#5315,#5316,#5317));
#1134=EDGE_LOOP('',(#5318,#5319,#5320,#5321));
#1135=EDGE_LOOP('',(#5322,#5323,#5324,#5325));
#1136=EDGE_LOOP('',(#5326,#5327,#5328,#5329));
#1137=EDGE_LOOP('',(#5330,#5331,#5332,#5333));
#1138=EDGE_LOOP('',(#5334,#5335,#5336,#5337));
#1139=EDGE_LOOP('',(#5338,#5339,#5340,#5341));
#1140=EDGE_LOOP('',(#5342,#5343,#5344,#5345));
#1141=EDGE_LOOP('',(#5346,#5347,#5348,#5349));
#1142=EDGE_LOOP('',(#5350,#5351,#5352,#5353));
#1143=EDGE_LOOP('',(#5354,#5355,#5356,#5357));
#1144=EDGE_LOOP('',(#5358,#5359,#5360,#5361));
#1145=EDGE_LOOP('',(#5362,#5363,#5364,#5365));
#1146=EDGE_LOOP('',(#5366,#5367,#5368,#5369));
#1147=EDGE_LOOP('',(#5370,#5371,#5372,#5373));
#1148=EDGE_LOOP('',(#5374,#5375,#5376,#5377));
#1149=EDGE_LOOP('',(#5378,#5379,#5380,#5381,#5382,#5383,#5384,#5385,#5386,
#5387,#5388,#5389,#5390));
#1150=EDGE_LOOP('',(#5391,#5392,#5393,#5394));
#1151=EDGE_LOOP('',(#5395,#5396,#5397,#5398));
#1152=EDGE_LOOP('',(#5399,#5400,#5401,#5402));
#1153=EDGE_LOOP('',(#5403,#5404,#5405,#5406,#5407,#5408));
#1154=EDGE_LOOP('',(#5409,#5410,#5411,#5412));
#1155=EDGE_LOOP('',(#5413,#5414,#5415,#5416));
#1156=EDGE_LOOP('',(#5417,#5418,#5419,#5420));
#1157=EDGE_LOOP('',(#5421,#5422,#5423,#5424,#5425,#5426,#5427,#5428,#5429,
#5430,#5431,#5432,#5433));
#1158=EDGE_LOOP('',(#5434,#5435,#5436,#5437));
#1159=EDGE_LOOP('',(#5438,#5439,#5440,#5441,#5442,#5443,#5444,#5445,#5446,
#5447,#5448,#5449,#5450));
#1160=EDGE_LOOP('',(#5451,#5452,#5453,#5454));
#1161=EDGE_LOOP('',(#5455,#5456,#5457,#5458));
#1162=EDGE_LOOP('',(#5459,#5460,#5461,#5462));
#1163=EDGE_LOOP('',(#5463,#5464,#5465,#5466,#5467,#5468));
#1164=EDGE_LOOP('',(#5469,#5470,#5471,#5472));
#1165=EDGE_LOOP('',(#5473,#5474,#5475,#5476));
#1166=EDGE_LOOP('',(#5477,#5478,#5479,#5480));
#1167=EDGE_LOOP('',(#5481,#5482,#5483,#5484,#5485,#5486,#5487,#5488,#5489,
#5490,#5491,#5492,#5493,#5494,#5495,#5496,#5497,#5498,#5499,#5500,#5501,
#5502,#5503,#5504));
#1168=EDGE_LOOP('',(#5505,#5506,#5507,#5508,#5509,#5510,#5511,#5512,#5513,
#5514,#5515,#5516,#5517,#5518,#5519,#5520,#5521,#5522,#5523,#5524,#5525,
#5526,#5527,#5528));
#1169=EDGE_LOOP('',(#5529,#5530,#5531,#5532));
#1170=EDGE_LOOP('',(#5533,#5534,#5535,#5536));
#1171=EDGE_LOOP('',(#5537,#5538,#5539,#5540));
#1172=EDGE_LOOP('',(#5541,#5542,#5543,#5544));
#1173=EDGE_LOOP('',(#5545,#5546,#5547,#5548));
#1174=EDGE_LOOP('',(#5549,#5550,#5551,#5552));
#1175=EDGE_LOOP('',(#5553,#5554,#5555,#5556));
#1176=EDGE_LOOP('',(#5557,#5558,#5559,#5560));
#1177=EDGE_LOOP('',(#5561,#5562,#5563,#5564));
#1178=EDGE_LOOP('',(#5565,#5566,#5567,#5568));
#1179=EDGE_LOOP('',(#5569,#5570,#5571,#5572));
#1180=EDGE_LOOP('',(#5573,#5574,#5575,#5576));
#1181=EDGE_LOOP('',(#5577,#5578,#5579,#5580));
#1182=EDGE_LOOP('',(#5581,#5582,#5583,#5584));
#1183=EDGE_LOOP('',(#5585,#5586,#5587,#5588));
#1184=EDGE_LOOP('',(#5589,#5590,#5591,#5592));
#1185=EDGE_LOOP('',(#5593,#5594,#5595,#5596));
#1186=EDGE_LOOP('',(#5597,#5598,#5599,#5600));
#1187=EDGE_LOOP('',(#5601,#5602,#5603,#5604));
#1188=EDGE_LOOP('',(#5605,#5606,#5607,#5608));
#1189=EDGE_LOOP('',(#5609,#5610,#5611));
#1190=EDGE_LOOP('',(#5612,#5613,#5614));
#1191=EDGE_LOOP('',(#5615,#5616,#5617));
#1192=EDGE_LOOP('',(#5618,#5619,#5620));
#1193=EDGE_LOOP('',(#5621,#5622,#5623,#5624));
#1194=EDGE_LOOP('',(#5625,#5626,#5627,#5628));
#1195=EDGE_LOOP('',(#5629,#5630,#5631,#5632));
#1196=EDGE_LOOP('',(#5633,#5634,#5635,#5636));
#1197=EDGE_LOOP('',(#5637,#5638,#5639,#5640));
#1198=EDGE_LOOP('',(#5641,#5642,#5643,#5644));
#1199=EDGE_LOOP('',(#5645,#5646,#5647,#5648));
#1200=EDGE_LOOP('',(#5649,#5650,#5651,#5652));
#1201=EDGE_LOOP('',(#5653,#5654,#5655,#5656));
#1202=EDGE_LOOP('',(#5657,#5658,#5659,#5660));
#1203=EDGE_LOOP('',(#5661,#5662,#5663,#5664));
#1204=EDGE_LOOP('',(#5665,#5666,#5667,#5668));
#1205=EDGE_LOOP('',(#5669,#5670,#5671,#5672,#5673,#5674,#5675,#5676,#5677,
#5678,#5679,#5680,#5681,#5682,#5683,#5684,#5685,#5686,#5687,#5688));
#1206=EDGE_LOOP('',(#5689,#5690,#5691,#5692));
#1207=EDGE_LOOP('',(#5693,#5694,#5695,#5696));
#1208=EDGE_LOOP('',(#5697,#5698,#5699,#5700));
#1209=EDGE_LOOP('',(#5701,#5702,#5703,#5704));
#1210=EDGE_LOOP('',(#5705,#5706,#5707,#5708));
#1211=EDGE_LOOP('',(#5709,#5710,#5711,#5712));
#1212=EDGE_LOOP('',(#5713,#5714,#5715,#5716));
#1213=EDGE_LOOP('',(#5717,#5718,#5719,#5720));
#1214=EDGE_LOOP('',(#5721,#5722,#5723,#5724));
#1215=EDGE_LOOP('',(#5725,#5726,#5727,#5728));
#1216=EDGE_LOOP('',(#5729,#5730,#5731,#5732));
#1217=EDGE_LOOP('',(#5733,#5734,#5735,#5736));
#1218=EDGE_LOOP('',(#5737,#5738,#5739,#5740));
#1219=EDGE_LOOP('',(#5741,#5742,#5743,#5744));
#1220=EDGE_LOOP('',(#5745,#5746,#5747,#5748));
#1221=EDGE_LOOP('',(#5749,#5750,#5751,#5752));
#1222=EDGE_LOOP('',(#5753,#5754,#5755,#5756));
#1223=EDGE_LOOP('',(#5757,#5758,#5759,#5760));
#1224=EDGE_LOOP('',(#5761,#5762,#5763,#5764));
#1225=EDGE_LOOP('',(#5765,#5766,#5767,#5768));
#1226=EDGE_LOOP('',(#5769,#5770,#5771,#5772));
#1227=EDGE_LOOP('',(#5773,#5774,#5775,#5776));
#1228=EDGE_LOOP('',(#5777,#5778,#5779,#5780));
#1229=EDGE_LOOP('',(#5781,#5782,#5783,#5784));
#1230=EDGE_LOOP('',(#5785,#5786,#5787,#5788));
#1231=EDGE_LOOP('',(#5789,#5790,#5791,#5792));
#1232=EDGE_LOOP('',(#5793,#5794,#5795,#5796));
#1233=EDGE_LOOP('',(#5797,#5798,#5799,#5800));
#1234=EDGE_LOOP('',(#5801,#5802,#5803,#5804));
#1235=EDGE_LOOP('',(#5805,#5806,#5807,#5808));
#1236=EDGE_LOOP('',(#5809,#5810,#5811,#5812));
#1237=EDGE_LOOP('',(#5813,#5814,#5815,#5816));
#1238=EDGE_LOOP('',(#5817,#5818,#5819));
#1239=EDGE_LOOP('',(#5820,#5821,#5822));
#1240=EDGE_LOOP('',(#5823,#5824,#5825));
#1241=EDGE_LOOP('',(#5826,#5827,#5828));
#1242=EDGE_LOOP('',(#5829,#5830,#5831,#5832));
#1243=EDGE_LOOP('',(#5833,#5834,#5835,#5836));
#1244=EDGE_LOOP('',(#5837,#5838,#5839,#5840));
#1245=EDGE_LOOP('',(#5841,#5842,#5843,#5844));
#1246=EDGE_LOOP('',(#5845,#5846,#5847,#5848));
#1247=EDGE_LOOP('',(#5849,#5850,#5851,#5852));
#1248=EDGE_LOOP('',(#5853,#5854,#5855,#5856));
#1249=EDGE_LOOP('',(#5857,#5858,#5859,#5860));
#1250=EDGE_LOOP('',(#5861,#5862,#5863,#5864));
#1251=EDGE_LOOP('',(#5865,#5866,#5867,#5868));
#1252=EDGE_LOOP('',(#5869,#5870,#5871,#5872,#5873,#5874,#5875,#5876));
#1253=EDGE_LOOP('',(#5877,#5878,#5879,#5880));
#1254=EDGE_LOOP('',(#5881,#5882,#5883,#5884,#5885,#5886,#5887,#5888,#5889,
#5890,#5891,#5892,#5893,#5894,#5895,#5896,#5897,#5898,#5899,#5900));
#1255=EDGE_LOOP('',(#5901,#5902,#5903,#5904,#5905,#5906,#5907,#5908));
#1256=EDGE_LOOP('',(#5909,#5910,#5911,#5912));
#1257=EDGE_LOOP('',(#5913,#5914,#5915,#5916));
#1258=EDGE_LOOP('',(#5917,#5918,#5919,#5920));
#1259=EDGE_LOOP('',(#5921,#5922,#5923,#5924));
#1260=EDGE_LOOP('',(#5925,#5926,#5927,#5928));
#1261=EDGE_LOOP('',(#5929,#5930,#5931,#5932));
#1262=EDGE_LOOP('',(#5933,#5934,#5935,#5936));
#1263=EDGE_LOOP('',(#5937,#5938,#5939,#5940));
#1264=EDGE_LOOP('',(#5941,#5942,#5943,#5944));
#1265=EDGE_LOOP('',(#5945,#5946,#5947,#5948));
#1266=EDGE_LOOP('',(#5949,#5950,#5951,#5952));
#1267=LINE('',#8335,#1909);
#1268=LINE('',#8337,#1910);
#1269=LINE('',#8339,#1911);
#1270=LINE('',#8340,#1912);
#1271=LINE('',#8343,#1913);
#1272=LINE('',#8345,#1914);
#1273=LINE('',#8346,#1915);
#1274=LINE('',#8349,#1916);
#1275=LINE('',#8351,#1917);
#1276=LINE('',#8352,#1918);
#1277=LINE('',#8355,#1919);
#1278=LINE('',#8357,#1920);
#1279=LINE('',#8358,#1921);
#1280=LINE('',#8361,#1922);
#1281=LINE('',#8363,#1923);
#1282=LINE('',#8364,#1924);
#1283=LINE('',#8367,#1925);
#1284=LINE('',#8369,#1926);
#1285=LINE('',#8370,#1927);
#1286=LINE('',#8373,#1928);
#1287=LINE('',#8375,#1929);
#1288=LINE('',#8376,#1930);
#1289=LINE('',#8378,#1931);
#1290=LINE('',#8379,#1932);
#1291=LINE('',#8384,#1933);
#1292=LINE('',#8386,#1934);
#1293=LINE('',#8388,#1935);
#1294=LINE('',#8389,#1936);
#1295=LINE('',#8392,#1937);
#1296=LINE('',#8394,#1938);
#1297=LINE('',#8395,#1939);
#1298=LINE('',#8398,#1940);
#1299=LINE('',#8400,#1941);
#1300=LINE('',#8401,#1942);
#1301=LINE('',#8404,#1943);
#1302=LINE('',#8406,#1944);
#1303=LINE('',#8407,#1945);
#1304=LINE('',#8410,#1946);
#1305=LINE('',#8412,#1947);
#1306=LINE('',#8413,#1948);
#1307=LINE('',#8416,#1949);
#1308=LINE('',#8418,#1950);
#1309=LINE('',#8419,#1951);
#1310=LINE('',#8422,#1952);
#1311=LINE('',#8424,#1953);
#1312=LINE('',#8425,#1954);
#1313=LINE('',#8428,#1955);
#1314=LINE('',#8430,#1956);
#1315=LINE('',#8431,#1957);
#1316=LINE('',#8434,#1958);
#1317=LINE('',#8436,#1959);
#1318=LINE('',#8437,#1960);
#1319=LINE('',#8440,#1961);
#1320=LINE('',#8442,#1962);
#1321=LINE('',#8443,#1963);
#1322=LINE('',#8446,#1964);
#1323=LINE('',#8448,#1965);
#1324=LINE('',#8449,#1966);
#1325=LINE('',#8451,#1967);
#1326=LINE('',#8452,#1968);
#1327=LINE('',#8457,#1969);
#1328=LINE('',#8459,#1970);
#1329=LINE('',#8461,#1971);
#1330=LINE('',#8462,#1972);
#1331=LINE('',#8465,#1973);
#1332=LINE('',#8467,#1974);
#1333=LINE('',#8468,#1975);
#1334=LINE('',#8471,#1976);
#1335=LINE('',#8473,#1977);
#1336=LINE('',#8474,#1978);
#1337=LINE('',#8477,#1979);
#1338=LINE('',#8479,#1980);
#1339=LINE('',#8480,#1981);
#1340=LINE('',#8483,#1982);
#1341=LINE('',#8485,#1983);
#1342=LINE('',#8486,#1984);
#1343=LINE('',#8489,#1985);
#1344=LINE('',#8491,#1986);
#1345=LINE('',#8492,#1987);
#1346=LINE('',#8495,#1988);
#1347=LINE('',#8497,#1989);
#1348=LINE('',#8498,#1990);
#1349=LINE('',#8501,#1991);
#1350=LINE('',#8503,#1992);
#1351=LINE('',#8504,#1993);
#1352=LINE('',#8507,#1994);
#1353=LINE('',#8509,#1995);
#1354=LINE('',#8510,#1996);
#1355=LINE('',#8512,#1997);
#1356=LINE('',#8513,#1998);
#1357=LINE('',#8533,#1999);
#1358=LINE('',#8540,#2000);
#1359=LINE('',#8563,#2001);
#1360=LINE('',#8582,#2002);
#1361=LINE('',#8601,#2003);
#1362=LINE('',#8620,#2004);
#1363=LINE('',#8643,#2005);
#1364=LINE('',#8666,#2006);
#1365=LINE('',#8669,#2007);
#1366=LINE('',#8671,#2008);
#1367=LINE('',#8672,#2009);
#1368=LINE('',#8691,#2010);
#1369=LINE('',#8710,#2011);
#1370=LINE('',#8725,#2012);
#1371=LINE('',#8744,#2013);
#1372=LINE('',#8763,#2014);
#1373=LINE('',#8786,#2015);
#1374=LINE('',#8809,#2016);
#1375=LINE('',#8811,#2017);
#1376=LINE('',#8812,#2018);
#1377=LINE('',#8829,#2019);
#1378=LINE('',#8835,#2020);
#1379=LINE('',#8853,#2021);
#1380=LINE('',#8873,#2022);
#1381=LINE('',#8912,#2023);
#1382=LINE('',#8919,#2024);
#1383=LINE('',#8942,#2025);
#1384=LINE('',#8965,#2026);
#1385=LINE('',#8998,#2027);
#1386=LINE('',#9004,#2028);
#1387=LINE('',#9022,#2029);
#1388=LINE('',#9042,#2030);
#1389=LINE('',#9081,#2031);
#1390=LINE('',#9088,#2032);
#1391=LINE('',#9111,#2033);
#1392=LINE('',#9134,#2034);
#1393=LINE('',#9155,#2035);
#1394=LINE('',#9157,#2036);
#1395=LINE('',#9159,#2037);
#1396=LINE('',#9160,#2038);
#1397=LINE('',#9163,#2039);
#1398=LINE('',#9165,#2040);
#1399=LINE('',#9166,#2041);
#1400=LINE('',#9169,#2042);
#1401=LINE('',#9171,#2043);
#1402=LINE('',#9172,#2044);
#1403=LINE('',#9175,#2045);
#1404=LINE('',#9177,#2046);
#1405=LINE('',#9178,#2047);
#1406=LINE('',#9181,#2048);
#1407=LINE('',#9183,#2049);
#1408=LINE('',#9184,#2050);
#1409=LINE('',#9186,#2051);
#1410=LINE('',#9187,#2052);
#1411=LINE('',#9192,#2053);
#1412=LINE('',#9194,#2054);
#1413=LINE('',#9198,#2055);
#1414=LINE('',#9201,#2056);
#1415=LINE('',#9204,#2057);
#1416=LINE('',#9206,#2058);
#1417=LINE('',#9208,#2059);
#1418=LINE('',#9212,#2060);
#1419=LINE('',#9220,#2061);
#1420=LINE('',#9223,#2062);
#1421=LINE('',#9226,#2063);
#1422=LINE('',#9228,#2064);
#1423=LINE('',#9229,#2065);
#1424=LINE('',#9235,#2066);
#1425=LINE('',#9241,#2067);
#1426=LINE('',#9244,#2068);
#1427=LINE('',#9246,#2069);
#1428=LINE('',#9247,#2070);
#1429=LINE('',#9251,#2071);
#1430=LINE('',#9253,#2072);
#1431=LINE('',#9255,#2073);
#1432=LINE('',#9256,#2074);
#1433=LINE('',#9259,#2075);
#1434=LINE('',#9261,#2076);
#1435=LINE('',#9262,#2077);
#1436=LINE('',#9265,#2078);
#1437=LINE('',#9267,#2079);
#1438=LINE('',#9268,#2080);
#1439=LINE('',#9270,#2081);
#1440=LINE('',#9271,#2082);
#1441=LINE('',#9275,#2083);
#1442=LINE('',#9277,#2084);
#1443=LINE('',#9279,#2085);
#1444=LINE('',#9280,#2086);
#1445=LINE('',#9283,#2087);
#1446=LINE('',#9285,#2088);
#1447=LINE('',#9286,#2089);
#1448=LINE('',#9289,#2090);
#1449=LINE('',#9291,#2091);
#1450=LINE('',#9292,#2092);
#1451=LINE('',#9295,#2093);
#1452=LINE('',#9297,#2094);
#1453=LINE('',#9298,#2095);
#1454=LINE('',#9300,#2096);
#1455=LINE('',#9301,#2097);
#1456=LINE('',#9305,#2098);
#1457=LINE('',#9307,#2099);
#1458=LINE('',#9309,#2100);
#1459=LINE('',#9310,#2101);
#1460=LINE('',#9313,#2102);
#1461=LINE('',#9315,#2103);
#1462=LINE('',#9316,#2104);
#1463=LINE('',#9319,#2105);
#1464=LINE('',#9321,#2106);
#1465=LINE('',#9322,#2107);
#1466=LINE('',#9324,#2108);
#1467=LINE('',#9325,#2109);
#1468=LINE('',#9329,#2110);
#1469=LINE('',#9331,#2111);
#1470=LINE('',#9333,#2112);
#1471=LINE('',#9334,#2113);
#1472=LINE('',#9337,#2114);
#1473=LINE('',#9339,#2115);
#1474=LINE('',#9340,#2116);
#1475=LINE('',#9343,#2117);
#1476=LINE('',#9345,#2118);
#1477=LINE('',#9346,#2119);
#1478=LINE('',#9349,#2120);
#1479=LINE('',#9351,#2121);
#1480=LINE('',#9352,#2122);
#1481=LINE('',#9354,#2123);
#1482=LINE('',#9355,#2124);
#1483=LINE('',#9359,#2125);
#1484=LINE('',#9361,#2126);
#1485=LINE('',#9363,#2127);
#1486=LINE('',#9364,#2128);
#1487=LINE('',#9370,#2129);
#1488=LINE('',#9373,#2130);
#1489=LINE('',#9375,#2131);
#1490=LINE('',#9376,#2132);
#1491=LINE('',#9380,#2133);
#1492=LINE('',#9382,#2134);
#1493=LINE('',#9384,#2135);
#1494=LINE('',#9385,#2136);
#1495=LINE('',#9391,#2137);
#1496=LINE('',#9394,#2138);
#1497=LINE('',#9396,#2139);
#1498=LINE('',#9397,#2140);
#1499=LINE('',#9400,#2141);
#1500=LINE('',#9404,#2142);
#1501=LINE('',#9405,#2143);
#1502=LINE('',#9408,#2144);
#1503=LINE('',#9409,#2145);
#1504=LINE('',#9411,#2146);
#1505=LINE('',#9413,#2147);
#1506=LINE('',#9417,#2148);
#1507=LINE('',#9418,#2149);
#1508=LINE('',#9419,#2150);
#1509=LINE('',#9422,#2151);
#1510=LINE('',#9423,#2152);
#1511=LINE('',#9426,#2153);
#1512=LINE('',#9430,#2154);
#1513=LINE('',#9433,#2155);
#1514=LINE('',#9436,#2156);
#1515=LINE('',#9437,#2157);
#1516=LINE('',#9441,#2158);
#1517=LINE('',#9444,#2159);
#1518=LINE('',#9445,#2160);
#1519=LINE('',#9448,#2161);
#1520=LINE('',#9451,#2162);
#1521=LINE('',#9453,#2163);
#1522=LINE('',#9456,#2164);
#1523=LINE('',#9459,#2165);
#1524=LINE('',#9462,#2166);
#1525=LINE('',#9465,#2167);
#1526=LINE('',#9468,#2168);
#1527=LINE('',#9469,#2169);
#1528=LINE('',#9472,#2170);
#1529=LINE('',#9473,#2171);
#1530=LINE('',#9476,#2172);
#1531=LINE('',#9483,#2173);
#1532=LINE('',#9486,#2174);
#1533=LINE('',#9489,#2175);
#1534=LINE('',#9491,#2176);
#1535=LINE('',#9493,#2177);
#1536=LINE('',#9497,#2178);
#1537=LINE('',#9499,#2179);
#1538=LINE('',#9501,#2180);
#1539=LINE('',#9505,#2181);
#1540=LINE('',#9507,#2182);
#1541=LINE('',#9509,#2183);
#1542=LINE('',#9513,#2184);
#1543=LINE('',#9515,#2185);
#1544=LINE('',#9516,#2186);
#1545=LINE('',#9522,#2187);
#1546=LINE('',#9525,#2188);
#1547=LINE('',#9528,#2189);
#1548=LINE('',#9530,#2190);
#1549=LINE('',#9531,#2191);
#1550=LINE('',#9536,#2192);
#1551=LINE('',#9540,#2193);
#1552=LINE('',#9544,#2194);
#1553=LINE('',#9547,#2195);
#1554=LINE('',#9550,#2196);
#1555=LINE('',#9552,#2197);
#1556=LINE('',#9554,#2198);
#1557=LINE('',#9556,#2199);
#1558=LINE('',#9557,#2200);
#1559=LINE('',#9560,#2201);
#1560=LINE('',#9562,#2202);
#1561=LINE('',#9564,#2203);
#1562=LINE('',#9565,#2204);
#1563=LINE('',#9568,#2205);
#1564=LINE('',#9570,#2206);
#1565=LINE('',#9572,#2207);
#1566=LINE('',#9574,#2208);
#1567=LINE('',#9575,#2209);
#1568=LINE('',#9578,#2210);
#1569=LINE('',#9580,#2211);
#1570=LINE('',#9582,#2212);
#1571=LINE('',#9583,#2213);
#1572=LINE('',#9587,#2214);
#1573=LINE('',#9588,#2215);
#1574=LINE('',#9589,#2216);
#1575=LINE('',#9592,#2217);
#1576=LINE('',#9593,#2218);
#1577=LINE('',#9596,#2219);
#1578=LINE('',#9597,#2220);
#1579=LINE('',#9599,#2221);
#1580=LINE('',#9603,#2222);
#1581=LINE('',#9604,#2223);
#1582=LINE('',#9605,#2224);
#1583=LINE('',#9608,#2225);
#1584=LINE('',#9609,#2226);
#1585=LINE('',#9612,#2227);
#1586=LINE('',#9613,#2228);
#1587=LINE('',#9616,#2229);
#1588=LINE('',#9617,#2230);
#1589=LINE('',#9619,#2231);
#1590=LINE('',#9623,#2232);
#1591=LINE('',#9624,#2233);
#1592=LINE('',#9625,#2234);
#1593=LINE('',#9628,#2235);
#1594=LINE('',#9629,#2236);
#1595=LINE('',#9632,#2237);
#1596=LINE('',#9633,#2238);
#1597=LINE('',#9635,#2239);
#1598=LINE('',#9639,#2240);
#1599=LINE('',#9640,#2241);
#1600=LINE('',#9641,#2242);
#1601=LINE('',#9644,#2243);
#1602=LINE('',#9645,#2244);
#1603=LINE('',#9648,#2245);
#1604=LINE('',#9649,#2246);
#1605=LINE('',#9652,#2247);
#1606=LINE('',#9653,#2248);
#1607=LINE('',#9655,#2249);
#1608=LINE('',#9658,#2250);
#1609=LINE('',#9660,#2251);
#1610=LINE('',#9661,#2252);
#1611=LINE('',#9664,#2253);
#1612=LINE('',#9668,#2254);
#1613=LINE('',#9669,#2255);
#1614=LINE('',#9672,#2256);
#1615=LINE('',#9674,#2257);
#1616=LINE('',#9675,#2258);
#1617=LINE('',#9678,#2259);
#1618=LINE('',#9682,#2260);
#1619=LINE('',#9683,#2261);
#1620=LINE('',#9686,#2262);
#1621=LINE('',#9689,#2263);
#1622=LINE('',#9692,#2264);
#1623=LINE('',#9694,#2265);
#1624=LINE('',#9696,#2266);
#1625=LINE('',#9697,#2267);
#1626=LINE('',#9699,#2268);
#1627=LINE('',#9701,#2269);
#1628=LINE('',#9705,#2270);
#1629=LINE('',#9706,#2271);
#1630=LINE('',#9708,#2272);
#1631=LINE('',#9710,#2273);
#1632=LINE('',#9712,#2274);
#1633=LINE('',#9714,#2275);
#1634=LINE('',#9718,#2276);
#1635=LINE('',#9722,#2277);
#1636=LINE('',#9724,#2278);
#1637=LINE('',#9725,#2279);
#1638=LINE('',#9729,#2280);
#1639=LINE('',#9732,#2281);
#1640=LINE('',#9735,#2282);
#1641=LINE('',#9737,#2283);
#1642=LINE('',#9739,#2284);
#1643=LINE('',#9740,#2285);
#1644=LINE('',#9742,#2286);
#1645=LINE('',#9745,#2287);
#1646=LINE('',#9750,#2288);
#1647=LINE('',#9756,#2289);
#1648=LINE('',#9760,#2290);
#1649=LINE('',#9762,#2291);
#1650=LINE('',#9764,#2292);
#1651=LINE('',#9766,#2293);
#1652=LINE('',#9770,#2294);
#1653=LINE('',#9771,#2295);
#1654=LINE('',#9774,#2296);
#1655=LINE('',#9777,#2297);
#1656=LINE('',#9780,#2298);
#1657=LINE('',#9781,#2299);
#1658=LINE('',#9787,#2300);
#1659=LINE('',#9790,#2301);
#1660=LINE('',#9793,#2302);
#1661=LINE('',#9795,#2303);
#1662=LINE('',#9796,#2304);
#1663=LINE('',#9799,#2305);
#1664=LINE('',#9801,#2306);
#1665=LINE('',#9803,#2307);
#1666=LINE('',#9807,#2308);
#1667=LINE('',#9808,#2309);
#1668=LINE('',#9811,#2310);
#1669=LINE('',#9812,#2311);
#1670=LINE('',#9815,#2312);
#1671=LINE('',#9817,#2313);
#1672=LINE('',#9821,#2314);
#1673=LINE('',#9822,#2315);
#1674=LINE('',#9826,#2316);
#1675=LINE('',#9829,#2317);
#1676=LINE('',#9833,#2318);
#1677=LINE('',#9837,#2319);
#1678=LINE('',#9841,#2320);
#1679=LINE('',#9845,#2321);
#1680=LINE('',#9846,#2322);
#1681=LINE('',#9848,#2323);
#1682=LINE('',#9850,#2324);
#1683=LINE('',#9851,#2325);
#1684=LINE('',#9854,#2326);
#1685=LINE('',#9855,#2327);
#1686=LINE('',#9859,#2328);
#1687=LINE('',#9861,#2329);
#1688=LINE('',#9863,#2330);
#1689=LINE('',#9866,#2331);
#1690=LINE('',#9869,#2332);
#1691=LINE('',#9872,#2333);
#1692=LINE('',#9873,#2334);
#1693=LINE('',#9876,#2335);
#1694=LINE('',#9880,#2336);
#1695=LINE('',#9884,#2337);
#1696=LINE('',#9885,#2338);
#1697=LINE('',#9887,#2339);
#1698=LINE('',#9890,#2340);
#1699=LINE('',#9891,#2341);
#1700=LINE('',#9894,#2342);
#1701=LINE('',#9895,#2343);
#1702=LINE('',#9897,#2344);
#1703=LINE('',#9900,#2345);
#1704=LINE('',#9901,#2346);
#1705=LINE('',#9904,#2347);
#1706=LINE('',#9907,#2348);
#1707=LINE('',#9910,#2349);
#1708=LINE('',#9912,#2350);
#1709=LINE('',#9914,#2351);
#1710=LINE('',#9916,#2352);
#1711=LINE('',#9917,#2353);
#1712=LINE('',#9919,#2354);
#1713=LINE('',#9925,#2355);
#1714=LINE('',#9928,#2356);
#1715=LINE('',#9930,#2357);
#1716=LINE('',#9932,#2358);
#1717=LINE('',#9936,#2359);
#1718=LINE('',#9937,#2360);
#1719=LINE('',#9940,#2361);
#1720=LINE('',#9943,#2362);
#1721=LINE('',#9946,#2363);
#1722=LINE('',#9947,#2364);
#1723=LINE('',#9953,#2365);
#1724=LINE('',#9956,#2366);
#1725=LINE('',#9959,#2367);
#1726=LINE('',#9961,#2368);
#1727=LINE('',#9962,#2369);
#1728=LINE('',#9971,#2370);
#1729=LINE('',#9974,#2371);
#1730=LINE('',#9977,#2372);
#1731=LINE('',#9978,#2373);
#1732=LINE('',#9980,#2374);
#1733=LINE('',#9982,#2375);
#1734=LINE('',#9983,#2376);
#1735=LINE('',#9985,#2377);
#1736=LINE('',#9986,#2378);
#1737=LINE('',#9989,#2379);
#1738=LINE('',#9990,#2380);
#1739=LINE('',#9993,#2381);
#1740=LINE('',#9997,#2382);
#1741=LINE('',#10000,#2383);
#1742=LINE('',#10003,#2384);
#1743=LINE('',#10004,#2385);
#1744=LINE('',#10007,#2386);
#1745=LINE('',#10008,#2387);
#1746=LINE('',#10011,#2388);
#1747=LINE('',#10015,#2389);
#1748=LINE('',#10016,#2390);
#1749=LINE('',#10019,#2391);
#1750=LINE('',#10023,#2392);
#1751=LINE('',#10025,#2393);
#1752=LINE('',#10026,#2394);
#1753=LINE('',#10029,#2395);
#1754=LINE('',#10030,#2396);
#1755=LINE('',#10032,#2397);
#1756=LINE('',#10035,#2398);
#1757=LINE('',#10036,#2399);
#1758=LINE('',#10041,#2400);
#1759=LINE('',#10042,#2401);
#1760=LINE('',#10045,#2402);
#1761=LINE('',#10046,#2403);
#1762=LINE('',#10049,#2404);
#1763=LINE('',#10050,#2405);
#1764=LINE('',#10052,#2406);
#1765=LINE('',#10055,#2407);
#1766=LINE('',#10057,#2408);
#1767=LINE('',#10059,#2409);
#1768=LINE('',#10061,#2410);
#1769=LINE('',#10062,#2411);
#1770=LINE('',#10064,#2412);
#1771=LINE('',#10166,#2413);
#1772=LINE('',#10169,#2414);
#1773=LINE('',#10172,#2415);
#1774=LINE('',#10174,#2416);
#1775=LINE('',#10175,#2417);
#1776=LINE('',#10210,#2418);
#1777=LINE('',#10277,#2419);
#1778=LINE('',#10315,#2420);
#1779=LINE('',#10318,#2421);
#1780=LINE('',#10320,#2422);
#1781=LINE('',#10321,#2423);
#1782=LINE('',#10359,#2424);
#1783=LINE('',#10394,#2425);
#1784=LINE('',#10429,#2426);
#1785=LINE('',#10432,#2427);
#1786=LINE('',#10434,#2428);
#1787=LINE('',#10435,#2429);
#1788=LINE('',#10537,#2430);
#1789=LINE('',#10540,#2431);
#1790=LINE('',#10542,#2432);
#1791=LINE('',#10543,#2433);
#1792=LINE('',#10645,#2434);
#1793=LINE('',#10648,#2435);
#1794=LINE('',#10650,#2436);
#1795=LINE('',#10651,#2437);
#1796=LINE('',#10686,#2438);
#1797=LINE('',#10753,#2439);
#1798=LINE('',#10791,#2440);
#1799=LINE('',#10794,#2441);
#1800=LINE('',#10796,#2442);
#1801=LINE('',#10797,#2443);
#1802=LINE('',#10835,#2444);
#1803=LINE('',#10870,#2445);
#1804=LINE('',#10905,#2446);
#1805=LINE('',#10908,#2447);
#1806=LINE('',#10910,#2448);
#1807=LINE('',#10911,#2449);
#1808=LINE('',#11013,#2450);
#1809=LINE('',#11015,#2451);
#1810=LINE('',#11016,#2452);
#1811=LINE('',#11019,#2453);
#1812=LINE('',#11021,#2454);
#1813=LINE('',#11022,#2455);
#1814=LINE('',#11028,#2456);
#1815=LINE('',#11031,#2457);
#1816=LINE('',#11033,#2458);
#1817=LINE('',#11034,#2459);
#1818=LINE('',#11044,#2460);
#1819=LINE('',#11047,#2461);
#1820=LINE('',#11049,#2462);
#1821=LINE('',#11050,#2463);
#1822=LINE('',#11056,#2464);
#1823=LINE('',#11059,#2465);
#1824=LINE('',#11060,#2466);
#1825=LINE('',#11061,#2467);
#1826=LINE('',#11066,#2468);
#1827=LINE('',#11068,#2469);
#1828=LINE('',#11069,#2470);
#1829=LINE('',#11075,#2471);
#1830=LINE('',#11078,#2472);
#1831=LINE('',#11080,#2473);
#1832=LINE('',#11081,#2474);
#1833=LINE('',#11091,#2475);
#1834=LINE('',#11094,#2476);
#1835=LINE('',#11096,#2477);
#1836=LINE('',#11097,#2478);
#1837=LINE('',#11300,#2479);
#1838=LINE('',#11301,#2480);
#1839=LINE('',#11504,#2481);
#1840=LINE('',#11507,#2482);
#1841=LINE('',#11571,#2483);
#1842=LINE('',#11572,#2484);
#1843=LINE('',#11649,#2485);
#1844=LINE('',#11650,#2486);
#1845=LINE('',#11849,#2487);
#1846=LINE('',#11850,#2488);
#1847=LINE('',#12043,#2489);
#1848=LINE('',#12046,#2490);
#1849=LINE('',#12185,#2491);
#1850=LINE('',#12186,#2492);
#1851=LINE('',#12188,#2493);
#1852=LINE('',#12189,#2494);
#1853=LINE('',#12463,#2495);
#1854=LINE('',#12464,#2496);
#1855=LINE('',#12545,#2497);
#1856=LINE('',#12547,#2498);
#1857=LINE('',#12632,#2499);
#1858=LINE('',#12634,#2500);
#1859=LINE('',#12663,#2501);
#1860=LINE('',#12665,#2502);
#1861=LINE('',#12694,#2503);
#1862=LINE('',#12697,#2504);
#1863=LINE('',#12698,#2505);
#1864=LINE('',#12728,#2506);
#1865=LINE('',#12809,#2507);
#1866=LINE('',#12811,#2508);
#1867=LINE('',#12896,#2509);
#1868=LINE('',#12898,#2510);
#1869=LINE('',#13162,#2511);
#1870=LINE('',#13163,#2512);
#1871=LINE('',#13463,#2513);
#1872=LINE('',#13466,#2514);
#1873=LINE('',#13538,#2515);
#1874=LINE('',#13539,#2516);
#1875=LINE('',#13676,#2517);
#1876=LINE('',#13677,#2518);
#1877=LINE('',#13913,#2519);
#1878=LINE('',#13914,#2520);
#1879=LINE('',#14204,#2521);
#1880=LINE('',#14207,#2522);
#1881=LINE('',#14414,#2523);
#1882=LINE('',#14415,#2524);
#1883=LINE('',#14417,#2525);
#1884=LINE('',#14418,#2526);
#1885=LINE('',#14580,#2527);
#1886=LINE('',#14581,#2528);
#1887=LINE('',#14598,#2529);
#1888=LINE('',#14615,#2530);
#1889=LINE('',#14632,#2531);
#1890=LINE('',#14634,#2532);
#1891=LINE('',#14651,#2533);
#1892=LINE('',#14668,#2534);
#1893=LINE('',#14685,#2535);
#1894=LINE('',#14687,#2536);
#1895=LINE('',#14694,#2537);
#1896=LINE('',#14696,#2538);
#1897=LINE('',#14703,#2539);
#1898=LINE('',#14706,#2540);
#1899=LINE('',#14707,#2541);
#1900=LINE('',#14715,#2542);
#1901=LINE('',#14732,#2543);
#1902=LINE('',#14749,#2544);
#1903=LINE('',#14766,#2545);
#1904=LINE('',#14768,#2546);
#1905=LINE('',#14785,#2547);
#1906=LINE('',#14802,#2548);
#1907=LINE('',#14819,#2549);
#1908=LINE('',#14821,#2550);
#1909=VECTOR('',#6919,10.);
#1910=VECTOR('',#6920,10.);
#1911=VECTOR('',#6921,10.);
#1912=VECTOR('',#6922,10.);
#1913=VECTOR('',#6925,10.);
#1914=VECTOR('',#6926,10.);
#1915=VECTOR('',#6927,10.);
#1916=VECTOR('',#6930,10.);
#1917=VECTOR('',#6931,10.);
#1918=VECTOR('',#6932,10.);
#1919=VECTOR('',#6935,10.);
#1920=VECTOR('',#6936,10.);
#1921=VECTOR('',#6937,10.);
#1922=VECTOR('',#6940,10.);
#1923=VECTOR('',#6941,10.);
#1924=VECTOR('',#6942,10.);
#1925=VECTOR('',#6945,10.);
#1926=VECTOR('',#6946,10.);
#1927=VECTOR('',#6947,10.);
#1928=VECTOR('',#6950,10.);
#1929=VECTOR('',#6951,10.);
#1930=VECTOR('',#6952,10.);
#1931=VECTOR('',#6955,10.);
#1932=VECTOR('',#6956,10.);
#1933=VECTOR('',#6961,10.);
#1934=VECTOR('',#6962,10.);
#1935=VECTOR('',#6963,10.);
#1936=VECTOR('',#6964,10.);
#1937=VECTOR('',#6967,10.);
#1938=VECTOR('',#6968,10.);
#1939=VECTOR('',#6969,10.);
#1940=VECTOR('',#6972,10.);
#1941=VECTOR('',#6973,10.);
#1942=VECTOR('',#6974,10.);
#1943=VECTOR('',#6977,10.);
#1944=VECTOR('',#6978,10.);
#1945=VECTOR('',#6979,10.);
#1946=VECTOR('',#6982,10.);
#1947=VECTOR('',#6983,10.);
#1948=VECTOR('',#6984,10.);
#1949=VECTOR('',#6987,10.);
#1950=VECTOR('',#6988,10.);
#1951=VECTOR('',#6989,10.);
#1952=VECTOR('',#6992,10.);
#1953=VECTOR('',#6993,10.);
#1954=VECTOR('',#6994,10.);
#1955=VECTOR('',#6997,10.);
#1956=VECTOR('',#6998,10.);
#1957=VECTOR('',#6999,10.);
#1958=VECTOR('',#7002,10.);
#1959=VECTOR('',#7003,10.);
#1960=VECTOR('',#7004,10.);
#1961=VECTOR('',#7007,10.);
#1962=VECTOR('',#7008,10.);
#1963=VECTOR('',#7009,10.);
#1964=VECTOR('',#7012,10.);
#1965=VECTOR('',#7013,10.);
#1966=VECTOR('',#7014,10.);
#1967=VECTOR('',#7017,10.);
#1968=VECTOR('',#7018,10.);
#1969=VECTOR('',#7023,10.);
#1970=VECTOR('',#7024,10.);
#1971=VECTOR('',#7025,10.);
#1972=VECTOR('',#7026,10.);
#1973=VECTOR('',#7029,10.);
#1974=VECTOR('',#7030,10.);
#1975=VECTOR('',#7031,10.);
#1976=VECTOR('',#7034,10.);
#1977=VECTOR('',#7035,10.);
#1978=VECTOR('',#7036,10.);
#1979=VECTOR('',#7039,10.);
#1980=VECTOR('',#7040,10.);
#1981=VECTOR('',#7041,10.);
#1982=VECTOR('',#7044,10.);
#1983=VECTOR('',#7045,10.);
#1984=VECTOR('',#7046,10.);
#1985=VECTOR('',#7049,10.);
#1986=VECTOR('',#7050,10.);
#1987=VECTOR('',#7051,10.);
#1988=VECTOR('',#7054,10.);
#1989=VECTOR('',#7055,10.);
#1990=VECTOR('',#7056,10.);
#1991=VECTOR('',#7059,10.);
#1992=VECTOR('',#7060,10.);
#1993=VECTOR('',#7061,10.);
#1994=VECTOR('',#7064,10.);
#1995=VECTOR('',#7065,10.);
#1996=VECTOR('',#7066,10.);
#1997=VECTOR('',#7069,10.);
#1998=VECTOR('',#7070,10.);
#1999=VECTOR('',#7073,10.);
#2000=VECTOR('',#7074,10.);
#2001=VECTOR('',#7075,10.);
#2002=VECTOR('',#7076,10.);
#2003=VECTOR('',#7077,10.);
#2004=VECTOR('',#7078,10.);
#2005=VECTOR('',#7079,10.);
#2006=VECTOR('',#7080,10.);
#2007=VECTOR('',#7083,10.);
#2008=VECTOR('',#7084,10.);
#2009=VECTOR('',#7085,10.);
#2010=VECTOR('',#7086,10.);
#2011=VECTOR('',#7087,10.);
#2012=VECTOR('',#7088,10.);
#2013=VECTOR('',#7089,10.);
#2014=VECTOR('',#7090,10.);
#2015=VECTOR('',#7091,10.);
#2016=VECTOR('',#7092,10.);
#2017=VECTOR('',#7095,10.);
#2018=VECTOR('',#7096,10.);
#2019=VECTOR('',#7099,10.);
#2020=VECTOR('',#7100,10.);
#2021=VECTOR('',#7101,10.);
#2022=VECTOR('',#7102,10.);
#2023=VECTOR('',#7103,10.);
#2024=VECTOR('',#7104,10.);
#2025=VECTOR('',#7105,10.);
#2026=VECTOR('',#7106,10.);
#2027=VECTOR('',#7109,10.);
#2028=VECTOR('',#7110,10.);
#2029=VECTOR('',#7111,10.);
#2030=VECTOR('',#7112,10.);
#2031=VECTOR('',#7113,10.);
#2032=VECTOR('',#7114,10.);
#2033=VECTOR('',#7115,10.);
#2034=VECTOR('',#7116,10.);
#2035=VECTOR('',#7121,10.);
#2036=VECTOR('',#7122,10.);
#2037=VECTOR('',#7123,10.);
#2038=VECTOR('',#7124,10.);
#2039=VECTOR('',#7127,10.);
#2040=VECTOR('',#7128,10.);
#2041=VECTOR('',#7129,10.);
#2042=VECTOR('',#7132,10.);
#2043=VECTOR('',#7133,10.);
#2044=VECTOR('',#7134,10.);
#2045=VECTOR('',#7137,10.);
#2046=VECTOR('',#7138,10.);
#2047=VECTOR('',#7139,10.);
#2048=VECTOR('',#7142,10.);
#2049=VECTOR('',#7143,10.);
#2050=VECTOR('',#7144,10.);
#2051=VECTOR('',#7147,10.);
#2052=VECTOR('',#7148,10.);
#2053=VECTOR('',#7153,10.);
#2054=VECTOR('',#7154,10.);
#2055=VECTOR('',#7157,10.);
#2056=VECTOR('',#7160,10.);
#2057=VECTOR('',#7161,10.);
#2058=VECTOR('',#7162,10.);
#2059=VECTOR('',#7163,10.);
#2060=VECTOR('',#7166,10.);
#2061=VECTOR('',#7175,10.);
#2062=VECTOR('',#7178,10.);
#2063=VECTOR('',#7181,10.);
#2064=VECTOR('',#7182,10.);
#2065=VECTOR('',#7183,10.);
#2066=VECTOR('',#7190,10.);
#2067=VECTOR('',#7195,10.);
#2068=VECTOR('',#7198,10.);
#2069=VECTOR('',#7201,10.);
#2070=VECTOR('',#7202,10.);
#2071=VECTOR('',#7205,10.);
#2072=VECTOR('',#7206,10.);
#2073=VECTOR('',#7207,10.);
#2074=VECTOR('',#7208,10.);
#2075=VECTOR('',#7211,10.);
#2076=VECTOR('',#7212,10.);
#2077=VECTOR('',#7213,10.);
#2078=VECTOR('',#7216,10.);
#2079=VECTOR('',#7217,10.);
#2080=VECTOR('',#7218,10.);
#2081=VECTOR('',#7221,10.);
#2082=VECTOR('',#7222,10.);
#2083=VECTOR('',#7225,10.);
#2084=VECTOR('',#7226,10.);
#2085=VECTOR('',#7227,10.);
#2086=VECTOR('',#7228,10.);
#2087=VECTOR('',#7231,10.);
#2088=VECTOR('',#7232,10.);
#2089=VECTOR('',#7233,10.);
#2090=VECTOR('',#7236,10.);
#2091=VECTOR('',#7237,10.);
#2092=VECTOR('',#7238,10.);
#2093=VECTOR('',#7241,10.);
#2094=VECTOR('',#7242,10.);
#2095=VECTOR('',#7243,10.);
#2096=VECTOR('',#7246,10.);
#2097=VECTOR('',#7247,10.);
#2098=VECTOR('',#7250,10.);
#2099=VECTOR('',#7251,10.);
#2100=VECTOR('',#7252,10.);
#2101=VECTOR('',#7253,10.);
#2102=VECTOR('',#7256,10.);
#2103=VECTOR('',#7257,10.);
#2104=VECTOR('',#7258,10.);
#2105=VECTOR('',#7261,10.);
#2106=VECTOR('',#7262,10.);
#2107=VECTOR('',#7263,10.);
#2108=VECTOR('',#7266,10.);
#2109=VECTOR('',#7267,10.);
#2110=VECTOR('',#7270,10.);
#2111=VECTOR('',#7271,10.);
#2112=VECTOR('',#7272,10.);
#2113=VECTOR('',#7273,10.);
#2114=VECTOR('',#7276,10.);
#2115=VECTOR('',#7277,10.);
#2116=VECTOR('',#7278,10.);
#2117=VECTOR('',#7281,10.);
#2118=VECTOR('',#7282,10.);
#2119=VECTOR('',#7283,10.);
#2120=VECTOR('',#7286,10.);
#2121=VECTOR('',#7287,10.);
#2122=VECTOR('',#7288,10.);
#2123=VECTOR('',#7291,10.);
#2124=VECTOR('',#7292,10.);
#2125=VECTOR('',#7295,10.);
#2126=VECTOR('',#7296,10.);
#2127=VECTOR('',#7297,10.);
#2128=VECTOR('',#7298,10.);
#2129=VECTOR('',#7305,10.);
#2130=VECTOR('',#7308,10.);
#2131=VECTOR('',#7309,10.);
#2132=VECTOR('',#7310,10.);
#2133=VECTOR('',#7313,10.);
#2134=VECTOR('',#7314,10.);
#2135=VECTOR('',#7315,10.);
#2136=VECTOR('',#7316,10.);
#2137=VECTOR('',#7323,10.);
#2138=VECTOR('',#7326,10.);
#2139=VECTOR('',#7327,10.);
#2140=VECTOR('',#7328,10.);
#2141=VECTOR('',#7331,10.);
#2142=VECTOR('',#7334,10.);
#2143=VECTOR('',#7335,10.);
#2144=VECTOR('',#7338,10.);
#2145=VECTOR('',#7339,10.);
#2146=VECTOR('',#7340,10.);
#2147=VECTOR('',#7341,10.);
#2148=VECTOR('',#7344,10.);
#2149=VECTOR('',#7345,10.);
#2150=VECTOR('',#7346,10.);
#2151=VECTOR('',#7349,10.);
#2152=VECTOR('',#7350,10.);
#2153=VECTOR('',#7353,10.);
#2154=VECTOR('',#7356,10.);
#2155=VECTOR('',#7359,10.);
#2156=VECTOR('',#7362,10.);
#2157=VECTOR('',#7363,10.);
#2158=VECTOR('',#7368,10.);
#2159=VECTOR('',#7371,10.);
#2160=VECTOR('',#7372,10.);
#2161=VECTOR('',#7375,10.);
#2162=VECTOR('',#7378,10.);
#2163=VECTOR('',#7381,10.);
#2164=VECTOR('',#7384,10.);
#2165=VECTOR('',#7387,10.);
#2166=VECTOR('',#7390,10.);
#2167=VECTOR('',#7393,10.);
#2168=VECTOR('',#7396,10.);
#2169=VECTOR('',#7397,10.);
#2170=VECTOR('',#7400,10.);
#2171=VECTOR('',#7401,10.);
#2172=VECTOR('',#7404,10.);
#2173=VECTOR('',#7411,10.);
#2174=VECTOR('',#7414,10.);
#2175=VECTOR('',#7417,10.);
#2176=VECTOR('',#7418,10.);
#2177=VECTOR('',#7419,10.);
#2178=VECTOR('',#7422,10.);
#2179=VECTOR('',#7423,10.);
#2180=VECTOR('',#7424,10.);
#2181=VECTOR('',#7427,10.);
#2182=VECTOR('',#7428,10.);
#2183=VECTOR('',#7429,10.);
#2184=VECTOR('',#7432,10.);
#2185=VECTOR('',#7433,10.);
#2186=VECTOR('',#7434,10.);
#2187=VECTOR('',#7439,10.);
#2188=VECTOR('',#7442,10.);
#2189=VECTOR('',#7445,10.);
#2190=VECTOR('',#7446,10.);
#2191=VECTOR('',#7447,10.);
#2192=VECTOR('',#7452,10.);
#2193=VECTOR('',#7457,10.);
#2194=VECTOR('',#7460,10.);
#2195=VECTOR('',#7463,10.);
#2196=VECTOR('',#7464,10.);
#2197=VECTOR('',#7465,10.);
#2198=VECTOR('',#7466,10.);
#2199=VECTOR('',#7467,10.);
#2200=VECTOR('',#7468,10.);
#2201=VECTOR('',#7469,10.);
#2202=VECTOR('',#7470,10.);
#2203=VECTOR('',#7471,10.);
#2204=VECTOR('',#7472,10.);
#2205=VECTOR('',#7473,10.);
#2206=VECTOR('',#7474,10.);
#2207=VECTOR('',#7475,10.);
#2208=VECTOR('',#7476,10.);
#2209=VECTOR('',#7477,10.);
#2210=VECTOR('',#7478,10.);
#2211=VECTOR('',#7479,10.);
#2212=VECTOR('',#7480,10.);
#2213=VECTOR('',#7481,10.);
#2214=VECTOR('',#7484,10.);
#2215=VECTOR('',#7485,10.);
#2216=VECTOR('',#7486,10.);
#2217=VECTOR('',#7489,10.);
#2218=VECTOR('',#7490,10.);
#2219=VECTOR('',#7493,10.);
#2220=VECTOR('',#7494,10.);
#2221=VECTOR('',#7497,10.);
#2222=VECTOR('',#7500,10.);
#2223=VECTOR('',#7501,10.);
#2224=VECTOR('',#7502,10.);
#2225=VECTOR('',#7505,10.);
#2226=VECTOR('',#7506,10.);
#2227=VECTOR('',#7509,10.);
#2228=VECTOR('',#7510,10.);
#2229=VECTOR('',#7513,10.);
#2230=VECTOR('',#7514,10.);
#2231=VECTOR('',#7517,10.);
#2232=VECTOR('',#7520,10.);
#2233=VECTOR('',#7521,10.);
#2234=VECTOR('',#7522,10.);
#2235=VECTOR('',#7525,10.);
#2236=VECTOR('',#7526,10.);
#2237=VECTOR('',#7529,10.);
#2238=VECTOR('',#7530,10.);
#2239=VECTOR('',#7533,10.);
#2240=VECTOR('',#7536,10.);
#2241=VECTOR('',#7537,10.);
#2242=VECTOR('',#7538,10.);
#2243=VECTOR('',#7541,10.);
#2244=VECTOR('',#7542,10.);
#2245=VECTOR('',#7545,10.);
#2246=VECTOR('',#7546,10.);
#2247=VECTOR('',#7549,10.);
#2248=VECTOR('',#7550,10.);
#2249=VECTOR('',#7553,10.);
#2250=VECTOR('',#7556,10.);
#2251=VECTOR('',#7557,10.);
#2252=VECTOR('',#7558,10.);
#2253=VECTOR('',#7561,10.);
#2254=VECTOR('',#7566,10.);
#2255=VECTOR('',#7567,10.);
#2256=VECTOR('',#7570,10.);
#2257=VECTOR('',#7571,10.);
#2258=VECTOR('',#7572,10.);
#2259=VECTOR('',#7575,10.);
#2260=VECTOR('',#7580,10.);
#2261=VECTOR('',#7581,10.);
#2262=VECTOR('',#7584,10.);
#2263=VECTOR('',#7587,10.);
#2264=VECTOR('',#7590,10.);
#2265=VECTOR('',#7591,10.);
#2266=VECTOR('',#7592,10.);
#2267=VECTOR('',#7593,10.);
#2268=VECTOR('',#7594,10.);
#2269=VECTOR('',#7595,10.);
#2270=VECTOR('',#7598,10.);
#2271=VECTOR('',#7599,10.);
#2272=VECTOR('',#7602,10.);
#2273=VECTOR('',#7605,10.);
#2274=VECTOR('',#7608,10.);
#2275=VECTOR('',#7611,10.);
#2276=VECTOR('',#7616,10.);
#2277=VECTOR('',#7621,10.);
#2278=VECTOR('',#7622,10.);
#2279=VECTOR('',#7623,10.);
#2280=VECTOR('',#7628,10.);
#2281=VECTOR('',#7631,10.);
#2282=VECTOR('',#7636,10.);
#2283=VECTOR('',#7637,10.);
#2284=VECTOR('',#7638,10.);
#2285=VECTOR('',#7639,10.);
#2286=VECTOR('',#7642,10.);
#2287=VECTOR('',#7645,10.);
#2288=VECTOR('',#7652,10.);
#2289=VECTOR('',#7657,10.);
#2290=VECTOR('',#7660,10.);
#2291=VECTOR('',#7661,10.);
#2292=VECTOR('',#7662,10.);
#2293=VECTOR('',#7663,10.);
#2294=VECTOR('',#7666,10.);
#2295=VECTOR('',#7667,10.);
#2296=VECTOR('',#7670,10.);
#2297=VECTOR('',#7673,10.);
#2298=VECTOR('',#7676,10.);
#2299=VECTOR('',#7677,10.);
#2300=VECTOR('',#7682,10.);
#2301=VECTOR('',#7685,10.);
#2302=VECTOR('',#7688,10.);
#2303=VECTOR('',#7689,10.);
#2304=VECTOR('',#7690,10.);
#2305=VECTOR('',#7693,10.);
#2306=VECTOR('',#7694,10.);
#2307=VECTOR('',#7695,10.);
#2308=VECTOR('',#7698,10.);
#2309=VECTOR('',#7699,10.);
#2310=VECTOR('',#7702,10.);
#2311=VECTOR('',#7703,10.);
#2312=VECTOR('',#7706,10.);
#2313=VECTOR('',#7707,10.);
#2314=VECTOR('',#7710,10.);
#2315=VECTOR('',#7711,10.);
#2316=VECTOR('',#7716,10.);
#2317=VECTOR('',#7719,10.);
#2318=VECTOR('',#7722,10.);
#2319=VECTOR('',#7725,10.);
#2320=VECTOR('',#7728,10.);
#2321=VECTOR('',#7731,10.);
#2322=VECTOR('',#7732,10.);
#2323=VECTOR('',#7735,10.);
#2324=VECTOR('',#7736,10.);
#2325=VECTOR('',#7737,10.);
#2326=VECTOR('',#7740,10.);
#2327=VECTOR('',#7741,10.);
#2328=VECTOR('',#7746,10.);
#2329=VECTOR('',#7749,10.);
#2330=VECTOR('',#7752,10.);
#2331=VECTOR('',#7755,10.);
#2332=VECTOR('',#7758,10.);
#2333=VECTOR('',#7761,10.);
#2334=VECTOR('',#7762,10.);
#2335=VECTOR('',#7765,10.);
#2336=VECTOR('',#7770,10.);
#2337=VECTOR('',#7775,10.);
#2338=VECTOR('',#7776,10.);
#2339=VECTOR('',#7779,10.);
#2340=VECTOR('',#7782,10.);
#2341=VECTOR('',#7783,10.);
#2342=VECTOR('',#7786,10.);
#2343=VECTOR('',#7787,10.);
#2344=VECTOR('',#7790,10.);
#2345=VECTOR('',#7793,10.);
#2346=VECTOR('',#7794,10.);
#2347=VECTOR('',#7797,10.);
#2348=VECTOR('',#7802,10.);
#2349=VECTOR('',#7805,10.);
#2350=VECTOR('',#7806,10.);
#2351=VECTOR('',#7807,10.);
#2352=VECTOR('',#7808,10.);
#2353=VECTOR('',#7809,10.);
#2354=VECTOR('',#7812,10.);
#2355=VECTOR('',#7817,10.);
#2356=VECTOR('',#7820,10.);
#2357=VECTOR('',#7821,10.);
#2358=VECTOR('',#7822,10.);
#2359=VECTOR('',#7825,10.);
#2360=VECTOR('',#7826,10.);
#2361=VECTOR('',#7829,10.);
#2362=VECTOR('',#7832,10.);
#2363=VECTOR('',#7835,10.);
#2364=VECTOR('',#7836,10.);
#2365=VECTOR('',#7841,10.);
#2366=VECTOR('',#7844,10.);
#2367=VECTOR('',#7847,10.);
#2368=VECTOR('',#7848,10.);
#2369=VECTOR('',#7849,10.);
#2370=VECTOR('',#7860,10.);
#2371=VECTOR('',#7863,10.);
#2372=VECTOR('',#7866,10.);
#2373=VECTOR('',#7867,10.);
#2374=VECTOR('',#7868,10.);
#2375=VECTOR('',#7869,10.);
#2376=VECTOR('',#7870,10.);
#2377=VECTOR('',#7873,10.);
#2378=VECTOR('',#7874,10.);
#2379=VECTOR('',#7877,10.);
#2380=VECTOR('',#7878,10.);
#2381=VECTOR('',#7881,10.);
#2382=VECTOR('',#7886,10.);
#2383=VECTOR('',#7889,10.);
#2384=VECTOR('',#7892,10.);
#2385=VECTOR('',#7893,10.);
#2386=VECTOR('',#7896,10.);
#2387=VECTOR('',#7897,10.);
#2388=VECTOR('',#7900,10.);
#2389=VECTOR('',#7905,10.);
#2390=VECTOR('',#7906,10.);
#2391=VECTOR('',#7909,10.);
#2392=VECTOR('',#7914,10.);
#2393=VECTOR('',#7915,10.);
#2394=VECTOR('',#7916,10.);
#2395=VECTOR('',#7919,10.);
#2396=VECTOR('',#7920,10.);
#2397=VECTOR('',#7923,10.);
#2398=VECTOR('',#7926,10.);
#2399=VECTOR('',#7927,10.);
#2400=VECTOR('',#7934,10.);
#2401=VECTOR('',#7935,10.);
#2402=VECTOR('',#7938,10.);
#2403=VECTOR('',#7939,10.);
#2404=VECTOR('',#7942,10.);
#2405=VECTOR('',#7943,10.);
#2406=VECTOR('',#7946,10.);
#2407=VECTOR('',#7949,10.);
#2408=VECTOR('',#7950,10.);
#2409=VECTOR('',#7951,10.);
#2410=VECTOR('',#7952,10.);
#2411=VECTOR('',#7953,10.);
#2412=VECTOR('',#7956,10.);
#2413=VECTOR('',#7957,10.);
#2414=VECTOR('',#7960,10.);
#2415=VECTOR('',#7963,10.);
#2416=VECTOR('',#7964,10.);
#2417=VECTOR('',#7965,10.);
#2418=VECTOR('',#7968,10.);
#2419=VECTOR('',#7969,10.);
#2420=VECTOR('',#7972,10.);
#2421=VECTOR('',#7975,10.);
#2422=VECTOR('',#7976,10.);
#2423=VECTOR('',#7977,10.);
#2424=VECTOR('',#7980,10.);
#2425=VECTOR('',#7981,10.);
#2426=VECTOR('',#7984,10.);
#2427=VECTOR('',#7987,10.);
#2428=VECTOR('',#7988,10.);
#2429=VECTOR('',#7989,10.);
#2430=VECTOR('',#7992,10.);
#2431=VECTOR('',#7995,10.);
#2432=VECTOR('',#7996,10.);
#2433=VECTOR('',#7997,10.);
#2434=VECTOR('',#8000,10.);
#2435=VECTOR('',#8003,10.);
#2436=VECTOR('',#8004,10.);
#2437=VECTOR('',#8005,10.);
#2438=VECTOR('',#8008,10.);
#2439=VECTOR('',#8009,10.);
#2440=VECTOR('',#8012,10.);
#2441=VECTOR('',#8015,10.);
#2442=VECTOR('',#8016,10.);
#2443=VECTOR('',#8017,10.);
#2444=VECTOR('',#8020,10.);
#2445=VECTOR('',#8021,10.);
#2446=VECTOR('',#8024,10.);
#2447=VECTOR('',#8027,10.);
#2448=VECTOR('',#8028,10.);
#2449=VECTOR('',#8029,10.);
#2450=VECTOR('',#8032,10.);
#2451=VECTOR('',#8035,10.);
#2452=VECTOR('',#8036,10.);
#2453=VECTOR('',#8039,10.);
#2454=VECTOR('',#8040,10.);
#2455=VECTOR('',#8041,10.);
#2456=VECTOR('',#8048,10.);
#2457=VECTOR('',#8051,10.);
#2458=VECTOR('',#8052,10.);
#2459=VECTOR('',#8053,10.);
#2460=VECTOR('',#8068,10.);
#2461=VECTOR('',#8071,10.);
#2462=VECTOR('',#8072,10.);
#2463=VECTOR('',#8073,10.);
#2464=VECTOR('',#8080,10.);
#2465=VECTOR('',#8083,10.);
#2466=VECTOR('',#8084,10.);
#2467=VECTOR('',#8085,10.);
#2468=VECTOR('',#8092,10.);
#2469=VECTOR('',#8093,10.);
#2470=VECTOR('',#8094,10.);
#2471=VECTOR('',#8101,10.);
#2472=VECTOR('',#8104,10.);
#2473=VECTOR('',#8105,10.);
#2474=VECTOR('',#8106,10.);
#2475=VECTOR('',#8121,10.);
#2476=VECTOR('',#8124,10.);
#2477=VECTOR('',#8125,10.);
#2478=VECTOR('',#8126,10.);
#2479=VECTOR('',#8141,10.);
#2480=VECTOR('',#8142,10.);
#2481=VECTOR('',#8145,10.);
#2482=VECTOR('',#8148,10.);
#2483=VECTOR('',#8155,10.);
#2484=VECTOR('',#8156,10.);
#2485=VECTOR('',#8161,10.);
#2486=VECTOR('',#8162,10.);
#2487=VECTOR('',#8169,10.);
#2488=VECTOR('',#8170,10.);
#2489=VECTOR('',#8173,10.);
#2490=VECTOR('',#8176,10.);
#2491=VECTOR('',#8185,10.);
#2492=VECTOR('',#8186,10.);
#2493=VECTOR('',#8189,10.);
#2494=VECTOR('',#8190,10.);
#2495=VECTOR('',#8193,10.);
#2496=VECTOR('',#8194,270.897360660912);
#2497=VECTOR('',#8195,10.);
#2498=VECTOR('',#8198,270.408575590956);
#2499=VECTOR('',#8199,10.);
#2500=VECTOR('',#8202,10.);
#2501=VECTOR('',#8203,10.);
#2502=VECTOR('',#8206,10.);
#2503=VECTOR('',#8207,10.);
#2504=VECTOR('',#8212,10.);
#2505=VECTOR('',#8213,10.);
#2506=VECTOR('',#8216,270.897360660912);
#2507=VECTOR('',#8217,10.);
#2508=VECTOR('',#8220,270.408575590956);
#2509=VECTOR('',#8221,10.);
#2510=VECTOR('',#8224,10.);
#2511=VECTOR('',#8233,10.);
#2512=VECTOR('',#8234,10.);
#2513=VECTOR('',#8239,10.);
#2514=VECTOR('',#8242,10.);
#2515=VECTOR('',#8249,10.);
#2516=VECTOR('',#8250,10.);
#2517=VECTOR('',#8255,10.);
#2518=VECTOR('',#8256,10.);
#2519=VECTOR('',#8265,10.);
#2520=VECTOR('',#8266,10.);
#2521=VECTOR('',#8271,10.);
#2522=VECTOR('',#8274,10.);
#2523=VECTOR('',#8283,10.);
#2524=VECTOR('',#8284,10.);
#2525=VECTOR('',#8287,10.);
#2526=VECTOR('',#8288,10.);
#2527=VECTOR('',#8291,270.897360660912);
#2528=VECTOR('',#8292,10.);
#2529=VECTOR('',#8293,270.82988374825);
#2530=VECTOR('',#8294,270.476193037147);
#2531=VECTOR('',#8295,10.);
#2532=VECTOR('',#8298,270.408575590956);
#2533=VECTOR('',#8299,270.476193037147);
#2534=VECTOR('',#8300,270.829883748249);
#2535=VECTOR('',#8301,10.);
#2536=VECTOR('',#8304,10.);
#2537=VECTOR('',#8305,10.);
#2538=VECTOR('',#8308,10.);
#2539=VECTOR('',#8309,10.);
#2540=VECTOR('',#8314,10.);
#2541=VECTOR('',#8315,10.);
#2542=VECTOR('',#8318,270.897360660912);
#2543=VECTOR('',#8319,270.82988374825);
#2544=VECTOR('',#8320,270.476193037148);
#2545=VECTOR('',#8321,10.);
#2546=VECTOR('',#8324,270.408575590956);
#2547=VECTOR('',#8325,270.476193037148);
#2548=VECTOR('',#8326,270.82988374825);
#2549=VECTOR('',#8327,10.);
#2550=VECTOR('',#8330,10.);
#2551=VERTEX_POINT('',#8333);
#2552=VERTEX_POINT('',#8334);
#2553=VERTEX_POINT('',#8336);
#2554=VERTEX_POINT('',#8338);
#2555=VERTEX_POINT('',#8342);
#2556=VERTEX_POINT('',#8344);
#2557=VERTEX_POINT('',#8348);
#2558=VERTEX_POINT('',#8350);
#2559=VERTEX_POINT('',#8354);
#2560=VERTEX_POINT('',#8356);
#2561=VERTEX_POINT('',#8360);
#2562=VERTEX_POINT('',#8362);
#2563=VERTEX_POINT('',#8366);
#2564=VERTEX_POINT('',#8368);
#2565=VERTEX_POINT('',#8372);
#2566=VERTEX_POINT('',#8374);
#2567=VERTEX_POINT('',#8382);
#2568=VERTEX_POINT('',#8383);
#2569=VERTEX_POINT('',#8385);
#2570=VERTEX_POINT('',#8387);
#2571=VERTEX_POINT('',#8391);
#2572=VERTEX_POINT('',#8393);
#2573=VERTEX_POINT('',#8397);
#2574=VERTEX_POINT('',#8399);
#2575=VERTEX_POINT('',#8403);
#2576=VERTEX_POINT('',#8405);
#2577=VERTEX_POINT('',#8409);
#2578=VERTEX_POINT('',#8411);
#2579=VERTEX_POINT('',#8415);
#2580=VERTEX_POINT('',#8417);
#2581=VERTEX_POINT('',#8421);
#2582=VERTEX_POINT('',#8423);
#2583=VERTEX_POINT('',#8427);
#2584=VERTEX_POINT('',#8429);
#2585=VERTEX_POINT('',#8433);
#2586=VERTEX_POINT('',#8435);
#2587=VERTEX_POINT('',#8439);
#2588=VERTEX_POINT('',#8441);
#2589=VERTEX_POINT('',#8445);
#2590=VERTEX_POINT('',#8447);
#2591=VERTEX_POINT('',#8455);
#2592=VERTEX_POINT('',#8456);
#2593=VERTEX_POINT('',#8458);
#2594=VERTEX_POINT('',#8460);
#2595=VERTEX_POINT('',#8464);
#2596=VERTEX_POINT('',#8466);
#2597=VERTEX_POINT('',#8470);
#2598=VERTEX_POINT('',#8472);
#2599=VERTEX_POINT('',#8476);
#2600=VERTEX_POINT('',#8478);
#2601=VERTEX_POINT('',#8482);
#2602=VERTEX_POINT('',#8484);
#2603=VERTEX_POINT('',#8488);
#2604=VERTEX_POINT('',#8490);
#2605=VERTEX_POINT('',#8494);
#2606=VERTEX_POINT('',#8496);
#2607=VERTEX_POINT('',#8500);
#2608=VERTEX_POINT('',#8502);
#2609=VERTEX_POINT('',#8506);
#2610=VERTEX_POINT('',#8508);
#2611=VERTEX_POINT('',#8525);
#2612=VERTEX_POINT('',#8526);
#2613=VERTEX_POINT('',#8532);
#2614=VERTEX_POINT('',#8534);
#2615=VERTEX_POINT('',#8551);
#2616=VERTEX_POINT('',#8557);
#2617=VERTEX_POINT('',#8572);
#2618=VERTEX_POINT('',#8577);
#2619=VERTEX_POINT('',#8591);
#2620=VERTEX_POINT('',#8596);
#2621=VERTEX_POINT('',#8610);
#2622=VERTEX_POINT('',#8615);
#2623=VERTEX_POINT('',#8631);
#2624=VERTEX_POINT('',#8637);
#2625=VERTEX_POINT('',#8654);
#2626=VERTEX_POINT('',#8660);
#2627=VERTEX_POINT('',#8668);
#2628=VERTEX_POINT('',#8670);
#2629=VERTEX_POINT('',#8681);
#2630=VERTEX_POINT('',#8686);
#2631=VERTEX_POINT('',#8700);
#2632=VERTEX_POINT('',#8705);
#2633=VERTEX_POINT('',#8717);
#2634=VERTEX_POINT('',#8721);
#2635=VERTEX_POINT('',#8734);
#2636=VERTEX_POINT('',#8739);
#2637=VERTEX_POINT('',#8753);
#2638=VERTEX_POINT('',#8758);
#2639=VERTEX_POINT('',#8774);
#2640=VERTEX_POINT('',#8780);
#2641=VERTEX_POINT('',#8797);
#2642=VERTEX_POINT('',#8803);
#2643=VERTEX_POINT('',#8822);
#2644=VERTEX_POINT('',#8823);
#2645=VERTEX_POINT('',#8828);
#2646=VERTEX_POINT('',#8830);
#2647=VERTEX_POINT('',#8846);
#2648=VERTEX_POINT('',#8852);
#2649=VERTEX_POINT('',#8867);
#2650=VERTEX_POINT('',#8872);
#2651=VERTEX_POINT('',#8904);
#2652=VERTEX_POINT('',#8905);
#2653=VERTEX_POINT('',#8911);
#2654=VERTEX_POINT('',#8913);
#2655=VERTEX_POINT('',#8930);
#2656=VERTEX_POINT('',#8936);
#2657=VERTEX_POINT('',#8953);
#2658=VERTEX_POINT('',#8959);
#2659=VERTEX_POINT('',#8991);
#2660=VERTEX_POINT('',#8992);
#2661=VERTEX_POINT('',#8997);
#2662=VERTEX_POINT('',#8999);
#2663=VERTEX_POINT('',#9015);
#2664=VERTEX_POINT('',#9021);
#2665=VERTEX_POINT('',#9036);
#2666=VERTEX_POINT('',#9041);
#2667=VERTEX_POINT('',#9073);
#2668=VERTEX_POINT('',#9074);
#2669=VERTEX_POINT('',#9080);
#2670=VERTEX_POINT('',#9082);
#2671=VERTEX_POINT('',#9099);
#2672=VERTEX_POINT('',#9105);
#2673=VERTEX_POINT('',#9122);
#2674=VERTEX_POINT('',#9128);
#2675=VERTEX_POINT('',#9153);
#2676=VERTEX_POINT('',#9154);
#2677=VERTEX_POINT('',#9156);
#2678=VERTEX_POINT('',#9158);
#2679=VERTEX_POINT('',#9162);
#2680=VERTEX_POINT('',#9164);
#2681=VERTEX_POINT('',#9168);
#2682=VERTEX_POINT('',#9170);
#2683=VERTEX_POINT('',#9174);
#2684=VERTEX_POINT('',#9176);
#2685=VERTEX_POINT('',#9180);
#2686=VERTEX_POINT('',#9182);
#2687=VERTEX_POINT('',#9190);
#2688=VERTEX_POINT('',#9191);
#2689=VERTEX_POINT('',#9193);
#2690=VERTEX_POINT('',#9195);
#2691=VERTEX_POINT('',#9197);
#2692=VERTEX_POINT('',#9199);
#2693=VERTEX_POINT('',#9202);
#2694=VERTEX_POINT('',#9203);
#2695=VERTEX_POINT('',#9205);
#2696=VERTEX_POINT('',#9207);
#2697=VERTEX_POINT('',#9209);
#2698=VERTEX_POINT('',#9211);
#2699=VERTEX_POINT('',#9216);
#2700=VERTEX_POINT('',#9217);
#2701=VERTEX_POINT('',#9219);
#2702=VERTEX_POINT('',#9221);
#2703=VERTEX_POINT('',#9225);
#2704=VERTEX_POINT('',#9227);
#2705=VERTEX_POINT('',#9231);
#2706=VERTEX_POINT('',#9233);
#2707=VERTEX_POINT('',#9237);
#2708=VERTEX_POINT('',#9238);
#2709=VERTEX_POINT('',#9240);
#2710=VERTEX_POINT('',#9242);
#2711=VERTEX_POINT('',#9249);
#2712=VERTEX_POINT('',#9250);
#2713=VERTEX_POINT('',#9252);
#2714=VERTEX_POINT('',#9254);
#2715=VERTEX_POINT('',#9258);
#2716=VERTEX_POINT('',#9260);
#2717=VERTEX_POINT('',#9264);
#2718=VERTEX_POINT('',#9266);
#2719=VERTEX_POINT('',#9273);
#2720=VERTEX_POINT('',#9274);
#2721=VERTEX_POINT('',#9276);
#2722=VERTEX_POINT('',#9278);
#2723=VERTEX_POINT('',#9282);
#2724=VERTEX_POINT('',#9284);
#2725=VERTEX_POINT('',#9288);
#2726=VERTEX_POINT('',#9290);
#2727=VERTEX_POINT('',#9294);
#2728=VERTEX_POINT('',#9296);
#2729=VERTEX_POINT('',#9303);
#2730=VERTEX_POINT('',#9304);
#2731=VERTEX_POINT('',#9306);
#2732=VERTEX_POINT('',#9308);
#2733=VERTEX_POINT('',#9312);
#2734=VERTEX_POINT('',#9314);
#2735=VERTEX_POINT('',#9318);
#2736=VERTEX_POINT('',#9320);
#2737=VERTEX_POINT('',#9327);
#2738=VERTEX_POINT('',#9328);
#2739=VERTEX_POINT('',#9330);
#2740=VERTEX_POINT('',#9332);
#2741=VERTEX_POINT('',#9336);
#2742=VERTEX_POINT('',#9338);
#2743=VERTEX_POINT('',#9342);
#2744=VERTEX_POINT('',#9344);
#2745=VERTEX_POINT('',#9348);
#2746=VERTEX_POINT('',#9350);
#2747=VERTEX_POINT('',#9357);
#2748=VERTEX_POINT('',#9358);
#2749=VERTEX_POINT('',#9360);
#2750=VERTEX_POINT('',#9362);
#2751=VERTEX_POINT('',#9366);
#2752=VERTEX_POINT('',#9368);
#2753=VERTEX_POINT('',#9372);
#2754=VERTEX_POINT('',#9374);
#2755=VERTEX_POINT('',#9378);
#2756=VERTEX_POINT('',#9379);
#2757=VERTEX_POINT('',#9381);
#2758=VERTEX_POINT('',#9383);
#2759=VERTEX_POINT('',#9387);
#2760=VERTEX_POINT('',#9389);
#2761=VERTEX_POINT('',#9393);
#2762=VERTEX_POINT('',#9395);
#2763=VERTEX_POINT('',#9399);
#2764=VERTEX_POINT('',#9401);
#2765=VERTEX_POINT('',#9403);
#2766=VERTEX_POINT('',#9407);
#2767=VERTEX_POINT('',#9410);
#2768=VERTEX_POINT('',#9412);
#2769=VERTEX_POINT('',#9414);
#2770=VERTEX_POINT('',#9416);
#2771=VERTEX_POINT('',#9421);
#2772=VERTEX_POINT('',#9425);
#2773=VERTEX_POINT('',#9427);
#2774=VERTEX_POINT('',#9429);
#2775=VERTEX_POINT('',#9431);
#2776=VERTEX_POINT('',#9435);
#2777=VERTEX_POINT('',#9439);
#2778=VERTEX_POINT('',#9443);
#2779=VERTEX_POINT('',#9447);
#2780=VERTEX_POINT('',#9449);
#2781=VERTEX_POINT('',#9455);
#2782=VERTEX_POINT('',#9457);
#2783=VERTEX_POINT('',#9461);
#2784=VERTEX_POINT('',#9463);
#2785=VERTEX_POINT('',#9467);
#2786=VERTEX_POINT('',#9471);
#2787=VERTEX_POINT('',#9475);
#2788=VERTEX_POINT('',#9479);
#2789=VERTEX_POINT('',#9480);
#2790=VERTEX_POINT('',#9482);
#2791=VERTEX_POINT('',#9484);
#2792=VERTEX_POINT('',#9488);
#2793=VERTEX_POINT('',#9490);
#2794=VERTEX_POINT('',#9492);
#2795=VERTEX_POINT('',#9494);
#2796=VERTEX_POINT('',#9496);
#2797=VERTEX_POINT('',#9498);
#2798=VERTEX_POINT('',#9500);
#2799=VERTEX_POINT('',#9502);
#2800=VERTEX_POINT('',#9504);
#2801=VERTEX_POINT('',#9506);
#2802=VERTEX_POINT('',#9508);
#2803=VERTEX_POINT('',#9510);
#2804=VERTEX_POINT('',#9512);
#2805=VERTEX_POINT('',#9514);
#2806=VERTEX_POINT('',#9518);
#2807=VERTEX_POINT('',#9519);
#2808=VERTEX_POINT('',#9521);
#2809=VERTEX_POINT('',#9523);
#2810=VERTEX_POINT('',#9527);
#2811=VERTEX_POINT('',#9529);
#2812=VERTEX_POINT('',#9533);
#2813=VERTEX_POINT('',#9535);
#2814=VERTEX_POINT('',#9539);
#2815=VERTEX_POINT('',#9541);
#2816=VERTEX_POINT('',#9543);
#2817=VERTEX_POINT('',#9545);
#2818=VERTEX_POINT('',#9548);
#2819=VERTEX_POINT('',#9549);
#2820=VERTEX_POINT('',#9551);
#2821=VERTEX_POINT('',#9553);
#2822=VERTEX_POINT('',#9555);
#2823=VERTEX_POINT('',#9558);
#2824=VERTEX_POINT('',#9559);
#2825=VERTEX_POINT('',#9561);
#2826=VERTEX_POINT('',#9563);
#2827=VERTEX_POINT('',#9566);
#2828=VERTEX_POINT('',#9567);
#2829=VERTEX_POINT('',#9569);
#2830=VERTEX_POINT('',#9571);
#2831=VERTEX_POINT('',#9573);
#2832=VERTEX_POINT('',#9576);
#2833=VERTEX_POINT('',#9577);
#2834=VERTEX_POINT('',#9579);
#2835=VERTEX_POINT('',#9581);
#2836=VERTEX_POINT('',#9585);
#2837=VERTEX_POINT('',#9586);
#2838=VERTEX_POINT('',#9591);
#2839=VERTEX_POINT('',#9595);
#2840=VERTEX_POINT('',#9601);
#2841=VERTEX_POINT('',#9602);
#2842=VERTEX_POINT('',#9607);
#2843=VERTEX_POINT('',#9611);
#2844=VERTEX_POINT('',#9615);
#2845=VERTEX_POINT('',#9621);
#2846=VERTEX_POINT('',#9622);
#2847=VERTEX_POINT('',#9627);
#2848=VERTEX_POINT('',#9631);
#2849=VERTEX_POINT('',#9637);
#2850=VERTEX_POINT('',#9638);
#2851=VERTEX_POINT('',#9643);
#2852=VERTEX_POINT('',#9647);
#2853=VERTEX_POINT('',#9651);
#2854=VERTEX_POINT('',#9657);
#2855=VERTEX_POINT('',#9659);
#2856=VERTEX_POINT('',#9663);
#2857=VERTEX_POINT('',#9667);
#2858=VERTEX_POINT('',#9671);
#2859=VERTEX_POINT('',#9673);
#2860=VERTEX_POINT('',#9677);
#2861=VERTEX_POINT('',#9681);
#2862=VERTEX_POINT('',#9685);
#2863=VERTEX_POINT('',#9687);
#2864=VERTEX_POINT('',#9691);
#2865=VERTEX_POINT('',#9693);
#2866=VERTEX_POINT('',#9695);
#2867=VERTEX_POINT('',#9698);
#2868=VERTEX_POINT('',#9700);
#2869=VERTEX_POINT('',#9702);
#2870=VERTEX_POINT('',#9704);
#2871=VERTEX_POINT('',#9716);
#2872=VERTEX_POINT('',#9721);
#2873=VERTEX_POINT('',#9723);
#2874=VERTEX_POINT('',#9727);
#2875=VERTEX_POINT('',#9731);
#2876=VERTEX_POINT('',#9736);
#2877=VERTEX_POINT('',#9738);
#2878=VERTEX_POINT('',#9744);
#2879=VERTEX_POINT('',#9748);
#2880=VERTEX_POINT('',#9752);
#2881=VERTEX_POINT('',#9753);
#2882=VERTEX_POINT('',#9755);
#2883=VERTEX_POINT('',#9757);
#2884=VERTEX_POINT('',#9759);
#2885=VERTEX_POINT('',#9761);
#2886=VERTEX_POINT('',#9763);
#2887=VERTEX_POINT('',#9765);
#2888=VERTEX_POINT('',#9767);
#2889=VERTEX_POINT('',#9769);
#2890=VERTEX_POINT('',#9773);
#2891=VERTEX_POINT('',#9775);
#2892=VERTEX_POINT('',#9779);
#2893=VERTEX_POINT('',#9783);
#2894=VERTEX_POINT('',#9784);
#2895=VERTEX_POINT('',#9786);
#2896=VERTEX_POINT('',#9788);
#2897=VERTEX_POINT('',#9792);
#2898=VERTEX_POINT('',#9794);
#2899=VERTEX_POINT('',#9798);
#2900=VERTEX_POINT('',#9800);
#2901=VERTEX_POINT('',#9802);
#2902=VERTEX_POINT('',#9804);
#2903=VERTEX_POINT('',#9806);
#2904=VERTEX_POINT('',#9810);
#2905=VERTEX_POINT('',#9814);
#2906=VERTEX_POINT('',#9816);
#2907=VERTEX_POINT('',#9818);
#2908=VERTEX_POINT('',#9820);
#2909=VERTEX_POINT('',#9824);
#2910=VERTEX_POINT('',#9828);
#2911=VERTEX_POINT('',#9830);
#2912=VERTEX_POINT('',#9832);
#2913=VERTEX_POINT('',#9835);
#2914=VERTEX_POINT('',#9836);
#2915=VERTEX_POINT('',#9838);
#2916=VERTEX_POINT('',#9840);
#2917=VERTEX_POINT('',#9842);
#2918=VERTEX_POINT('',#9844);
#2919=VERTEX_POINT('',#9849);
#2920=VERTEX_POINT('',#9853);
#2921=VERTEX_POINT('',#9857);
#2922=VERTEX_POINT('',#9865);
#2923=VERTEX_POINT('',#9867);
#2924=VERTEX_POINT('',#9871);
#2925=VERTEX_POINT('',#9875);
#2926=VERTEX_POINT('',#9879);
#2927=VERTEX_POINT('',#9883);
#2928=VERTEX_POINT('',#9889);
#2929=VERTEX_POINT('',#9893);
#2930=VERTEX_POINT('',#9899);
#2931=VERTEX_POINT('',#9903);
#2932=VERTEX_POINT('',#9909);
#2933=VERTEX_POINT('',#9911);
#2934=VERTEX_POINT('',#9913);
#2935=VERTEX_POINT('',#9915);
#2936=VERTEX_POINT('',#9921);
#2937=VERTEX_POINT('',#9922);
#2938=VERTEX_POINT('',#9924);
#2939=VERTEX_POINT('',#9927);
#2940=VERTEX_POINT('',#9929);
#2941=VERTEX_POINT('',#9931);
#2942=VERTEX_POINT('',#9933);
#2943=VERTEX_POINT('',#9935);
#2944=VERTEX_POINT('',#9939);
#2945=VERTEX_POINT('',#9941);
#2946=VERTEX_POINT('',#9945);
#2947=VERTEX_POINT('',#9949);
#2948=VERTEX_POINT('',#9950);
#2949=VERTEX_POINT('',#9952);
#2950=VERTEX_POINT('',#9954);
#2951=VERTEX_POINT('',#9958);
#2952=VERTEX_POINT('',#9960);
#2953=VERTEX_POINT('',#9967);
#2954=VERTEX_POINT('',#9968);
#2955=VERTEX_POINT('',#9970);
#2956=VERTEX_POINT('',#9972);
#2957=VERTEX_POINT('',#9976);
#2958=VERTEX_POINT('',#9979);
#2959=VERTEX_POINT('',#9981);
#2960=VERTEX_POINT('',#9988);
#2961=VERTEX_POINT('',#9992);
#2962=VERTEX_POINT('',#9996);
#2963=VERTEX_POINT('',#9998);
#2964=VERTEX_POINT('',#10002);
#2965=VERTEX_POINT('',#10006);
#2966=VERTEX_POINT('',#10010);
#2967=VERTEX_POINT('',#10014);
#2968=VERTEX_POINT('',#10018);
#2969=VERTEX_POINT('',#10022);
#2970=VERTEX_POINT('',#10024);
#2971=VERTEX_POINT('',#10028);
#2972=VERTEX_POINT('',#10034);
#2973=VERTEX_POINT('',#10040);
#2974=VERTEX_POINT('',#10044);
#2975=VERTEX_POINT('',#10048);
#2976=VERTEX_POINT('',#10054);
#2977=VERTEX_POINT('',#10056);
#2978=VERTEX_POINT('',#10058);
#2979=VERTEX_POINT('',#10060);
#2980=VERTEX_POINT('',#10075);
#2981=VERTEX_POINT('',#10076);
#2982=VERTEX_POINT('',#10165);
#2983=VERTEX_POINT('',#10167);
#2984=VERTEX_POINT('',#10171);
#2985=VERTEX_POINT('',#10173);
#2986=VERTEX_POINT('',#10182);
#2987=VERTEX_POINT('',#10208);
#2988=VERTEX_POINT('',#10243);
#2989=VERTEX_POINT('',#10260);
#2990=VERTEX_POINT('',#10284);
#2991=VERTEX_POINT('',#10313);
#2992=VERTEX_POINT('',#10317);
#2993=VERTEX_POINT('',#10319);
#2994=VERTEX_POINT('',#10328);
#2995=VERTEX_POINT('',#10357);
#2996=VERTEX_POINT('',#10376);
#2997=VERTEX_POINT('',#10385);
#2998=VERTEX_POINT('',#10401);
#2999=VERTEX_POINT('',#10427);
#3000=VERTEX_POINT('',#10431);
#3001=VERTEX_POINT('',#10433);
#3002=VERTEX_POINT('',#10446);
#3003=VERTEX_POINT('',#10535);
#3004=VERTEX_POINT('',#10539);
#3005=VERTEX_POINT('',#10541);
#3006=VERTEX_POINT('',#10554);
#3007=VERTEX_POINT('',#10643);
#3008=VERTEX_POINT('',#10647);
#3009=VERTEX_POINT('',#10649);
#3010=VERTEX_POINT('',#10658);
#3011=VERTEX_POINT('',#10684);
#3012=VERTEX_POINT('',#10719);
#3013=VERTEX_POINT('',#10736);
#3014=VERTEX_POINT('',#10760);
#3015=VERTEX_POINT('',#10789);
#3016=VERTEX_POINT('',#10793);
#3017=VERTEX_POINT('',#10795);
#3018=VERTEX_POINT('',#10804);
#3019=VERTEX_POINT('',#10833);
#3020=VERTEX_POINT('',#10852);
#3021=VERTEX_POINT('',#10861);
#3022=VERTEX_POINT('',#10877);
#3023=VERTEX_POINT('',#10903);
#3024=VERTEX_POINT('',#10907);
#3025=VERTEX_POINT('',#10909);
#3026=VERTEX_POINT('',#10922);
#3027=VERTEX_POINT('',#11011);
#3028=VERTEX_POINT('',#11018);
#3029=VERTEX_POINT('',#11020);
#3030=VERTEX_POINT('',#11024);
#3031=VERTEX_POINT('',#11026);
#3032=VERTEX_POINT('',#11030);
#3033=VERTEX_POINT('',#11032);
#3034=VERTEX_POINT('',#11040);
#3035=VERTEX_POINT('',#11042);
#3036=VERTEX_POINT('',#11046);
#3037=VERTEX_POINT('',#11048);
#3038=VERTEX_POINT('',#11052);
#3039=VERTEX_POINT('',#11054);
#3040=VERTEX_POINT('',#11058);
#3041=VERTEX_POINT('',#11065);
#3042=VERTEX_POINT('',#11067);
#3043=VERTEX_POINT('',#11071);
#3044=VERTEX_POINT('',#11073);
#3045=VERTEX_POINT('',#11077);
#3046=VERTEX_POINT('',#11079);
#3047=VERTEX_POINT('',#11087);
#3048=VERTEX_POINT('',#11089);
#3049=VERTEX_POINT('',#11093);
#3050=VERTEX_POINT('',#11095);
#3051=VERTEX_POINT('',#11210);
#3052=VERTEX_POINT('',#11211);
#3053=VERTEX_POINT('',#11219);
#3054=VERTEX_POINT('',#11238);
#3055=VERTEX_POINT('',#11285);
#3056=VERTEX_POINT('',#11286);
#3057=VERTEX_POINT('',#11297);
#3058=VERTEX_POINT('',#11298);
#3059=VERTEX_POINT('',#11326);
#3060=VERTEX_POINT('',#11327);
#3061=VERTEX_POINT('',#11450);
#3062=VERTEX_POINT('',#11451);
#3063=VERTEX_POINT('',#11494);
#3064=VERTEX_POINT('',#11495);
#3065=VERTEX_POINT('',#11503);
#3066=VERTEX_POINT('',#11505);
#3067=VERTEX_POINT('',#11550);
#3068=VERTEX_POINT('',#11551);
#3069=VERTEX_POINT('',#11568);
#3070=VERTEX_POINT('',#11569);
#3071=VERTEX_POINT('',#11621);
#3072=VERTEX_POINT('',#11622);
#3073=VERTEX_POINT('',#11641);
#3074=VERTEX_POINT('',#11759);
#3075=VERTEX_POINT('',#11760);
#3076=VERTEX_POINT('',#11768);
#3077=VERTEX_POINT('',#11787);
#3078=VERTEX_POINT('',#11834);
#3079=VERTEX_POINT('',#11835);
#3080=VERTEX_POINT('',#11846);
#3081=VERTEX_POINT('',#11847);
#3082=VERTEX_POINT('',#11875);
#3083=VERTEX_POINT('',#11876);
#3084=VERTEX_POINT('',#11993);
#3085=VERTEX_POINT('',#12034);
#3086=VERTEX_POINT('',#12042);
#3087=VERTEX_POINT('',#12044);
#3088=VERTEX_POINT('',#12089);
#3089=VERTEX_POINT('',#12090);
#3090=VERTEX_POINT('',#12154);
#3091=VERTEX_POINT('',#12155);
#3092=VERTEX_POINT('',#12157);
#3093=VERTEX_POINT('',#12166);
#3094=VERTEX_POINT('',#12177);
#3095=VERTEX_POINT('',#13047);
#3096=VERTEX_POINT('',#13048);
#3097=VERTEX_POINT('',#13083);
#3098=VERTEX_POINT('',#13101);
#3099=VERTEX_POINT('',#13147);
#3100=VERTEX_POINT('',#13148);
#3101=VERTEX_POINT('',#13159);
#3102=VERTEX_POINT('',#13160);
#3103=VERTEX_POINT('',#13188);
#3104=VERTEX_POINT('',#13189);
#3105=VERTEX_POINT('',#13319);
#3106=VERTEX_POINT('',#13320);
#3107=VERTEX_POINT('',#13393);
#3108=VERTEX_POINT('',#13394);
#3109=VERTEX_POINT('',#13462);
#3110=VERTEX_POINT('',#13464);
#3111=VERTEX_POINT('',#13515);
#3112=VERTEX_POINT('',#13516);
#3113=VERTEX_POINT('',#13535);
#3114=VERTEX_POINT('',#13536);
#3115=VERTEX_POINT('',#13588);
#3116=VERTEX_POINT('',#13589);
#3117=VERTEX_POINT('',#13608);
#3118=VERTEX_POINT('',#13798);
#3119=VERTEX_POINT('',#13799);
#3120=VERTEX_POINT('',#13834);
#3121=VERTEX_POINT('',#13852);
#3122=VERTEX_POINT('',#13898);
#3123=VERTEX_POINT('',#13899);
#3124=VERTEX_POINT('',#13910);
#3125=VERTEX_POINT('',#13911);
#3126=VERTEX_POINT('',#13939);
#3127=VERTEX_POINT('',#13940);
#3128=VERTEX_POINT('',#14064);
#3129=VERTEX_POINT('',#14135);
#3130=VERTEX_POINT('',#14203);
#3131=VERTEX_POINT('',#14205);
#3132=VERTEX_POINT('',#14256);
#3133=VERTEX_POINT('',#14257);
#3134=VERTEX_POINT('',#14323);
#3135=VERTEX_POINT('',#14324);
#3136=VERTEX_POINT('',#14326);
#3137=VERTEX_POINT('',#14335);
#3138=VERTEX_POINT('',#14346);
#3139=EDGE_CURVE('',#2551,#2552,#1267,.T.);
#3140=EDGE_CURVE('',#2551,#2553,#1268,.T.);
#3141=EDGE_CURVE('',#2554,#2553,#1269,.T.);
#3142=EDGE_CURVE('',#2552,#2554,#1270,.T.);
#3143=EDGE_CURVE('',#2552,#2555,#1271,.T.);
#3144=EDGE_CURVE('',#2556,#2554,#1272,.T.);
#3145=EDGE_CURVE('',#2555,#2556,#1273,.T.);
#3146=EDGE_CURVE('',#2555,#2557,#1274,.T.);
#3147=EDGE_CURVE('',#2558,#2556,#1275,.T.);
#3148=EDGE_CURVE('',#2557,#2558,#1276,.T.);
#3149=EDGE_CURVE('',#2557,#2559,#1277,.T.);
#3150=EDGE_CURVE('',#2560,#2558,#1278,.T.);
#3151=EDGE_CURVE('',#2559,#2560,#1279,.T.);
#3152=EDGE_CURVE('',#2559,#2561,#1280,.T.);
#3153=EDGE_CURVE('',#2562,#2560,#1281,.T.);
#3154=EDGE_CURVE('',#2561,#2562,#1282,.T.);
#3155=EDGE_CURVE('',#2561,#2563,#1283,.T.);
#3156=EDGE_CURVE('',#2564,#2562,#1284,.T.);
#3157=EDGE_CURVE('',#2563,#2564,#1285,.T.);
#3158=EDGE_CURVE('',#2563,#2565,#1286,.T.);
#3159=EDGE_CURVE('',#2566,#2564,#1287,.T.);
#3160=EDGE_CURVE('',#2565,#2566,#1288,.T.);
#3161=EDGE_CURVE('',#2565,#2551,#1289,.T.);
#3162=EDGE_CURVE('',#2553,#2566,#1290,.T.);
#3163=EDGE_CURVE('',#2567,#2568,#1291,.T.);
#3164=EDGE_CURVE('',#2567,#2569,#1292,.T.);
#3165=EDGE_CURVE('',#2570,#2569,#1293,.T.);
#3166=EDGE_CURVE('',#2568,#2570,#1294,.T.);
#3167=EDGE_CURVE('',#2568,#2571,#1295,.T.);
#3168=EDGE_CURVE('',#2572,#2570,#1296,.T.);
#3169=EDGE_CURVE('',#2571,#2572,#1297,.T.);
#3170=EDGE_CURVE('',#2571,#2573,#1298,.T.);
#3171=EDGE_CURVE('',#2574,#2572,#1299,.T.);
#3172=EDGE_CURVE('',#2573,#2574,#1300,.T.);
#3173=EDGE_CURVE('',#2573,#2575,#1301,.T.);
#3174=EDGE_CURVE('',#2576,#2574,#1302,.T.);
#3175=EDGE_CURVE('',#2575,#2576,#1303,.T.);
#3176=EDGE_CURVE('',#2575,#2577,#1304,.T.);
#3177=EDGE_CURVE('',#2578,#2576,#1305,.T.);
#3178=EDGE_CURVE('',#2577,#2578,#1306,.T.);
#3179=EDGE_CURVE('',#2577,#2579,#1307,.T.);
#3180=EDGE_CURVE('',#2580,#2578,#1308,.T.);
#3181=EDGE_CURVE('',#2579,#2580,#1309,.T.);
#3182=EDGE_CURVE('',#2579,#2581,#1310,.T.);
#3183=EDGE_CURVE('',#2582,#2580,#1311,.T.);
#3184=EDGE_CURVE('',#2581,#2582,#1312,.T.);
#3185=EDGE_CURVE('',#2581,#2583,#1313,.T.);
#3186=EDGE_CURVE('',#2584,#2582,#1314,.T.);
#3187=EDGE_CURVE('',#2583,#2584,#1315,.T.);
#3188=EDGE_CURVE('',#2583,#2585,#1316,.T.);
#3189=EDGE_CURVE('',#2586,#2584,#1317,.T.);
#3190=EDGE_CURVE('',#2585,#2586,#1318,.T.);
#3191=EDGE_CURVE('',#2585,#2587,#1319,.T.);
#3192=EDGE_CURVE('',#2588,#2586,#1320,.T.);
#3193=EDGE_CURVE('',#2587,#2588,#1321,.T.);
#3194=EDGE_CURVE('',#2587,#2589,#1322,.T.);
#3195=EDGE_CURVE('',#2590,#2588,#1323,.T.);
#3196=EDGE_CURVE('',#2589,#2590,#1324,.T.);
#3197=EDGE_CURVE('',#2589,#2567,#1325,.T.);
#3198=EDGE_CURVE('',#2569,#2590,#1326,.T.);
#3199=EDGE_CURVE('',#2591,#2592,#1327,.T.);
#3200=EDGE_CURVE('',#2591,#2593,#1328,.T.);
#3201=EDGE_CURVE('',#2594,#2593,#1329,.T.);
#3202=EDGE_CURVE('',#2592,#2594,#1330,.T.);
#3203=EDGE_CURVE('',#2592,#2595,#1331,.T.);
#3204=EDGE_CURVE('',#2596,#2594,#1332,.T.);
#3205=EDGE_CURVE('',#2595,#2596,#1333,.T.);
#3206=EDGE_CURVE('',#2595,#2597,#1334,.T.);
#3207=EDGE_CURVE('',#2598,#2596,#1335,.T.);
#3208=EDGE_CURVE('',#2597,#2598,#1336,.T.);
#3209=EDGE_CURVE('',#2597,#2599,#1337,.T.);
#3210=EDGE_CURVE('',#2600,#2598,#1338,.T.);
#3211=EDGE_CURVE('',#2599,#2600,#1339,.T.);
#3212=EDGE_CURVE('',#2599,#2601,#1340,.T.);
#3213=EDGE_CURVE('',#2602,#2600,#1341,.T.);
#3214=EDGE_CURVE('',#2601,#2602,#1342,.T.);
#3215=EDGE_CURVE('',#2601,#2603,#1343,.T.);
#3216=EDGE_CURVE('',#2604,#2602,#1344,.T.);
#3217=EDGE_CURVE('',#2603,#2604,#1345,.T.);
#3218=EDGE_CURVE('',#2603,#2605,#1346,.T.);
#3219=EDGE_CURVE('',#2606,#2604,#1347,.T.);
#3220=EDGE_CURVE('',#2605,#2606,#1348,.T.);
#3221=EDGE_CURVE('',#2605,#2607,#1349,.T.);
#3222=EDGE_CURVE('',#2608,#2606,#1350,.T.);
#3223=EDGE_CURVE('',#2607,#2608,#1351,.T.);
#3224=EDGE_CURVE('',#2607,#2609,#1352,.T.);
#3225=EDGE_CURVE('',#2610,#2608,#1353,.T.);
#3226=EDGE_CURVE('',#2609,#2610,#1354,.T.);
#3227=EDGE_CURVE('',#2609,#2591,#1355,.T.);
#3228=EDGE_CURVE('',#2593,#2610,#1356,.T.);
#3229=EDGE_CURVE('',#2611,#2612,#253,.T.);
#3230=EDGE_CURVE('',#2611,#2613,#1357,.T.);
#3231=EDGE_CURVE('',#2614,#2613,#254,.T.);
#3232=EDGE_CURVE('',#2612,#2614,#1358,.T.);
#3233=EDGE_CURVE('',#2612,#2615,#255,.T.);
#3234=EDGE_CURVE('',#2616,#2614,#256,.T.);
#3235=EDGE_CURVE('',#2615,#2616,#1359,.T.);
#3236=EDGE_CURVE('',#2615,#2617,#257,.T.);
#3237=EDGE_CURVE('',#2618,#2616,#258,.T.);
#3238=EDGE_CURVE('',#2617,#2618,#1360,.T.);
#3239=EDGE_CURVE('',#2617,#2619,#259,.T.);
#3240=EDGE_CURVE('',#2620,#2618,#260,.T.);
#3241=EDGE_CURVE('',#2619,#2620,#1361,.T.);
#3242=EDGE_CURVE('',#2619,#2621,#261,.T.);
#3243=EDGE_CURVE('',#2622,#2620,#262,.T.);
#3244=EDGE_CURVE('',#2621,#2622,#1362,.T.);
#3245=EDGE_CURVE('',#2621,#2623,#263,.T.);
#3246=EDGE_CURVE('',#2624,#2622,#264,.T.);
#3247=EDGE_CURVE('',#2623,#2624,#1363,.T.);
#3248=EDGE_CURVE('',#2623,#2625,#265,.T.);
#3249=EDGE_CURVE('',#2626,#2624,#266,.T.);
#3250=EDGE_CURVE('',#2625,#2626,#1364,.T.);
#3251=EDGE_CURVE('',#2625,#2627,#1365,.T.);
#3252=EDGE_CURVE('',#2628,#2626,#1366,.T.);
#3253=EDGE_CURVE('',#2627,#2628,#1367,.T.);
#3254=EDGE_CURVE('',#2627,#2629,#267,.T.);
#3255=EDGE_CURVE('',#2630,#2628,#268,.T.);
#3256=EDGE_CURVE('',#2629,#2630,#1368,.T.);
#3257=EDGE_CURVE('',#2629,#2631,#269,.T.);
#3258=EDGE_CURVE('',#2632,#2630,#270,.T.);
#3259=EDGE_CURVE('',#2631,#2632,#1369,.T.);
#3260=EDGE_CURVE('',#2631,#2633,#271,.T.);
#3261=EDGE_CURVE('',#2634,#2632,#272,.T.);
#3262=EDGE_CURVE('',#2633,#2634,#1370,.T.);
#3263=EDGE_CURVE('',#2633,#2635,#273,.T.);
#3264=EDGE_CURVE('',#2636,#2634,#274,.T.);
#3265=EDGE_CURVE('',#2635,#2636,#1371,.T.);
#3266=EDGE_CURVE('',#2635,#2637,#275,.T.);
#3267=EDGE_CURVE('',#2638,#2636,#276,.T.);
#3268=EDGE_CURVE('',#2637,#2638,#1372,.T.);
#3269=EDGE_CURVE('',#2637,#2639,#277,.T.);
#3270=EDGE_CURVE('',#2640,#2638,#278,.T.);
#3271=EDGE_CURVE('',#2639,#2640,#1373,.T.);
#3272=EDGE_CURVE('',#2639,#2641,#279,.T.);
#3273=EDGE_CURVE('',#2642,#2640,#280,.T.);
#3274=EDGE_CURVE('',#2641,#2642,#1374,.T.);
#3275=EDGE_CURVE('',#2641,#2611,#1375,.T.);
#3276=EDGE_CURVE('',#2613,#2642,#1376,.T.);
#3277=EDGE_CURVE('',#2643,#2644,#281,.T.);
#3278=EDGE_CURVE('',#2643,#2645,#1377,.T.);
#3279=EDGE_CURVE('',#2646,#2645,#282,.T.);
#3280=EDGE_CURVE('',#2644,#2646,#1378,.T.);
#3281=EDGE_CURVE('',#2647,#2643,#283,.T.);
#3282=EDGE_CURVE('',#2647,#2648,#1379,.T.);
#3283=EDGE_CURVE('',#2645,#2648,#284,.T.);
#3284=EDGE_CURVE('',#2649,#2647,#285,.T.);
#3285=EDGE_CURVE('',#2649,#2650,#1380,.T.);
#3286=EDGE_CURVE('',#2648,#2650,#286,.T.);
#3287=EDGE_CURVE('',#2644,#2649,#287,.T.);
#3288=EDGE_CURVE('',#2650,#2646,#288,.T.);
#3289=EDGE_CURVE('',#2651,#2652,#289,.T.);
#3290=EDGE_CURVE('',#2651,#2653,#1381,.T.);
#3291=EDGE_CURVE('',#2654,#2653,#290,.T.);
#3292=EDGE_CURVE('',#2652,#2654,#1382,.T.);
#3293=EDGE_CURVE('',#2652,#2655,#291,.T.);
#3294=EDGE_CURVE('',#2656,#2654,#292,.T.);
#3295=EDGE_CURVE('',#2655,#2656,#1383,.T.);
#3296=EDGE_CURVE('',#2655,#2657,#293,.T.);
#3297=EDGE_CURVE('',#2658,#2656,#294,.T.);
#3298=EDGE_CURVE('',#2657,#2658,#1384,.T.);
#3299=EDGE_CURVE('',#2657,#2651,#295,.T.);
#3300=EDGE_CURVE('',#2653,#2658,#296,.T.);
#3301=EDGE_CURVE('',#2659,#2660,#297,.T.);
#3302=EDGE_CURVE('',#2659,#2661,#1385,.T.);
#3303=EDGE_CURVE('',#2662,#2661,#298,.T.);
#3304=EDGE_CURVE('',#2660,#2662,#1386,.T.);
#3305=EDGE_CURVE('',#2663,#2659,#299,.T.);
#3306=EDGE_CURVE('',#2663,#2664,#1387,.T.);
#3307=EDGE_CURVE('',#2661,#2664,#300,.T.);
#3308=EDGE_CURVE('',#2665,#2663,#301,.T.);
#3309=EDGE_CURVE('',#2665,#2666,#1388,.T.);
#3310=EDGE_CURVE('',#2664,#2666,#302,.T.);
#3311=EDGE_CURVE('',#2660,#2665,#303,.T.);
#3312=EDGE_CURVE('',#2666,#2662,#304,.T.);
#3313=EDGE_CURVE('',#2667,#2668,#305,.T.);
#3314=EDGE_CURVE('',#2667,#2669,#1389,.T.);
#3315=EDGE_CURVE('',#2670,#2669,#306,.T.);
#3316=EDGE_CURVE('',#2668,#2670,#1390,.T.);
#3317=EDGE_CURVE('',#2668,#2671,#307,.T.);
#3318=EDGE_CURVE('',#2672,#2670,#308,.T.);
#3319=EDGE_CURVE('',#2671,#2672,#1391,.T.);
#3320=EDGE_CURVE('',#2671,#2673,#309,.T.);
#3321=EDGE_CURVE('',#2674,#2672,#310,.T.);
#3322=EDGE_CURVE('',#2673,#2674,#1392,.T.);
#3323=EDGE_CURVE('',#2673,#2667,#311,.T.);
#3324=EDGE_CURVE('',#2669,#2674,#312,.T.);
#3325=EDGE_CURVE('',#2675,#2676,#1393,.T.);
#3326=EDGE_CURVE('',#2675,#2677,#1394,.T.);
#3327=EDGE_CURVE('',#2678,#2677,#1395,.T.);
#3328=EDGE_CURVE('',#2676,#2678,#1396,.T.);
#3329=EDGE_CURVE('',#2676,#2679,#1397,.T.);
#3330=EDGE_CURVE('',#2680,#2678,#1398,.T.);
#3331=EDGE_CURVE('',#2679,#2680,#1399,.T.);
#3332=EDGE_CURVE('',#2679,#2681,#1400,.T.);
#3333=EDGE_CURVE('',#2682,#2680,#1401,.T.);
#3334=EDGE_CURVE('',#2681,#2682,#1402,.T.);
#3335=EDGE_CURVE('',#2681,#2683,#1403,.T.);
#3336=EDGE_CURVE('',#2684,#2682,#1404,.T.);
#3337=EDGE_CURVE('',#2683,#2684,#1405,.T.);
#3338=EDGE_CURVE('',#2683,#2685,#1406,.T.);
#3339=EDGE_CURVE('',#2686,#2684,#1407,.T.);
#3340=EDGE_CURVE('',#2685,#2686,#1408,.T.);
#3341=EDGE_CURVE('',#2685,#2675,#1409,.T.);
#3342=EDGE_CURVE('',#2677,#2686,#1410,.T.);
#3343=EDGE_CURVE('',#2687,#2688,#1411,.T.);
#3344=EDGE_CURVE('',#2689,#2687,#1412,.T.);
#3345=EDGE_CURVE('',#2690,#2689,#173,.T.);
#3346=EDGE_CURVE('',#2691,#2690,#1413,.T.);
#3347=EDGE_CURVE('',#2692,#2691,#174,.T.);
#3348=EDGE_CURVE('',#2688,#2692,#1414,.T.);
#3349=EDGE_CURVE('',#2693,#2694,#1415,.T.);
#3350=EDGE_CURVE('',#2695,#2693,#1416,.T.);
#3351=EDGE_CURVE('',#2696,#2695,#1417,.T.);
#3352=EDGE_CURVE('',#2697,#2696,#175,.T.);
#3353=EDGE_CURVE('',#2698,#2697,#1418,.T.);
#3354=EDGE_CURVE('',#2694,#2698,#176,.T.);
#3355=EDGE_CURVE('',#2699,#2700,#177,.F.);
#3356=EDGE_CURVE('',#2700,#2701,#1419,.T.);
#3357=EDGE_CURVE('',#2701,#2702,#178,.F.);
#3358=EDGE_CURVE('',#2702,#2699,#1420,.T.);
#3359=EDGE_CURVE('',#2703,#2700,#1421,.T.);
#3360=EDGE_CURVE('',#2704,#2703,#1422,.T.);
#3361=EDGE_CURVE('',#2701,#2704,#1423,.T.);
#3362=EDGE_CURVE('',#2705,#2704,#179,.F.);
#3363=EDGE_CURVE('',#2703,#2706,#180,.F.);
#3364=EDGE_CURVE('',#2706,#2705,#1424,.T.);
#3365=EDGE_CURVE('',#2707,#2708,#181,.F.);
#3366=EDGE_CURVE('',#2708,#2709,#1425,.T.);
#3367=EDGE_CURVE('',#2709,#2710,#182,.F.);
#3368=EDGE_CURVE('',#2710,#2707,#1426,.T.);
#3369=EDGE_CURVE('',#2709,#2706,#1427,.T.);
#3370=EDGE_CURVE('',#2705,#2708,#1428,.T.);
#3371=EDGE_CURVE('',#2711,#2712,#1429,.T.);
#3372=EDGE_CURVE('',#2713,#2711,#1430,.T.);
#3373=EDGE_CURVE('',#2714,#2713,#1431,.T.);
#3374=EDGE_CURVE('',#2714,#2712,#1432,.T.);
#3375=EDGE_CURVE('',#2712,#2715,#1433,.T.);
#3376=EDGE_CURVE('',#2716,#2714,#1434,.T.);
#3377=EDGE_CURVE('',#2716,#2715,#1435,.T.);
#3378=EDGE_CURVE('',#2715,#2717,#1436,.T.);
#3379=EDGE_CURVE('',#2718,#2716,#1437,.T.);
#3380=EDGE_CURVE('',#2718,#2717,#1438,.T.);
#3381=EDGE_CURVE('',#2717,#2711,#1439,.T.);
#3382=EDGE_CURVE('',#2713,#2718,#1440,.T.);
#3383=EDGE_CURVE('',#2719,#2720,#1441,.T.);
#3384=EDGE_CURVE('',#2721,#2719,#1442,.T.);
#3385=EDGE_CURVE('',#2722,#2721,#1443,.T.);
#3386=EDGE_CURVE('',#2722,#2720,#1444,.T.);
#3387=EDGE_CURVE('',#2723,#2719,#1445,.T.);
#3388=EDGE_CURVE('',#2724,#2723,#1446,.T.);
#3389=EDGE_CURVE('',#2721,#2724,#1447,.T.);
#3390=EDGE_CURVE('',#2725,#2723,#1448,.T.);
#3391=EDGE_CURVE('',#2726,#2725,#1449,.T.);
#3392=EDGE_CURVE('',#2724,#2726,#1450,.T.);
#3393=EDGE_CURVE('',#2727,#2725,#1451,.T.);
#3394=EDGE_CURVE('',#2728,#2727,#1452,.T.);
#3395=EDGE_CURVE('',#2726,#2728,#1453,.T.);
#3396=EDGE_CURVE('',#2720,#2727,#1454,.T.);
#3397=EDGE_CURVE('',#2728,#2722,#1455,.T.);
#3398=EDGE_CURVE('',#2729,#2730,#1456,.T.);
#3399=EDGE_CURVE('',#2731,#2729,#1457,.T.);
#3400=EDGE_CURVE('',#2732,#2731,#1458,.T.);
#3401=EDGE_CURVE('',#2732,#2730,#1459,.T.);
#3402=EDGE_CURVE('',#2733,#2729,#1460,.T.);
#3403=EDGE_CURVE('',#2734,#2733,#1461,.T.);
#3404=EDGE_CURVE('',#2731,#2734,#1462,.T.);
#3405=EDGE_CURVE('',#2735,#2733,#1463,.T.);
#3406=EDGE_CURVE('',#2736,#2735,#1464,.T.);
#3407=EDGE_CURVE('',#2734,#2736,#1465,.T.);
#3408=EDGE_CURVE('',#2730,#2735,#1466,.T.);
#3409=EDGE_CURVE('',#2736,#2732,#1467,.T.);
#3410=EDGE_CURVE('',#2737,#2738,#1468,.T.);
#3411=EDGE_CURVE('',#2739,#2737,#1469,.T.);
#3412=EDGE_CURVE('',#2740,#2739,#1470,.T.);
#3413=EDGE_CURVE('',#2740,#2738,#1471,.T.);
#3414=EDGE_CURVE('',#2738,#2741,#1472,.T.);
#3415=EDGE_CURVE('',#2742,#2740,#1473,.T.);
#3416=EDGE_CURVE('',#2742,#2741,#1474,.T.);
#3417=EDGE_CURVE('',#2741,#2743,#1475,.T.);
#3418=EDGE_CURVE('',#2744,#2742,#1476,.T.);
#3419=EDGE_CURVE('',#2744,#2743,#1477,.T.);
#3420=EDGE_CURVE('',#2743,#2745,#1478,.T.);
#3421=EDGE_CURVE('',#2746,#2744,#1479,.T.);
#3422=EDGE_CURVE('',#2746,#2745,#1480,.T.);
#3423=EDGE_CURVE('',#2745,#2737,#1481,.T.);
#3424=EDGE_CURVE('',#2739,#2746,#1482,.T.);
#3425=EDGE_CURVE('',#2747,#2748,#1483,.T.);
#3426=EDGE_CURVE('',#2749,#2747,#1484,.T.);
#3427=EDGE_CURVE('',#2750,#2749,#1485,.T.);
#3428=EDGE_CURVE('',#2750,#2748,#1486,.T.);
#3429=EDGE_CURVE('',#2748,#2751,#31,.T.);
#3430=EDGE_CURVE('',#2752,#2750,#32,.T.);
#3431=EDGE_CURVE('',#2752,#2751,#1487,.T.);
#3432=EDGE_CURVE('',#2751,#2753,#1488,.T.);
#3433=EDGE_CURVE('',#2754,#2752,#1489,.T.);
#3434=EDGE_CURVE('',#2753,#2754,#1490,.T.);
#3435=EDGE_CURVE('',#2755,#2756,#1491,.T.);
#3436=EDGE_CURVE('',#2757,#2755,#1492,.T.);
#3437=EDGE_CURVE('',#2758,#2757,#1493,.T.);
#3438=EDGE_CURVE('',#2758,#2756,#1494,.T.);
#3439=EDGE_CURVE('',#2756,#2759,#33,.T.);
#3440=EDGE_CURVE('',#2760,#2758,#34,.T.);
#3441=EDGE_CURVE('',#2760,#2759,#1495,.T.);
#3442=EDGE_CURVE('',#2759,#2761,#1496,.T.);
#3443=EDGE_CURVE('',#2762,#2760,#1497,.T.);
#3444=EDGE_CURVE('',#2761,#2762,#1498,.T.);
#3445=EDGE_CURVE('',#2763,#2754,#1499,.T.);
#3446=EDGE_CURVE('',#2764,#2763,#35,.T.);
#3447=EDGE_CURVE('',#2765,#2764,#1500,.T.);
#3448=EDGE_CURVE('',#2753,#2765,#1501,.T.);
#3449=EDGE_CURVE('',#2766,#2702,#1502,.T.);
#3450=EDGE_CURVE('',#2766,#2755,#1503,.T.);
#3451=EDGE_CURVE('',#2761,#2767,#1504,.T.);
#3452=EDGE_CURVE('',#2768,#2767,#1505,.T.);
#3453=EDGE_CURVE('',#2769,#2768,#36,.T.);
#3454=EDGE_CURVE('',#2770,#2769,#1506,.T.);
#3455=EDGE_CURVE('',#2770,#2747,#1507,.T.);
#3456=EDGE_CURVE('',#2699,#2765,#1508,.T.);
#3457=EDGE_CURVE('',#2771,#2762,#1509,.T.);
#3458=EDGE_CURVE('',#2767,#2771,#1510,.T.);
#3459=EDGE_CURVE('',#2772,#2710,#1511,.T.);
#3460=EDGE_CURVE('',#2773,#2772,#37,.T.);
#3461=EDGE_CURVE('',#2774,#2773,#1512,.T.);
#3462=EDGE_CURVE('',#2775,#2774,#38,.T.);
#3463=EDGE_CURVE('',#2707,#2775,#1513,.T.);
#3464=EDGE_CURVE('',#2776,#2771,#1514,.T.);
#3465=EDGE_CURVE('',#2776,#2768,#1515,.T.);
#3466=EDGE_CURVE('',#2777,#2776,#39,.T.);
#3467=EDGE_CURVE('',#2777,#2769,#1516,.T.);
#3468=EDGE_CURVE('',#2778,#2777,#1517,.T.);
#3469=EDGE_CURVE('',#2778,#2770,#1518,.T.);
#3470=EDGE_CURVE('',#2779,#2766,#1519,.T.);
#3471=EDGE_CURVE('',#2780,#2779,#40,.T.);
#3472=EDGE_CURVE('',#2757,#2780,#1520,.T.);
#3473=EDGE_CURVE('',#2749,#2778,#1521,.T.);
#3474=EDGE_CURVE('',#2781,#2772,#1522,.T.);
#3475=EDGE_CURVE('',#2781,#2782,#41,.T.);
#3476=EDGE_CURVE('',#2782,#2773,#1523,.T.);
#3477=EDGE_CURVE('',#2763,#2783,#1524,.T.);
#3478=EDGE_CURVE('',#2784,#2783,#42,.T.);
#3479=EDGE_CURVE('',#2764,#2784,#1525,.T.);
#3480=EDGE_CURVE('',#2782,#2785,#1526,.T.);
#3481=EDGE_CURVE('',#2785,#2774,#1527,.T.);
#3482=EDGE_CURVE('',#2780,#2786,#1528,.T.);
#3483=EDGE_CURVE('',#2783,#2786,#1529,.T.);
#3484=EDGE_CURVE('',#2779,#2787,#1530,.T.);
#3485=EDGE_CURVE('',#2786,#2787,#43,.T.);
#3486=EDGE_CURVE('',#2788,#2789,#183,.F.);
#3487=EDGE_CURVE('',#2789,#2790,#1531,.T.);
#3488=EDGE_CURVE('',#2790,#2791,#184,.F.);
#3489=EDGE_CURVE('',#2791,#2788,#1532,.T.);
#3490=EDGE_CURVE('',#2792,#2789,#1533,.T.);
#3491=EDGE_CURVE('',#2793,#2792,#1534,.T.);
#3492=EDGE_CURVE('',#2793,#2794,#1535,.T.);
#3493=EDGE_CURVE('',#2794,#2795,#44,.T.);
#3494=EDGE_CURVE('',#2795,#2796,#1536,.T.);
#3495=EDGE_CURVE('',#2797,#2796,#1537,.T.);
#3496=EDGE_CURVE('',#2797,#2798,#1538,.T.);
#3497=EDGE_CURVE('',#2798,#2799,#45,.T.);
#3498=EDGE_CURVE('',#2799,#2800,#1539,.T.);
#3499=EDGE_CURVE('',#2801,#2800,#1540,.T.);
#3500=EDGE_CURVE('',#2801,#2802,#1541,.T.);
#3501=EDGE_CURVE('',#2802,#2803,#46,.T.);
#3502=EDGE_CURVE('',#2803,#2804,#1542,.T.);
#3503=EDGE_CURVE('',#2805,#2804,#1543,.T.);
#3504=EDGE_CURVE('',#2790,#2805,#1544,.T.);
#3505=EDGE_CURVE('',#2806,#2807,#185,.F.);
#3506=EDGE_CURVE('',#2807,#2808,#1545,.T.);
#3507=EDGE_CURVE('',#2808,#2809,#186,.F.);
#3508=EDGE_CURVE('',#2809,#2806,#1546,.T.);
#3509=EDGE_CURVE('',#2810,#2807,#1547,.T.);
#3510=EDGE_CURVE('',#2811,#2810,#1548,.T.);
#3511=EDGE_CURVE('',#2808,#2811,#1549,.T.);
#3512=EDGE_CURVE('',#2810,#2812,#187,.F.);
#3513=EDGE_CURVE('',#2812,#2813,#1550,.T.);
#3514=EDGE_CURVE('',#2813,#2811,#188,.F.);
#3515=EDGE_CURVE('',#2814,#2812,#1551,.T.);
#3516=EDGE_CURVE('',#2815,#2814,#47,.T.);
#3517=EDGE_CURVE('',#2816,#2815,#1552,.T.);
#3518=EDGE_CURVE('',#2817,#2816,#48,.T.);
#3519=EDGE_CURVE('',#2813,#2817,#1553,.T.);
#3520=EDGE_CURVE('',#2818,#2819,#1554,.T.);
#3521=EDGE_CURVE('',#2819,#2820,#1555,.T.);
#3522=EDGE_CURVE('',#2820,#2821,#1556,.T.);
#3523=EDGE_CURVE('',#2821,#2822,#1557,.T.);
#3524=EDGE_CURVE('',#2822,#2818,#1558,.T.);
#3525=EDGE_CURVE('',#2823,#2824,#1559,.T.);
#3526=EDGE_CURVE('',#2824,#2825,#1560,.T.);
#3527=EDGE_CURVE('',#2825,#2826,#1561,.T.);
#3528=EDGE_CURVE('',#2826,#2823,#1562,.T.);
#3529=EDGE_CURVE('',#2827,#2828,#1563,.T.);
#3530=EDGE_CURVE('',#2828,#2829,#1564,.T.);
#3531=EDGE_CURVE('',#2829,#2830,#1565,.T.);
#3532=EDGE_CURVE('',#2830,#2831,#1566,.T.);
#3533=EDGE_CURVE('',#2831,#2827,#1567,.T.);
#3534=EDGE_CURVE('',#2832,#2833,#1568,.T.);
#3535=EDGE_CURVE('',#2833,#2834,#1569,.T.);
#3536=EDGE_CURVE('',#2834,#2835,#1570,.T.);
#3537=EDGE_CURVE('',#2835,#2832,#1571,.T.);
#3538=EDGE_CURVE('',#2836,#2837,#1572,.T.);
#3539=EDGE_CURVE('',#2833,#2836,#1573,.T.);
#3540=EDGE_CURVE('',#2832,#2837,#1574,.T.);
#3541=EDGE_CURVE('',#2838,#2836,#1575,.T.);
#3542=EDGE_CURVE('',#2834,#2838,#1576,.T.);
#3543=EDGE_CURVE('',#2839,#2838,#1577,.T.);
#3544=EDGE_CURVE('',#2835,#2839,#1578,.T.);
#3545=EDGE_CURVE('',#2837,#2839,#1579,.T.);
#3546=EDGE_CURVE('',#2840,#2841,#1580,.T.);
#3547=EDGE_CURVE('',#2828,#2840,#1581,.T.);
#3548=EDGE_CURVE('',#2827,#2841,#1582,.T.);
#3549=EDGE_CURVE('',#2841,#2842,#1583,.T.);
#3550=EDGE_CURVE('',#2831,#2842,#1584,.T.);
#3551=EDGE_CURVE('',#2842,#2843,#1585,.T.);
#3552=EDGE_CURVE('',#2830,#2843,#1586,.T.);
#3553=EDGE_CURVE('',#2843,#2844,#1587,.T.);
#3554=EDGE_CURVE('',#2829,#2844,#1588,.T.);
#3555=EDGE_CURVE('',#2844,#2840,#1589,.T.);
#3556=EDGE_CURVE('',#2845,#2846,#1590,.T.);
#3557=EDGE_CURVE('',#2824,#2845,#1591,.T.);
#3558=EDGE_CURVE('',#2823,#2846,#1592,.T.);
#3559=EDGE_CURVE('',#2846,#2847,#1593,.T.);
#3560=EDGE_CURVE('',#2826,#2847,#1594,.T.);
#3561=EDGE_CURVE('',#2847,#2848,#1595,.T.);
#3562=EDGE_CURVE('',#2825,#2848,#1596,.T.);
#3563=EDGE_CURVE('',#2848,#2845,#1597,.T.);
#3564=EDGE_CURVE('',#2849,#2850,#1598,.T.);
#3565=EDGE_CURVE('',#2819,#2849,#1599,.T.);
#3566=EDGE_CURVE('',#2818,#2850,#1600,.T.);
#3567=EDGE_CURVE('',#2851,#2849,#1601,.T.);
#3568=EDGE_CURVE('',#2820,#2851,#1602,.T.);
#3569=EDGE_CURVE('',#2852,#2851,#1603,.T.);
#3570=EDGE_CURVE('',#2821,#2852,#1604,.T.);
#3571=EDGE_CURVE('',#2853,#2852,#1605,.T.);
#3572=EDGE_CURVE('',#2822,#2853,#1606,.T.);
#3573=EDGE_CURVE('',#2850,#2853,#1607,.T.);
#3574=EDGE_CURVE('',#2854,#2795,#1608,.T.);
#3575=EDGE_CURVE('',#2855,#2854,#1609,.T.);
#3576=EDGE_CURVE('',#2796,#2855,#1610,.T.);
#3577=EDGE_CURVE('',#2856,#2794,#1611,.T.);
#3578=EDGE_CURVE('',#2854,#2856,#49,.T.);
#3579=EDGE_CURVE('',#2857,#2793,#1612,.T.);
#3580=EDGE_CURVE('',#2856,#2857,#1613,.T.);
#3581=EDGE_CURVE('',#2858,#2803,#1614,.T.);
#3582=EDGE_CURVE('',#2859,#2858,#1615,.T.);
#3583=EDGE_CURVE('',#2804,#2859,#1616,.T.);
#3584=EDGE_CURVE('',#2860,#2802,#1617,.T.);
#3585=EDGE_CURVE('',#2858,#2860,#50,.T.);
#3586=EDGE_CURVE('',#2861,#2801,#1618,.T.);
#3587=EDGE_CURVE('',#2860,#2861,#1619,.T.);
#3588=EDGE_CURVE('',#2862,#2792,#1620,.T.);
#3589=EDGE_CURVE('',#2863,#2862,#51,.T.);
#3590=EDGE_CURVE('',#2857,#2863,#1621,.T.);
#3591=EDGE_CURVE('',#2863,#2864,#1622,.T.);
#3592=EDGE_CURVE('',#2865,#2864,#1623,.T.);
#3593=EDGE_CURVE('',#2866,#2865,#1624,.T.);
#3594=EDGE_CURVE('',#2866,#2859,#1625,.T.);
#3595=EDGE_CURVE('',#2861,#2867,#1626,.T.);
#3596=EDGE_CURVE('',#2867,#2868,#1627,.T.);
#3597=EDGE_CURVE('',#2868,#2869,#52,.T.);
#3598=EDGE_CURVE('',#2869,#2870,#1628,.T.);
#3599=EDGE_CURVE('',#2870,#2855,#1629,.T.);
#3600=EDGE_CURVE('',#2800,#2867,#1630,.T.);
#3601=EDGE_CURVE('',#2868,#2799,#1631,.T.);
#3602=EDGE_CURVE('',#2869,#2798,#1632,.T.);
#3603=EDGE_CURVE('',#2870,#2797,#1633,.T.);
#3604=EDGE_CURVE('',#2871,#2866,#53,.T.);
#3605=EDGE_CURVE('',#2805,#2871,#1634,.T.);
#3606=EDGE_CURVE('',#2872,#2815,#1635,.T.);
#3607=EDGE_CURVE('',#2872,#2873,#1636,.T.);
#3608=EDGE_CURVE('',#2873,#2816,#1637,.T.);
#3609=EDGE_CURVE('',#2873,#2874,#54,.T.);
#3610=EDGE_CURVE('',#2874,#2817,#1638,.T.);
#3611=EDGE_CURVE('',#2862,#2875,#1639,.T.);
#3612=EDGE_CURVE('',#2864,#2875,#55,.T.);
#3613=EDGE_CURVE('',#2788,#2809,#1640,.T.);
#3614=EDGE_CURVE('',#2874,#2876,#1641,.T.);
#3615=EDGE_CURVE('',#2876,#2877,#1642,.T.);
#3616=EDGE_CURVE('',#2875,#2877,#1643,.T.);
#3617=EDGE_CURVE('',#2806,#2791,#1644,.T.);
#3618=EDGE_CURVE('',#2878,#2814,#1645,.T.);
#3619=EDGE_CURVE('',#2878,#2872,#56,.T.);
#3620=EDGE_CURVE('',#2879,#2865,#57,.T.);
#3621=EDGE_CURVE('',#2871,#2879,#1646,.T.);
#3622=EDGE_CURVE('',#2880,#2881,#189,.T.);
#3623=EDGE_CURVE('',#2880,#2882,#1647,.T.);
#3624=EDGE_CURVE('',#2882,#2883,#190,.T.);
#3625=EDGE_CURVE('',#2883,#2884,#1648,.T.);
#3626=EDGE_CURVE('',#2884,#2885,#1649,.T.);
#3627=EDGE_CURVE('',#2886,#2885,#1650,.T.);
#3628=EDGE_CURVE('',#2887,#2886,#1651,.T.);
#3629=EDGE_CURVE('',#2887,#2888,#191,.T.);
#3630=EDGE_CURVE('',#2888,#2889,#1652,.T.);
#3631=EDGE_CURVE('',#2889,#2881,#1653,.T.);
#3632=EDGE_CURVE('',#2881,#2890,#1654,.T.);
#3633=EDGE_CURVE('',#2890,#2891,#192,.T.);
#3634=EDGE_CURVE('',#2891,#2880,#1655,.T.);
#3635=EDGE_CURVE('',#2892,#2891,#1656,.T.);
#3636=EDGE_CURVE('',#2892,#2882,#1657,.T.);
#3637=EDGE_CURVE('',#2893,#2894,#193,.T.);
#3638=EDGE_CURVE('',#2893,#2895,#1658,.T.);
#3639=EDGE_CURVE('',#2896,#2895,#194,.T.);
#3640=EDGE_CURVE('',#2894,#2896,#1659,.T.);
#3641=EDGE_CURVE('',#2894,#2897,#1660,.T.);
#3642=EDGE_CURVE('',#2898,#2896,#1661,.T.);
#3643=EDGE_CURVE('',#2897,#2898,#1662,.T.);
#3644=EDGE_CURVE('',#2897,#2899,#1663,.T.);
#3645=EDGE_CURVE('',#2900,#2899,#1664,.T.);
#3646=EDGE_CURVE('',#2901,#2900,#1665,.T.);
#3647=EDGE_CURVE('',#2901,#2902,#195,.T.);
#3648=EDGE_CURVE('',#2902,#2903,#1666,.T.);
#3649=EDGE_CURVE('',#2903,#2893,#1667,.T.);
#3650=EDGE_CURVE('',#2898,#2904,#1668,.T.);
#3651=EDGE_CURVE('',#2899,#2904,#1669,.T.);
#3652=EDGE_CURVE('',#2895,#2905,#1670,.T.);
#3653=EDGE_CURVE('',#2905,#2906,#1671,.T.);
#3654=EDGE_CURVE('',#2906,#2907,#196,.T.);
#3655=EDGE_CURVE('',#2907,#2908,#1672,.T.);
#3656=EDGE_CURVE('',#2904,#2908,#1673,.T.);
#3657=EDGE_CURVE('',#2909,#2892,#197,.T.);
#3658=EDGE_CURVE('',#2909,#2883,#1674,.T.);
#3659=EDGE_CURVE('',#2910,#2909,#1675,.T.);
#3660=EDGE_CURVE('',#2911,#2910,#198,.T.);
#3661=EDGE_CURVE('',#2912,#2911,#1676,.T.);
#3662=EDGE_CURVE('',#2884,#2912,#199,.T.);
#3663=EDGE_CURVE('',#2913,#2914,#1677,.T.);
#3664=EDGE_CURVE('',#2915,#2913,#200,.T.);
#3665=EDGE_CURVE('',#2916,#2915,#1678,.T.);
#3666=EDGE_CURVE('',#2917,#2916,#201,.T.);
#3667=EDGE_CURVE('',#2918,#2917,#1679,.T.);
#3668=EDGE_CURVE('',#2914,#2918,#1680,.T.);
#3669=EDGE_CURVE('',#2889,#2905,#1681,.T.);
#3670=EDGE_CURVE('',#2903,#2919,#1682,.T.);
#3671=EDGE_CURVE('',#2890,#2919,#1683,.T.);
#3672=EDGE_CURVE('',#2919,#2920,#1684,.T.);
#3673=EDGE_CURVE('',#2920,#2902,#1685,.T.);
#3674=EDGE_CURVE('',#2920,#2921,#202,.T.);
#3675=EDGE_CURVE('',#2921,#2901,#1686,.T.);
#3676=EDGE_CURVE('',#2906,#2888,#1687,.T.);
#3677=EDGE_CURVE('',#2907,#2887,#1688,.T.);
#3678=EDGE_CURVE('',#2916,#2922,#1689,.T.);
#3679=EDGE_CURVE('',#2923,#2922,#58,.T.);
#3680=EDGE_CURVE('',#2917,#2923,#1690,.T.);
#3681=EDGE_CURVE('',#2915,#2924,#1691,.T.);
#3682=EDGE_CURVE('',#2922,#2924,#1692,.T.);
#3683=EDGE_CURVE('',#2913,#2925,#1693,.T.);
#3684=EDGE_CURVE('',#2924,#2925,#59,.T.);
#3685=EDGE_CURVE('',#2912,#2926,#1694,.T.);
#3686=EDGE_CURVE('',#2885,#2926,#60,.T.);
#3687=EDGE_CURVE('',#2900,#2927,#1695,.T.);
#3688=EDGE_CURVE('',#2921,#2927,#1696,.T.);
#3689=EDGE_CURVE('',#2886,#2908,#1697,.T.);
#3690=EDGE_CURVE('',#2914,#2928,#1698,.T.);
#3691=EDGE_CURVE('',#2925,#2928,#1699,.T.);
#3692=EDGE_CURVE('',#2918,#2929,#1700,.T.);
#3693=EDGE_CURVE('',#2928,#2929,#1701,.T.);
#3694=EDGE_CURVE('',#2929,#2923,#1702,.T.);
#3695=EDGE_CURVE('',#2911,#2930,#1703,.T.);
#3696=EDGE_CURVE('',#2926,#2930,#1704,.T.);
#3697=EDGE_CURVE('',#2910,#2931,#1705,.T.);
#3698=EDGE_CURVE('',#2930,#2931,#61,.T.);
#3699=EDGE_CURVE('',#2931,#2927,#1706,.T.);
#3700=EDGE_CURVE('',#2927,#2932,#1707,.T.);
#3701=EDGE_CURVE('',#2932,#2933,#1708,.T.);
#3702=EDGE_CURVE('',#2934,#2933,#1709,.T.);
#3703=EDGE_CURVE('',#2935,#2934,#1710,.T.);
#3704=EDGE_CURVE('',#2935,#2886,#1711,.T.);
#3705=EDGE_CURVE('',#2908,#2900,#1712,.T.);
#3706=EDGE_CURVE('',#2936,#2937,#203,.T.);
#3707=EDGE_CURVE('',#2936,#2938,#1713,.T.);
#3708=EDGE_CURVE('',#2938,#2688,#204,.T.);
#3709=EDGE_CURVE('',#2692,#2939,#1714,.T.);
#3710=EDGE_CURVE('',#2940,#2939,#1715,.T.);
#3711=EDGE_CURVE('',#2941,#2940,#1716,.T.);
#3712=EDGE_CURVE('',#2941,#2942,#205,.T.);
#3713=EDGE_CURVE('',#2942,#2943,#1717,.T.);
#3714=EDGE_CURVE('',#2943,#2937,#1718,.T.);
#3715=EDGE_CURVE('',#2937,#2944,#1719,.T.);
#3716=EDGE_CURVE('',#2944,#2945,#206,.T.);
#3717=EDGE_CURVE('',#2945,#2936,#1720,.T.);
#3718=EDGE_CURVE('',#2946,#2945,#1721,.T.);
#3719=EDGE_CURVE('',#2938,#2946,#1722,.T.);
#3720=EDGE_CURVE('',#2947,#2948,#207,.T.);
#3721=EDGE_CURVE('',#2947,#2949,#1723,.T.);
#3722=EDGE_CURVE('',#2950,#2949,#208,.T.);
#3723=EDGE_CURVE('',#2948,#2950,#1724,.T.);
#3724=EDGE_CURVE('',#2951,#2947,#1725,.T.);
#3725=EDGE_CURVE('',#2952,#2951,#1726,.T.);
#3726=EDGE_CURVE('',#2949,#2952,#1727,.T.);
#3727=EDGE_CURVE('',#2687,#2946,#209,.T.);
#3728=EDGE_CURVE('',#2953,#2954,#210,.T.);
#3729=EDGE_CURVE('',#2955,#2953,#1728,.T.);
#3730=EDGE_CURVE('',#2956,#2955,#211,.T.);
#3731=EDGE_CURVE('',#2954,#2956,#1729,.T.);
#3732=EDGE_CURVE('',#2957,#2943,#1730,.T.);
#3733=EDGE_CURVE('',#2948,#2957,#1731,.T.);
#3734=EDGE_CURVE('',#2958,#2950,#1732,.T.);
#3735=EDGE_CURVE('',#2959,#2958,#1733,.T.);
#3736=EDGE_CURVE('',#2944,#2959,#1734,.T.);
#3737=EDGE_CURVE('',#2954,#2958,#1735,.T.);
#3738=EDGE_CURVE('',#2959,#2956,#1736,.T.);
#3739=EDGE_CURVE('',#2942,#2960,#1737,.T.);
#3740=EDGE_CURVE('',#2957,#2960,#1738,.T.);
#3741=EDGE_CURVE('',#2961,#2941,#1739,.T.);
#3742=EDGE_CURVE('',#2960,#2961,#212,.T.);
#3743=EDGE_CURVE('',#2696,#2962,#1740,.T.);
#3744=EDGE_CURVE('',#2963,#2962,#62,.T.);
#3745=EDGE_CURVE('',#2697,#2963,#1741,.T.);
#3746=EDGE_CURVE('',#2695,#2964,#1742,.T.);
#3747=EDGE_CURVE('',#2962,#2964,#1743,.T.);
#3748=EDGE_CURVE('',#2693,#2965,#1744,.T.);
#3749=EDGE_CURVE('',#2964,#2965,#1745,.T.);
#3750=EDGE_CURVE('',#2691,#2966,#1746,.T.);
#3751=EDGE_CURVE('',#2939,#2966,#63,.T.);
#3752=EDGE_CURVE('',#2690,#2967,#1747,.T.);
#3753=EDGE_CURVE('',#2966,#2967,#1748,.T.);
#3754=EDGE_CURVE('',#2689,#2968,#1749,.T.);
#3755=EDGE_CURVE('',#2967,#2968,#64,.T.);
#3756=EDGE_CURVE('',#2961,#2969,#1750,.T.);
#3757=EDGE_CURVE('',#2970,#2969,#1751,.T.);
#3758=EDGE_CURVE('',#2951,#2970,#1752,.T.);
#3759=EDGE_CURVE('',#2694,#2971,#1753,.T.);
#3760=EDGE_CURVE('',#2965,#2971,#1754,.T.);
#3761=EDGE_CURVE('',#2940,#2969,#1755,.T.);
#3762=EDGE_CURVE('',#2972,#2963,#1756,.T.);
#3763=EDGE_CURVE('',#2698,#2972,#1757,.T.);
#3764=EDGE_CURVE('',#2971,#2972,#65,.T.);
#3765=EDGE_CURVE('',#2973,#2970,#1758,.T.);
#3766=EDGE_CURVE('',#2952,#2973,#1759,.T.);
#3767=EDGE_CURVE('',#2974,#2973,#1760,.T.);
#3768=EDGE_CURVE('',#2953,#2974,#1761,.T.);
#3769=EDGE_CURVE('',#2974,#2975,#1762,.T.);
#3770=EDGE_CURVE('',#2955,#2975,#1763,.T.);
#3771=EDGE_CURVE('',#2968,#2975,#1764,.T.);
#3772=EDGE_CURVE('',#2975,#2976,#1765,.T.);
#3773=EDGE_CURVE('',#2976,#2977,#1766,.T.);
#3774=EDGE_CURVE('',#2978,#2977,#1767,.T.);
#3775=EDGE_CURVE('',#2979,#2978,#1768,.T.);
#3776=EDGE_CURVE('',#2979,#2940,#1769,.T.);
#3777=EDGE_CURVE('',#2969,#2974,#1770,.T.);
#3778=EDGE_CURVE('',#2980,#2981,#313,.T.);
#3779=EDGE_CURVE('',#2981,#2982,#1771,.T.);
#3780=EDGE_CURVE('',#2983,#2982,#213,.T.);
#3781=EDGE_CURVE('',#2980,#2983,#1772,.T.);
#3782=EDGE_CURVE('',#2984,#2980,#1773,.T.);
#3783=EDGE_CURVE('',#2985,#2983,#1774,.T.);
#3784=EDGE_CURVE('',#2984,#2985,#1775,.T.);
#3785=EDGE_CURVE('',#2986,#2984,#314,.T.);
#3786=EDGE_CURVE('',#2987,#2985,#214,.T.);
#3787=EDGE_CURVE('',#2986,#2987,#1776,.T.);
#3788=EDGE_CURVE('',#2988,#2986,#315,.T.);
#3789=EDGE_CURVE('',#2989,#2987,#316,.T.);
#3790=EDGE_CURVE('',#2988,#2989,#1777,.T.);
#3791=EDGE_CURVE('',#2990,#2988,#317,.T.);
#3792=EDGE_CURVE('',#2991,#2989,#215,.T.);
#3793=EDGE_CURVE('',#2990,#2991,#1778,.T.);
#3794=EDGE_CURVE('',#2992,#2990,#1779,.T.);
#3795=EDGE_CURVE('',#2993,#2991,#1780,.T.);
#3796=EDGE_CURVE('',#2992,#2993,#1781,.T.);
#3797=EDGE_CURVE('',#2994,#2992,#318,.T.);
#3798=EDGE_CURVE('',#2995,#2993,#216,.T.);
#3799=EDGE_CURVE('',#2994,#2995,#1782,.T.);
#3800=EDGE_CURVE('',#2996,#2994,#319,.T.);
#3801=EDGE_CURVE('',#2997,#2995,#320,.T.);
#3802=EDGE_CURVE('',#2996,#2997,#1783,.T.);
#3803=EDGE_CURVE('',#2998,#2996,#321,.T.);
#3804=EDGE_CURVE('',#2999,#2997,#217,.T.);
#3805=EDGE_CURVE('',#2998,#2999,#1784,.T.);
#3806=EDGE_CURVE('',#3000,#2998,#1785,.T.);
#3807=EDGE_CURVE('',#3001,#2999,#1786,.T.);
#3808=EDGE_CURVE('',#3000,#3001,#1787,.T.);
#3809=EDGE_CURVE('',#3002,#3000,#322,.T.);
#3810=EDGE_CURVE('',#3003,#3001,#218,.T.);
#3811=EDGE_CURVE('',#3002,#3003,#1788,.T.);
#3812=EDGE_CURVE('',#3004,#3002,#1789,.T.);
#3813=EDGE_CURVE('',#3005,#3003,#1790,.T.);
#3814=EDGE_CURVE('',#3004,#3005,#1791,.T.);
#3815=EDGE_CURVE('',#3006,#3004,#323,.T.);
#3816=EDGE_CURVE('',#3007,#3005,#219,.T.);
#3817=EDGE_CURVE('',#3006,#3007,#1792,.T.);
#3818=EDGE_CURVE('',#3008,#3006,#1793,.T.);
#3819=EDGE_CURVE('',#3009,#3007,#1794,.T.);
#3820=EDGE_CURVE('',#3008,#3009,#1795,.T.);
#3821=EDGE_CURVE('',#3010,#3008,#324,.T.);
#3822=EDGE_CURVE('',#3011,#3009,#220,.T.);
#3823=EDGE_CURVE('',#3010,#3011,#1796,.T.);
#3824=EDGE_CURVE('',#3012,#3010,#325,.T.);
#3825=EDGE_CURVE('',#3013,#3011,#326,.T.);
#3826=EDGE_CURVE('',#3012,#3013,#1797,.T.);
#3827=EDGE_CURVE('',#3014,#3012,#327,.T.);
#3828=EDGE_CURVE('',#3015,#3013,#221,.T.);
#3829=EDGE_CURVE('',#3014,#3015,#1798,.T.);
#3830=EDGE_CURVE('',#3016,#3014,#1799,.T.);
#3831=EDGE_CURVE('',#3017,#3015,#1800,.T.);
#3832=EDGE_CURVE('',#3016,#3017,#1801,.T.);
#3833=EDGE_CURVE('',#3018,#3016,#328,.T.);
#3834=EDGE_CURVE('',#3019,#3017,#222,.T.);
#3835=EDGE_CURVE('',#3018,#3019,#1802,.T.);
#3836=EDGE_CURVE('',#3020,#3018,#329,.T.);
#3837=EDGE_CURVE('',#3021,#3019,#330,.T.);
#3838=EDGE_CURVE('',#3020,#3021,#1803,.T.);
#3839=EDGE_CURVE('',#3022,#3020,#331,.T.);
#3840=EDGE_CURVE('',#3023,#3021,#223,.T.);
#3841=EDGE_CURVE('',#3022,#3023,#1804,.T.);
#3842=EDGE_CURVE('',#3024,#3022,#1805,.T.);
#3843=EDGE_CURVE('',#3025,#3023,#1806,.T.);
#3844=EDGE_CURVE('',#3024,#3025,#1807,.T.);
#3845=EDGE_CURVE('',#3026,#3024,#332,.T.);
#3846=EDGE_CURVE('',#3027,#3025,#224,.T.);
#3847=EDGE_CURVE('',#3026,#3027,#1808,.T.);
#3848=EDGE_CURVE('',#2981,#3026,#1809,.T.);
#3849=EDGE_CURVE('',#2982,#3027,#1810,.T.);
#3850=EDGE_CURVE('',#3028,#2879,#1811,.T.);
#3851=EDGE_CURVE('',#3029,#3028,#1812,.T.);
#3852=EDGE_CURVE('',#3029,#2878,#1813,.T.);
#3853=EDGE_CURVE('',#3030,#3029,#66,.T.);
#3854=EDGE_CURVE('',#3031,#3028,#67,.T.);
#3855=EDGE_CURVE('',#3030,#3031,#1814,.T.);
#3856=EDGE_CURVE('',#3032,#3030,#1815,.T.);
#3857=EDGE_CURVE('',#3033,#3031,#1816,.T.);
#3858=EDGE_CURVE('',#3032,#3033,#1817,.T.);
#3859=EDGE_CURVE('',#3032,#2976,#68,.T.);
#3860=EDGE_CURVE('',#2977,#3033,#69,.T.);
#3861=EDGE_CURVE('',#2979,#3034,#70,.T.);
#3862=EDGE_CURVE('',#3035,#2978,#71,.T.);
#3863=EDGE_CURVE('',#3034,#3035,#1818,.T.);
#3864=EDGE_CURVE('',#3036,#3034,#1819,.T.);
#3865=EDGE_CURVE('',#3037,#3035,#1820,.T.);
#3866=EDGE_CURVE('',#3036,#3037,#1821,.T.);
#3867=EDGE_CURVE('',#3038,#3036,#72,.T.);
#3868=EDGE_CURVE('',#3039,#3037,#73,.T.);
#3869=EDGE_CURVE('',#3038,#3039,#1822,.T.);
#3870=EDGE_CURVE('',#3040,#2775,#1823,.T.);
#3871=EDGE_CURVE('',#3040,#3038,#1824,.T.);
#3872=EDGE_CURVE('',#2787,#3039,#1825,.T.);
#3873=EDGE_CURVE('',#2785,#3040,#74,.T.);
#3874=EDGE_CURVE('',#3041,#2784,#1826,.T.);
#3875=EDGE_CURVE('',#3042,#3041,#1827,.T.);
#3876=EDGE_CURVE('',#3042,#2781,#1828,.T.);
#3877=EDGE_CURVE('',#3043,#3042,#75,.T.);
#3878=EDGE_CURVE('',#3044,#3041,#76,.T.);
#3879=EDGE_CURVE('',#3043,#3044,#1829,.T.);
#3880=EDGE_CURVE('',#3045,#3043,#1830,.T.);
#3881=EDGE_CURVE('',#3046,#3044,#1831,.T.);
#3882=EDGE_CURVE('',#3045,#3046,#1832,.T.);
#3883=EDGE_CURVE('',#3045,#2932,#77,.T.);
#3884=EDGE_CURVE('',#2933,#3046,#78,.T.);
#3885=EDGE_CURVE('',#2935,#3047,#79,.T.);
#3886=EDGE_CURVE('',#3048,#2934,#80,.T.);
#3887=EDGE_CURVE('',#3047,#3048,#1833,.T.);
#3888=EDGE_CURVE('',#3049,#3047,#1834,.T.);
#3889=EDGE_CURVE('',#3050,#3048,#1835,.T.);
#3890=EDGE_CURVE('',#3049,#3050,#1836,.T.);
#3891=EDGE_CURVE('',#2876,#3049,#81,.T.);
#3892=EDGE_CURVE('',#2877,#3050,#82,.T.);
#3893=EDGE_CURVE('',#3051,#3052,#333,.T.);
#3894=EDGE_CURVE('',#3053,#3051,#334,.T.);
#3895=EDGE_CURVE('',#3054,#3053,#335,.T.);
#3896=EDGE_CURVE('',#3052,#3054,#336,.T.);
#3897=EDGE_CURVE('',#3055,#3056,#83,.T.);
#3898=EDGE_CURVE('',#3054,#3055,#337,.T.);
#3899=EDGE_CURVE('',#3056,#3053,#338,.T.);
#3900=EDGE_CURVE('',#3057,#3058,#84,.T.);
#3901=EDGE_CURVE('',#3055,#3057,#1837,.T.);
#3902=EDGE_CURVE('',#3058,#3056,#1838,.T.);
#3903=EDGE_CURVE('',#3059,#3060,#339,.T.);
#3904=EDGE_CURVE('',#3057,#3059,#340,.T.);
#3905=EDGE_CURVE('',#3060,#3058,#341,.T.);
#3906=EDGE_CURVE('',#3061,#3062,#342,.T.);
#3907=EDGE_CURVE('',#3059,#3061,#343,.T.);
#3908=EDGE_CURVE('',#3062,#3060,#344,.T.);
#3909=EDGE_CURVE('',#3063,#3064,#345,.T.);
#3910=EDGE_CURVE('',#3065,#3063,#1839,.T.);
#3911=EDGE_CURVE('',#3066,#3065,#85,.T.);
#3912=EDGE_CURVE('',#3064,#3066,#1840,.T.);
#3913=EDGE_CURVE('',#3067,#3068,#86,.T.);
#3914=EDGE_CURVE('',#3066,#3067,#346,.T.);
#3915=EDGE_CURVE('',#3068,#3065,#347,.T.);
#3916=EDGE_CURVE('',#3069,#3070,#87,.T.);
#3917=EDGE_CURVE('',#3067,#3069,#1841,.T.);
#3918=EDGE_CURVE('',#3070,#3068,#1842,.T.);
#3919=EDGE_CURVE('',#3071,#3072,#88,.T.);
#3920=EDGE_CURVE('',#3069,#3071,#348,.T.);
#3921=EDGE_CURVE('',#3072,#3070,#349,.T.);
#3922=EDGE_CURVE('',#3052,#3073,#350,.T.);
#3923=EDGE_CURVE('',#3071,#3052,#1843,.T.);
#3924=EDGE_CURVE('',#3073,#3072,#1844,.T.);
#3925=EDGE_CURVE('',#3074,#3075,#351,.T.);
#3926=EDGE_CURVE('',#3076,#3074,#352,.T.);
#3927=EDGE_CURVE('',#3077,#3076,#353,.T.);
#3928=EDGE_CURVE('',#3075,#3077,#354,.T.);
#3929=EDGE_CURVE('',#3078,#3079,#89,.T.);
#3930=EDGE_CURVE('',#3077,#3078,#355,.T.);
#3931=EDGE_CURVE('',#3079,#3076,#356,.T.);
#3932=EDGE_CURVE('',#3080,#3081,#90,.T.);
#3933=EDGE_CURVE('',#3078,#3080,#1845,.T.);
#3934=EDGE_CURVE('',#3081,#3079,#1846,.T.);
#3935=EDGE_CURVE('',#3082,#3083,#357,.T.);
#3936=EDGE_CURVE('',#3080,#3082,#358,.T.);
#3937=EDGE_CURVE('',#3083,#3081,#359,.T.);
#3938=EDGE_CURVE('',#3064,#3084,#360,.T.);
#3939=EDGE_CURVE('',#3082,#3064,#361,.T.);
#3940=EDGE_CURVE('',#3084,#3083,#362,.T.);
#3941=EDGE_CURVE('',#3085,#3061,#363,.T.);
#3942=EDGE_CURVE('',#3086,#3085,#1847,.T.);
#3943=EDGE_CURVE('',#3087,#3086,#91,.T.);
#3944=EDGE_CURVE('',#3061,#3087,#1848,.T.);
#3945=EDGE_CURVE('',#3088,#3089,#92,.T.);
#3946=EDGE_CURVE('',#3087,#3088,#364,.T.);
#3947=EDGE_CURVE('',#3089,#3086,#365,.T.);
#3948=EDGE_CURVE('',#3090,#3091,#93,.T.);
#3949=EDGE_CURVE('',#3092,#3090,#366,.T.);
#3950=EDGE_CURVE('',#3093,#3092,#94,.T.);
#3951=EDGE_CURVE('',#3091,#3093,#367,.T.);
#3952=EDGE_CURVE('',#3075,#3094,#368,.T.);
#3953=EDGE_CURVE('',#3090,#3075,#1849,.T.);
#3954=EDGE_CURVE('',#3094,#3091,#1850,.T.);
#3955=EDGE_CURVE('',#3088,#3092,#1851,.T.);
#3956=EDGE_CURVE('',#3093,#3089,#1852,.T.);
#3957=EDGE_CURVE('',#3074,#3094,#369,.T.);
#3958=EDGE_CURVE('',#3063,#3084,#370,.T.);
#3959=EDGE_CURVE('',#3051,#3073,#371,.T.);
#3960=EDGE_CURVE('',#3085,#3062,#372,.T.);
#3961=EDGE_CURVE('',#2980,#3072,#1853,.T.);
#3962=EDGE_CURVE('',#2984,#3073,#1854,.T.);
#3963=EDGE_CURVE('',#2986,#3051,#373,.T.);
#3964=EDGE_CURVE('',#2988,#3053,#374,.T.);
#3965=EDGE_CURVE('',#2990,#3056,#1855,.T.);
#3966=EDGE_CURVE('',#2992,#3058,#1856,.T.);
#3967=EDGE_CURVE('',#2994,#3060,#375,.T.);
#3968=EDGE_CURVE('',#2996,#3062,#376,.T.);
#3969=EDGE_CURVE('',#2998,#3085,#1857,.T.);
#3970=EDGE_CURVE('',#3000,#3086,#1858,.T.);
#3971=EDGE_CURVE('',#3002,#3089,#1859,.T.);
#3972=EDGE_CURVE('',#3004,#3093,#1860,.T.);
#3973=EDGE_CURVE('',#3006,#3091,#1861,.T.);
#3974=EDGE_CURVE('',#3068,#3026,#1862,.T.);
#3975=EDGE_CURVE('',#2981,#3070,#1863,.T.);
#3976=EDGE_CURVE('',#3008,#3094,#1864,.T.);
#3977=EDGE_CURVE('',#3010,#3074,#377,.T.);
#3978=EDGE_CURVE('',#3012,#3076,#378,.T.);
#3979=EDGE_CURVE('',#3014,#3079,#1865,.T.);
#3980=EDGE_CURVE('',#3016,#3081,#1866,.T.);
#3981=EDGE_CURVE('',#3018,#3083,#379,.T.);
#3982=EDGE_CURVE('',#3020,#3084,#380,.T.);
#3983=EDGE_CURVE('',#3022,#3063,#1867,.T.);
#3984=EDGE_CURVE('',#3024,#3065,#1868,.T.);
#3985=EDGE_CURVE('',#3095,#3096,#381,.T.);
#3986=EDGE_CURVE('',#3096,#3097,#382,.T.);
#3987=EDGE_CURVE('',#3097,#3098,#95,.T.);
#3988=EDGE_CURVE('',#3098,#3095,#383,.T.);
#3989=EDGE_CURVE('',#3099,#3100,#96,.T.);
#3990=EDGE_CURVE('',#3100,#3098,#384,.T.);
#3991=EDGE_CURVE('',#3097,#3099,#385,.T.);
#3992=EDGE_CURVE('',#3101,#3102,#97,.T.);
#3993=EDGE_CURVE('',#3102,#3100,#1869,.T.);
#3994=EDGE_CURVE('',#3099,#3101,#1870,.T.);
#3995=EDGE_CURVE('',#3103,#3104,#98,.T.);
#3996=EDGE_CURVE('',#3104,#3102,#386,.T.);
#3997=EDGE_CURVE('',#3101,#3103,#387,.T.);
#3998=EDGE_CURVE('',#3105,#3106,#388,.T.);
#3999=EDGE_CURVE('',#3106,#3104,#389,.T.);
#4000=EDGE_CURVE('',#3103,#3105,#390,.T.);
#4001=EDGE_CURVE('',#3107,#3108,#391,.T.);
#4002=EDGE_CURVE('',#3108,#3109,#1871,.T.);
#4003=EDGE_CURVE('',#3109,#3110,#99,.T.);
#4004=EDGE_CURVE('',#3110,#3107,#1872,.T.);
#4005=EDGE_CURVE('',#3111,#3112,#100,.T.);
#4006=EDGE_CURVE('',#3112,#3110,#392,.T.);
#4007=EDGE_CURVE('',#3109,#3111,#393,.T.);
#4008=EDGE_CURVE('',#3113,#3114,#101,.T.);
#4009=EDGE_CURVE('',#3114,#3112,#1873,.T.);
#4010=EDGE_CURVE('',#3111,#3113,#1874,.T.);
#4011=EDGE_CURVE('',#3115,#3116,#102,.T.);
#4012=EDGE_CURVE('',#3116,#3114,#394,.T.);
#4013=EDGE_CURVE('',#3113,#3115,#395,.T.);
#4014=EDGE_CURVE('',#3096,#3117,#396,.T.);
#4015=EDGE_CURVE('',#3117,#3116,#1875,.T.);
#4016=EDGE_CURVE('',#3115,#3096,#1876,.T.);
#4017=EDGE_CURVE('',#3118,#3119,#397,.T.);
#4018=EDGE_CURVE('',#3119,#3120,#398,.T.);
#4019=EDGE_CURVE('',#3120,#3121,#103,.T.);
#4020=EDGE_CURVE('',#3121,#3118,#399,.T.);
#4021=EDGE_CURVE('',#3122,#3123,#104,.T.);
#4022=EDGE_CURVE('',#3123,#3121,#400,.T.);
#4023=EDGE_CURVE('',#3120,#3122,#401,.T.);
#4024=EDGE_CURVE('',#3124,#3125,#105,.T.);
#4025=EDGE_CURVE('',#3125,#3123,#1877,.T.);
#4026=EDGE_CURVE('',#3122,#3124,#1878,.T.);
#4027=EDGE_CURVE('',#3126,#3127,#106,.T.);
#4028=EDGE_CURVE('',#3127,#3125,#402,.T.);
#4029=EDGE_CURVE('',#3124,#3126,#403,.T.);
#4030=EDGE_CURVE('',#3108,#3128,#404,.T.);
#4031=EDGE_CURVE('',#3128,#3127,#405,.T.);
#4032=EDGE_CURVE('',#3126,#3108,#406,.T.);
#4033=EDGE_CURVE('',#3129,#3105,#407,.T.);
#4034=EDGE_CURVE('',#3105,#3130,#1879,.T.);
#4035=EDGE_CURVE('',#3130,#3131,#107,.T.);
#4036=EDGE_CURVE('',#3131,#3129,#1880,.T.);
#4037=EDGE_CURVE('',#3132,#3133,#108,.T.);
#4038=EDGE_CURVE('',#3133,#3131,#408,.T.);
#4039=EDGE_CURVE('',#3130,#3132,#409,.T.);
#4040=EDGE_CURVE('',#3134,#3135,#109,.T.);
#4041=EDGE_CURVE('',#3135,#3136,#410,.T.);
#4042=EDGE_CURVE('',#3136,#3137,#110,.T.);
#4043=EDGE_CURVE('',#3137,#3134,#411,.T.);
#4044=EDGE_CURVE('',#3119,#3138,#412,.T.);
#4045=EDGE_CURVE('',#3138,#3135,#1881,.T.);
#4046=EDGE_CURVE('',#3134,#3119,#1882,.T.);
#4047=EDGE_CURVE('',#3136,#3133,#1883,.T.);
#4048=EDGE_CURVE('',#3132,#3137,#1884,.T.);
#4049=EDGE_CURVE('',#3118,#3138,#413,.T.);
#4050=EDGE_CURVE('',#3107,#3128,#414,.T.);
#4051=EDGE_CURVE('',#3095,#3117,#415,.T.);
#4052=EDGE_CURVE('',#3129,#3106,#416,.T.);
#4053=EDGE_CURVE('',#3043,#3117,#1885,.T.);
#4054=EDGE_CURVE('',#3045,#3116,#1886,.T.);
#4055=EDGE_CURVE('',#3042,#3095,#1887,.T.);
#4056=EDGE_CURVE('',#2781,#3098,#1888,.T.);
#4057=EDGE_CURVE('',#2782,#3100,#1889,.T.);
#4058=EDGE_CURVE('',#2785,#3102,#1890,.T.);
#4059=EDGE_CURVE('',#3040,#3104,#1891,.T.);
#4060=EDGE_CURVE('',#3038,#3106,#1892,.T.);
#4061=EDGE_CURVE('',#3036,#3129,#1893,.T.);
#4062=EDGE_CURVE('',#3034,#3131,#1894,.T.);
#4063=EDGE_CURVE('',#2979,#3133,#1895,.T.);
#4064=EDGE_CURVE('',#2976,#3136,#1896,.T.);
#4065=EDGE_CURVE('',#3032,#3135,#1897,.T.);
#4066=EDGE_CURVE('',#2932,#3114,#1898,.T.);
#4067=EDGE_CURVE('',#3112,#2935,#1899,.T.);
#4068=EDGE_CURVE('',#3030,#3138,#1900,.T.);
#4069=EDGE_CURVE('',#3029,#3118,#1901,.T.);
#4070=EDGE_CURVE('',#2878,#3121,#1902,.T.);
#4071=EDGE_CURVE('',#2872,#3123,#1903,.T.);
#4072=EDGE_CURVE('',#2873,#3125,#1904,.T.);
#4073=EDGE_CURVE('',#2874,#3127,#1905,.T.);
#4074=EDGE_CURVE('',#2876,#3128,#1906,.T.);
#4075=EDGE_CURVE('',#3049,#3107,#1907,.T.);
#4076=EDGE_CURVE('',#3047,#3110,#1908,.T.);
#4077=ORIENTED_EDGE('',*,*,#3139,.F.);
#4078=ORIENTED_EDGE('',*,*,#3140,.T.);
#4079=ORIENTED_EDGE('',*,*,#3141,.F.);
#4080=ORIENTED_EDGE('',*,*,#3142,.F.);
#4081=ORIENTED_EDGE('',*,*,#3143,.F.);
#4082=ORIENTED_EDGE('',*,*,#3142,.T.);
#4083=ORIENTED_EDGE('',*,*,#3144,.F.);
#4084=ORIENTED_EDGE('',*,*,#3145,.F.);
#4085=ORIENTED_EDGE('',*,*,#3146,.F.);
#4086=ORIENTED_EDGE('',*,*,#3145,.T.);
#4087=ORIENTED_EDGE('',*,*,#3147,.F.);
#4088=ORIENTED_EDGE('',*,*,#3148,.F.);
#4089=ORIENTED_EDGE('',*,*,#3149,.F.);
#4090=ORIENTED_EDGE('',*,*,#3148,.T.);
#4091=ORIENTED_EDGE('',*,*,#3150,.F.);
#4092=ORIENTED_EDGE('',*,*,#3151,.F.);
#4093=ORIENTED_EDGE('',*,*,#3152,.F.);
#4094=ORIENTED_EDGE('',*,*,#3151,.T.);
#4095=ORIENTED_EDGE('',*,*,#3153,.F.);
#4096=ORIENTED_EDGE('',*,*,#3154,.F.);
#4097=ORIENTED_EDGE('',*,*,#3155,.F.);
#4098=ORIENTED_EDGE('',*,*,#3154,.T.);
#4099=ORIENTED_EDGE('',*,*,#3156,.F.);
#4100=ORIENTED_EDGE('',*,*,#3157,.F.);
#4101=ORIENTED_EDGE('',*,*,#3158,.F.);
#4102=ORIENTED_EDGE('',*,*,#3157,.T.);
#4103=ORIENTED_EDGE('',*,*,#3159,.F.);
#4104=ORIENTED_EDGE('',*,*,#3160,.F.);
#4105=ORIENTED_EDGE('',*,*,#3161,.F.);
#4106=ORIENTED_EDGE('',*,*,#3160,.T.);
#4107=ORIENTED_EDGE('',*,*,#3162,.F.);
#4108=ORIENTED_EDGE('',*,*,#3140,.F.);
#4109=ORIENTED_EDGE('',*,*,#3162,.T.);
#4110=ORIENTED_EDGE('',*,*,#3159,.T.);
#4111=ORIENTED_EDGE('',*,*,#3156,.T.);
#4112=ORIENTED_EDGE('',*,*,#3153,.T.);
#4113=ORIENTED_EDGE('',*,*,#3150,.T.);
#4114=ORIENTED_EDGE('',*,*,#3147,.T.);
#4115=ORIENTED_EDGE('',*,*,#3144,.T.);
#4116=ORIENTED_EDGE('',*,*,#3141,.T.);
#4117=ORIENTED_EDGE('',*,*,#3163,.F.);
#4118=ORIENTED_EDGE('',*,*,#3164,.T.);
#4119=ORIENTED_EDGE('',*,*,#3165,.F.);
#4120=ORIENTED_EDGE('',*,*,#3166,.F.);
#4121=ORIENTED_EDGE('',*,*,#3167,.F.);
#4122=ORIENTED_EDGE('',*,*,#3166,.T.);
#4123=ORIENTED_EDGE('',*,*,#3168,.F.);
#4124=ORIENTED_EDGE('',*,*,#3169,.F.);
#4125=ORIENTED_EDGE('',*,*,#3170,.F.);
#4126=ORIENTED_EDGE('',*,*,#3169,.T.);
#4127=ORIENTED_EDGE('',*,*,#3171,.F.);
#4128=ORIENTED_EDGE('',*,*,#3172,.F.);
#4129=ORIENTED_EDGE('',*,*,#3173,.F.);
#4130=ORIENTED_EDGE('',*,*,#3172,.T.);
#4131=ORIENTED_EDGE('',*,*,#3174,.F.);
#4132=ORIENTED_EDGE('',*,*,#3175,.F.);
#4133=ORIENTED_EDGE('',*,*,#3176,.F.);
#4134=ORIENTED_EDGE('',*,*,#3175,.T.);
#4135=ORIENTED_EDGE('',*,*,#3177,.F.);
#4136=ORIENTED_EDGE('',*,*,#3178,.F.);
#4137=ORIENTED_EDGE('',*,*,#3179,.F.);
#4138=ORIENTED_EDGE('',*,*,#3178,.T.);
#4139=ORIENTED_EDGE('',*,*,#3180,.F.);
#4140=ORIENTED_EDGE('',*,*,#3181,.F.);
#4141=ORIENTED_EDGE('',*,*,#3182,.F.);
#4142=ORIENTED_EDGE('',*,*,#3181,.T.);
#4143=ORIENTED_EDGE('',*,*,#3183,.F.);
#4144=ORIENTED_EDGE('',*,*,#3184,.F.);
#4145=ORIENTED_EDGE('',*,*,#3185,.F.);
#4146=ORIENTED_EDGE('',*,*,#3184,.T.);
#4147=ORIENTED_EDGE('',*,*,#3186,.F.);
#4148=ORIENTED_EDGE('',*,*,#3187,.F.);
#4149=ORIENTED_EDGE('',*,*,#3188,.F.);
#4150=ORIENTED_EDGE('',*,*,#3187,.T.);
#4151=ORIENTED_EDGE('',*,*,#3189,.F.);
#4152=ORIENTED_EDGE('',*,*,#3190,.F.);
#4153=ORIENTED_EDGE('',*,*,#3191,.F.);
#4154=ORIENTED_EDGE('',*,*,#3190,.T.);
#4155=ORIENTED_EDGE('',*,*,#3192,.F.);
#4156=ORIENTED_EDGE('',*,*,#3193,.F.);
#4157=ORIENTED_EDGE('',*,*,#3194,.F.);
#4158=ORIENTED_EDGE('',*,*,#3193,.T.);
#4159=ORIENTED_EDGE('',*,*,#3195,.F.);
#4160=ORIENTED_EDGE('',*,*,#3196,.F.);
#4161=ORIENTED_EDGE('',*,*,#3197,.F.);
#4162=ORIENTED_EDGE('',*,*,#3196,.T.);
#4163=ORIENTED_EDGE('',*,*,#3198,.F.);
#4164=ORIENTED_EDGE('',*,*,#3164,.F.);
#4165=ORIENTED_EDGE('',*,*,#3198,.T.);
#4166=ORIENTED_EDGE('',*,*,#3195,.T.);
#4167=ORIENTED_EDGE('',*,*,#3192,.T.);
#4168=ORIENTED_EDGE('',*,*,#3189,.T.);
#4169=ORIENTED_EDGE('',*,*,#3186,.T.);
#4170=ORIENTED_EDGE('',*,*,#3183,.T.);
#4171=ORIENTED_EDGE('',*,*,#3180,.T.);
#4172=ORIENTED_EDGE('',*,*,#3177,.T.);
#4173=ORIENTED_EDGE('',*,*,#3174,.T.);
#4174=ORIENTED_EDGE('',*,*,#3171,.T.);
#4175=ORIENTED_EDGE('',*,*,#3168,.T.);
#4176=ORIENTED_EDGE('',*,*,#3165,.T.);
#4177=ORIENTED_EDGE('',*,*,#3199,.F.);
#4178=ORIENTED_EDGE('',*,*,#3200,.T.);
#4179=ORIENTED_EDGE('',*,*,#3201,.F.);
#4180=ORIENTED_EDGE('',*,*,#3202,.F.);
#4181=ORIENTED_EDGE('',*,*,#3203,.F.);
#4182=ORIENTED_EDGE('',*,*,#3202,.T.);
#4183=ORIENTED_EDGE('',*,*,#3204,.F.);
#4184=ORIENTED_EDGE('',*,*,#3205,.F.);
#4185=ORIENTED_EDGE('',*,*,#3206,.F.);
#4186=ORIENTED_EDGE('',*,*,#3205,.T.);
#4187=ORIENTED_EDGE('',*,*,#3207,.F.);
#4188=ORIENTED_EDGE('',*,*,#3208,.F.);
#4189=ORIENTED_EDGE('',*,*,#3209,.F.);
#4190=ORIENTED_EDGE('',*,*,#3208,.T.);
#4191=ORIENTED_EDGE('',*,*,#3210,.F.);
#4192=ORIENTED_EDGE('',*,*,#3211,.F.);
#4193=ORIENTED_EDGE('',*,*,#3212,.F.);
#4194=ORIENTED_EDGE('',*,*,#3211,.T.);
#4195=ORIENTED_EDGE('',*,*,#3213,.F.);
#4196=ORIENTED_EDGE('',*,*,#3214,.F.);
#4197=ORIENTED_EDGE('',*,*,#3215,.F.);
#4198=ORIENTED_EDGE('',*,*,#3214,.T.);
#4199=ORIENTED_EDGE('',*,*,#3216,.F.);
#4200=ORIENTED_EDGE('',*,*,#3217,.F.);
#4201=ORIENTED_EDGE('',*,*,#3218,.F.);
#4202=ORIENTED_EDGE('',*,*,#3217,.T.);
#4203=ORIENTED_EDGE('',*,*,#3219,.F.);
#4204=ORIENTED_EDGE('',*,*,#3220,.F.);
#4205=ORIENTED_EDGE('',*,*,#3221,.F.);
#4206=ORIENTED_EDGE('',*,*,#3220,.T.);
#4207=ORIENTED_EDGE('',*,*,#3222,.F.);
#4208=ORIENTED_EDGE('',*,*,#3223,.F.);
#4209=ORIENTED_EDGE('',*,*,#3224,.F.);
#4210=ORIENTED_EDGE('',*,*,#3223,.T.);
#4211=ORIENTED_EDGE('',*,*,#3225,.F.);
#4212=ORIENTED_EDGE('',*,*,#3226,.F.);
#4213=ORIENTED_EDGE('',*,*,#3227,.F.);
#4214=ORIENTED_EDGE('',*,*,#3226,.T.);
#4215=ORIENTED_EDGE('',*,*,#3228,.F.);
#4216=ORIENTED_EDGE('',*,*,#3200,.F.);
#4217=ORIENTED_EDGE('',*,*,#3228,.T.);
#4218=ORIENTED_EDGE('',*,*,#3225,.T.);
#4219=ORIENTED_EDGE('',*,*,#3222,.T.);
#4220=ORIENTED_EDGE('',*,*,#3219,.T.);
#4221=ORIENTED_EDGE('',*,*,#3216,.T.);
#4222=ORIENTED_EDGE('',*,*,#3213,.T.);
#4223=ORIENTED_EDGE('',*,*,#3210,.T.);
#4224=ORIENTED_EDGE('',*,*,#3207,.T.);
#4225=ORIENTED_EDGE('',*,*,#3204,.T.);
#4226=ORIENTED_EDGE('',*,*,#3201,.T.);
#4227=ORIENTED_EDGE('',*,*,#3229,.F.);
#4228=ORIENTED_EDGE('',*,*,#3230,.T.);
#4229=ORIENTED_EDGE('',*,*,#3231,.F.);
#4230=ORIENTED_EDGE('',*,*,#3232,.F.);
#4231=ORIENTED_EDGE('',*,*,#3233,.F.);
#4232=ORIENTED_EDGE('',*,*,#3232,.T.);
#4233=ORIENTED_EDGE('',*,*,#3234,.F.);
#4234=ORIENTED_EDGE('',*,*,#3235,.F.);
#4235=ORIENTED_EDGE('',*,*,#3236,.F.);
#4236=ORIENTED_EDGE('',*,*,#3235,.T.);
#4237=ORIENTED_EDGE('',*,*,#3237,.F.);
#4238=ORIENTED_EDGE('',*,*,#3238,.F.);
#4239=ORIENTED_EDGE('',*,*,#3239,.F.);
#4240=ORIENTED_EDGE('',*,*,#3238,.T.);
#4241=ORIENTED_EDGE('',*,*,#3240,.F.);
#4242=ORIENTED_EDGE('',*,*,#3241,.F.);
#4243=ORIENTED_EDGE('',*,*,#3242,.F.);
#4244=ORIENTED_EDGE('',*,*,#3241,.T.);
#4245=ORIENTED_EDGE('',*,*,#3243,.F.);
#4246=ORIENTED_EDGE('',*,*,#3244,.F.);
#4247=ORIENTED_EDGE('',*,*,#3245,.F.);
#4248=ORIENTED_EDGE('',*,*,#3244,.T.);
#4249=ORIENTED_EDGE('',*,*,#3246,.F.);
#4250=ORIENTED_EDGE('',*,*,#3247,.F.);
#4251=ORIENTED_EDGE('',*,*,#3248,.F.);
#4252=ORIENTED_EDGE('',*,*,#3247,.T.);
#4253=ORIENTED_EDGE('',*,*,#3249,.F.);
#4254=ORIENTED_EDGE('',*,*,#3250,.F.);
#4255=ORIENTED_EDGE('',*,*,#3251,.F.);
#4256=ORIENTED_EDGE('',*,*,#3250,.T.);
#4257=ORIENTED_EDGE('',*,*,#3252,.F.);
#4258=ORIENTED_EDGE('',*,*,#3253,.F.);
#4259=ORIENTED_EDGE('',*,*,#3254,.F.);
#4260=ORIENTED_EDGE('',*,*,#3253,.T.);
#4261=ORIENTED_EDGE('',*,*,#3255,.F.);
#4262=ORIENTED_EDGE('',*,*,#3256,.F.);
#4263=ORIENTED_EDGE('',*,*,#3257,.F.);
#4264=ORIENTED_EDGE('',*,*,#3256,.T.);
#4265=ORIENTED_EDGE('',*,*,#3258,.F.);
#4266=ORIENTED_EDGE('',*,*,#3259,.F.);
#4267=ORIENTED_EDGE('',*,*,#3260,.F.);
#4268=ORIENTED_EDGE('',*,*,#3259,.T.);
#4269=ORIENTED_EDGE('',*,*,#3261,.F.);
#4270=ORIENTED_EDGE('',*,*,#3262,.F.);
#4271=ORIENTED_EDGE('',*,*,#3263,.F.);
#4272=ORIENTED_EDGE('',*,*,#3262,.T.);
#4273=ORIENTED_EDGE('',*,*,#3264,.F.);
#4274=ORIENTED_EDGE('',*,*,#3265,.F.);
#4275=ORIENTED_EDGE('',*,*,#3266,.F.);
#4276=ORIENTED_EDGE('',*,*,#3265,.T.);
#4277=ORIENTED_EDGE('',*,*,#3267,.F.);
#4278=ORIENTED_EDGE('',*,*,#3268,.F.);
#4279=ORIENTED_EDGE('',*,*,#3269,.F.);
#4280=ORIENTED_EDGE('',*,*,#3268,.T.);
#4281=ORIENTED_EDGE('',*,*,#3270,.F.);
#4282=ORIENTED_EDGE('',*,*,#3271,.F.);
#4283=ORIENTED_EDGE('',*,*,#3272,.F.);
#4284=ORIENTED_EDGE('',*,*,#3271,.T.);
#4285=ORIENTED_EDGE('',*,*,#3273,.F.);
#4286=ORIENTED_EDGE('',*,*,#3274,.F.);
#4287=ORIENTED_EDGE('',*,*,#3275,.F.);
#4288=ORIENTED_EDGE('',*,*,#3274,.T.);
#4289=ORIENTED_EDGE('',*,*,#3276,.F.);
#4290=ORIENTED_EDGE('',*,*,#3230,.F.);
#4291=ORIENTED_EDGE('',*,*,#3276,.T.);
#4292=ORIENTED_EDGE('',*,*,#3273,.T.);
#4293=ORIENTED_EDGE('',*,*,#3270,.T.);
#4294=ORIENTED_EDGE('',*,*,#3267,.T.);
#4295=ORIENTED_EDGE('',*,*,#3264,.T.);
#4296=ORIENTED_EDGE('',*,*,#3261,.T.);
#4297=ORIENTED_EDGE('',*,*,#3258,.T.);
#4298=ORIENTED_EDGE('',*,*,#3255,.T.);
#4299=ORIENTED_EDGE('',*,*,#3252,.T.);
#4300=ORIENTED_EDGE('',*,*,#3249,.T.);
#4301=ORIENTED_EDGE('',*,*,#3246,.T.);
#4302=ORIENTED_EDGE('',*,*,#3243,.T.);
#4303=ORIENTED_EDGE('',*,*,#3240,.T.);
#4304=ORIENTED_EDGE('',*,*,#3237,.T.);
#4305=ORIENTED_EDGE('',*,*,#3234,.T.);
#4306=ORIENTED_EDGE('',*,*,#3231,.T.);
#4307=ORIENTED_EDGE('',*,*,#3277,.F.);
#4308=ORIENTED_EDGE('',*,*,#3278,.T.);
#4309=ORIENTED_EDGE('',*,*,#3279,.F.);
#4310=ORIENTED_EDGE('',*,*,#3280,.F.);
#4311=ORIENTED_EDGE('',*,*,#3281,.F.);
#4312=ORIENTED_EDGE('',*,*,#3282,.T.);
#4313=ORIENTED_EDGE('',*,*,#3283,.F.);
#4314=ORIENTED_EDGE('',*,*,#3278,.F.);
#4315=ORIENTED_EDGE('',*,*,#3284,.F.);
#4316=ORIENTED_EDGE('',*,*,#3285,.T.);
#4317=ORIENTED_EDGE('',*,*,#3286,.F.);
#4318=ORIENTED_EDGE('',*,*,#3282,.F.);
#4319=ORIENTED_EDGE('',*,*,#3287,.F.);
#4320=ORIENTED_EDGE('',*,*,#3280,.T.);
#4321=ORIENTED_EDGE('',*,*,#3288,.F.);
#4322=ORIENTED_EDGE('',*,*,#3285,.F.);
#4323=ORIENTED_EDGE('',*,*,#3289,.F.);
#4324=ORIENTED_EDGE('',*,*,#3290,.T.);
#4325=ORIENTED_EDGE('',*,*,#3291,.F.);
#4326=ORIENTED_EDGE('',*,*,#3292,.F.);
#4327=ORIENTED_EDGE('',*,*,#3293,.F.);
#4328=ORIENTED_EDGE('',*,*,#3292,.T.);
#4329=ORIENTED_EDGE('',*,*,#3294,.F.);
#4330=ORIENTED_EDGE('',*,*,#3295,.F.);
#4331=ORIENTED_EDGE('',*,*,#3296,.F.);
#4332=ORIENTED_EDGE('',*,*,#3295,.T.);
#4333=ORIENTED_EDGE('',*,*,#3297,.F.);
#4334=ORIENTED_EDGE('',*,*,#3298,.F.);
#4335=ORIENTED_EDGE('',*,*,#3299,.F.);
#4336=ORIENTED_EDGE('',*,*,#3298,.T.);
#4337=ORIENTED_EDGE('',*,*,#3300,.F.);
#4338=ORIENTED_EDGE('',*,*,#3290,.F.);
#4339=ORIENTED_EDGE('',*,*,#3300,.T.);
#4340=ORIENTED_EDGE('',*,*,#3297,.T.);
#4341=ORIENTED_EDGE('',*,*,#3294,.T.);
#4342=ORIENTED_EDGE('',*,*,#3291,.T.);
#4343=ORIENTED_EDGE('',*,*,#3279,.T.);
#4344=ORIENTED_EDGE('',*,*,#3283,.T.);
#4345=ORIENTED_EDGE('',*,*,#3286,.T.);
#4346=ORIENTED_EDGE('',*,*,#3288,.T.);
#4347=ORIENTED_EDGE('',*,*,#3301,.F.);
#4348=ORIENTED_EDGE('',*,*,#3302,.T.);
#4349=ORIENTED_EDGE('',*,*,#3303,.F.);
#4350=ORIENTED_EDGE('',*,*,#3304,.F.);
#4351=ORIENTED_EDGE('',*,*,#3305,.F.);
#4352=ORIENTED_EDGE('',*,*,#3306,.T.);
#4353=ORIENTED_EDGE('',*,*,#3307,.F.);
#4354=ORIENTED_EDGE('',*,*,#3302,.F.);
#4355=ORIENTED_EDGE('',*,*,#3308,.F.);
#4356=ORIENTED_EDGE('',*,*,#3309,.T.);
#4357=ORIENTED_EDGE('',*,*,#3310,.F.);
#4358=ORIENTED_EDGE('',*,*,#3306,.F.);
#4359=ORIENTED_EDGE('',*,*,#3311,.F.);
#4360=ORIENTED_EDGE('',*,*,#3304,.T.);
#4361=ORIENTED_EDGE('',*,*,#3312,.F.);
#4362=ORIENTED_EDGE('',*,*,#3309,.F.);
#4363=ORIENTED_EDGE('',*,*,#3313,.F.);
#4364=ORIENTED_EDGE('',*,*,#3314,.T.);
#4365=ORIENTED_EDGE('',*,*,#3315,.F.);
#4366=ORIENTED_EDGE('',*,*,#3316,.F.);
#4367=ORIENTED_EDGE('',*,*,#3317,.F.);
#4368=ORIENTED_EDGE('',*,*,#3316,.T.);
#4369=ORIENTED_EDGE('',*,*,#3318,.F.);
#4370=ORIENTED_EDGE('',*,*,#3319,.F.);
#4371=ORIENTED_EDGE('',*,*,#3320,.F.);
#4372=ORIENTED_EDGE('',*,*,#3319,.T.);
#4373=ORIENTED_EDGE('',*,*,#3321,.F.);
#4374=ORIENTED_EDGE('',*,*,#3322,.F.);
#4375=ORIENTED_EDGE('',*,*,#3323,.F.);
#4376=ORIENTED_EDGE('',*,*,#3322,.T.);
#4377=ORIENTED_EDGE('',*,*,#3324,.F.);
#4378=ORIENTED_EDGE('',*,*,#3314,.F.);
#4379=ORIENTED_EDGE('',*,*,#3324,.T.);
#4380=ORIENTED_EDGE('',*,*,#3321,.T.);
#4381=ORIENTED_EDGE('',*,*,#3318,.T.);
#4382=ORIENTED_EDGE('',*,*,#3315,.T.);
#4383=ORIENTED_EDGE('',*,*,#3303,.T.);
#4384=ORIENTED_EDGE('',*,*,#3307,.T.);
#4385=ORIENTED_EDGE('',*,*,#3310,.T.);
#4386=ORIENTED_EDGE('',*,*,#3312,.T.);
#4387=ORIENTED_EDGE('',*,*,#3325,.F.);
#4388=ORIENTED_EDGE('',*,*,#3326,.T.);
#4389=ORIENTED_EDGE('',*,*,#3327,.F.);
#4390=ORIENTED_EDGE('',*,*,#3328,.F.);
#4391=ORIENTED_EDGE('',*,*,#3329,.F.);
#4392=ORIENTED_EDGE('',*,*,#3328,.T.);
#4393=ORIENTED_EDGE('',*,*,#3330,.F.);
#4394=ORIENTED_EDGE('',*,*,#3331,.F.);
#4395=ORIENTED_EDGE('',*,*,#3332,.F.);
#4396=ORIENTED_EDGE('',*,*,#3331,.T.);
#4397=ORIENTED_EDGE('',*,*,#3333,.F.);
#4398=ORIENTED_EDGE('',*,*,#3334,.F.);
#4399=ORIENTED_EDGE('',*,*,#3335,.F.);
#4400=ORIENTED_EDGE('',*,*,#3334,.T.);
#4401=ORIENTED_EDGE('',*,*,#3336,.F.);
#4402=ORIENTED_EDGE('',*,*,#3337,.F.);
#4403=ORIENTED_EDGE('',*,*,#3338,.F.);
#4404=ORIENTED_EDGE('',*,*,#3337,.T.);
#4405=ORIENTED_EDGE('',*,*,#3339,.F.);
#4406=ORIENTED_EDGE('',*,*,#3340,.F.);
#4407=ORIENTED_EDGE('',*,*,#3341,.F.);
#4408=ORIENTED_EDGE('',*,*,#3340,.T.);
#4409=ORIENTED_EDGE('',*,*,#3342,.F.);
#4410=ORIENTED_EDGE('',*,*,#3326,.F.);
#4411=ORIENTED_EDGE('',*,*,#3342,.T.);
#4412=ORIENTED_EDGE('',*,*,#3339,.T.);
#4413=ORIENTED_EDGE('',*,*,#3336,.T.);
#4414=ORIENTED_EDGE('',*,*,#3333,.T.);
#4415=ORIENTED_EDGE('',*,*,#3330,.T.);
#4416=ORIENTED_EDGE('',*,*,#3327,.T.);
#4417=ORIENTED_EDGE('',*,*,#3343,.F.);
#4418=ORIENTED_EDGE('',*,*,#3344,.F.);
#4419=ORIENTED_EDGE('',*,*,#3345,.F.);
#4420=ORIENTED_EDGE('',*,*,#3346,.F.);
#4421=ORIENTED_EDGE('',*,*,#3347,.F.);
#4422=ORIENTED_EDGE('',*,*,#3348,.F.);
#4423=ORIENTED_EDGE('',*,*,#3139,.T.);
#4424=ORIENTED_EDGE('',*,*,#3143,.T.);
#4425=ORIENTED_EDGE('',*,*,#3146,.T.);
#4426=ORIENTED_EDGE('',*,*,#3149,.T.);
#4427=ORIENTED_EDGE('',*,*,#3152,.T.);
#4428=ORIENTED_EDGE('',*,*,#3155,.T.);
#4429=ORIENTED_EDGE('',*,*,#3158,.T.);
#4430=ORIENTED_EDGE('',*,*,#3161,.T.);
#4431=ORIENTED_EDGE('',*,*,#3163,.T.);
#4432=ORIENTED_EDGE('',*,*,#3167,.T.);
#4433=ORIENTED_EDGE('',*,*,#3170,.T.);
#4434=ORIENTED_EDGE('',*,*,#3173,.T.);
#4435=ORIENTED_EDGE('',*,*,#3176,.T.);
#4436=ORIENTED_EDGE('',*,*,#3179,.T.);
#4437=ORIENTED_EDGE('',*,*,#3182,.T.);
#4438=ORIENTED_EDGE('',*,*,#3185,.T.);
#4439=ORIENTED_EDGE('',*,*,#3188,.T.);
#4440=ORIENTED_EDGE('',*,*,#3191,.T.);
#4441=ORIENTED_EDGE('',*,*,#3194,.T.);
#4442=ORIENTED_EDGE('',*,*,#3197,.T.);
#4443=ORIENTED_EDGE('',*,*,#3199,.T.);
#4444=ORIENTED_EDGE('',*,*,#3203,.T.);
#4445=ORIENTED_EDGE('',*,*,#3206,.T.);
#4446=ORIENTED_EDGE('',*,*,#3209,.T.);
#4447=ORIENTED_EDGE('',*,*,#3212,.T.);
#4448=ORIENTED_EDGE('',*,*,#3215,.T.);
#4449=ORIENTED_EDGE('',*,*,#3218,.T.);
#4450=ORIENTED_EDGE('',*,*,#3221,.T.);
#4451=ORIENTED_EDGE('',*,*,#3224,.T.);
#4452=ORIENTED_EDGE('',*,*,#3227,.T.);
#4453=ORIENTED_EDGE('',*,*,#3229,.T.);
#4454=ORIENTED_EDGE('',*,*,#3233,.T.);
#4455=ORIENTED_EDGE('',*,*,#3236,.T.);
#4456=ORIENTED_EDGE('',*,*,#3239,.T.);
#4457=ORIENTED_EDGE('',*,*,#3242,.T.);
#4458=ORIENTED_EDGE('',*,*,#3245,.T.);
#4459=ORIENTED_EDGE('',*,*,#3248,.T.);
#4460=ORIENTED_EDGE('',*,*,#3251,.T.);
#4461=ORIENTED_EDGE('',*,*,#3254,.T.);
#4462=ORIENTED_EDGE('',*,*,#3257,.T.);
#4463=ORIENTED_EDGE('',*,*,#3260,.T.);
#4464=ORIENTED_EDGE('',*,*,#3263,.T.);
#4465=ORIENTED_EDGE('',*,*,#3266,.T.);
#4466=ORIENTED_EDGE('',*,*,#3269,.T.);
#4467=ORIENTED_EDGE('',*,*,#3272,.T.);
#4468=ORIENTED_EDGE('',*,*,#3275,.T.);
#4469=ORIENTED_EDGE('',*,*,#3289,.T.);
#4470=ORIENTED_EDGE('',*,*,#3293,.T.);
#4471=ORIENTED_EDGE('',*,*,#3296,.T.);
#4472=ORIENTED_EDGE('',*,*,#3299,.T.);
#4473=ORIENTED_EDGE('',*,*,#3313,.T.);
#4474=ORIENTED_EDGE('',*,*,#3317,.T.);
#4475=ORIENTED_EDGE('',*,*,#3320,.T.);
#4476=ORIENTED_EDGE('',*,*,#3323,.T.);
#4477=ORIENTED_EDGE('',*,*,#3325,.T.);
#4478=ORIENTED_EDGE('',*,*,#3329,.T.);
#4479=ORIENTED_EDGE('',*,*,#3332,.T.);
#4480=ORIENTED_EDGE('',*,*,#3335,.T.);
#4481=ORIENTED_EDGE('',*,*,#3338,.T.);
#4482=ORIENTED_EDGE('',*,*,#3341,.T.);
#4483=ORIENTED_EDGE('',*,*,#3349,.F.);
#4484=ORIENTED_EDGE('',*,*,#3350,.F.);
#4485=ORIENTED_EDGE('',*,*,#3351,.F.);
#4486=ORIENTED_EDGE('',*,*,#3352,.F.);
#4487=ORIENTED_EDGE('',*,*,#3353,.F.);
#4488=ORIENTED_EDGE('',*,*,#3354,.F.);
#4489=ORIENTED_EDGE('',*,*,#3301,.T.);
#4490=ORIENTED_EDGE('',*,*,#3311,.T.);
#4491=ORIENTED_EDGE('',*,*,#3308,.T.);
#4492=ORIENTED_EDGE('',*,*,#3305,.T.);
#4493=ORIENTED_EDGE('',*,*,#3355,.T.);
#4494=ORIENTED_EDGE('',*,*,#3356,.T.);
#4495=ORIENTED_EDGE('',*,*,#3357,.T.);
#4496=ORIENTED_EDGE('',*,*,#3358,.T.);
#4497=ORIENTED_EDGE('',*,*,#3356,.F.);
#4498=ORIENTED_EDGE('',*,*,#3359,.F.);
#4499=ORIENTED_EDGE('',*,*,#3360,.F.);
#4500=ORIENTED_EDGE('',*,*,#3361,.F.);
#4501=ORIENTED_EDGE('',*,*,#3362,.T.);
#4502=ORIENTED_EDGE('',*,*,#3360,.T.);
#4503=ORIENTED_EDGE('',*,*,#3363,.T.);
#4504=ORIENTED_EDGE('',*,*,#3364,.T.);
#4505=ORIENTED_EDGE('',*,*,#3365,.T.);
#4506=ORIENTED_EDGE('',*,*,#3366,.T.);
#4507=ORIENTED_EDGE('',*,*,#3367,.T.);
#4508=ORIENTED_EDGE('',*,*,#3368,.T.);
#4509=ORIENTED_EDGE('',*,*,#3364,.F.);
#4510=ORIENTED_EDGE('',*,*,#3369,.F.);
#4511=ORIENTED_EDGE('',*,*,#3366,.F.);
#4512=ORIENTED_EDGE('',*,*,#3370,.F.);
#4513=ORIENTED_EDGE('',*,*,#3371,.F.);
#4514=ORIENTED_EDGE('',*,*,#3372,.F.);
#4515=ORIENTED_EDGE('',*,*,#3373,.F.);
#4516=ORIENTED_EDGE('',*,*,#3374,.T.);
#4517=ORIENTED_EDGE('',*,*,#3375,.F.);
#4518=ORIENTED_EDGE('',*,*,#3374,.F.);
#4519=ORIENTED_EDGE('',*,*,#3376,.F.);
#4520=ORIENTED_EDGE('',*,*,#3377,.T.);
#4521=ORIENTED_EDGE('',*,*,#3378,.F.);
#4522=ORIENTED_EDGE('',*,*,#3377,.F.);
#4523=ORIENTED_EDGE('',*,*,#3379,.F.);
#4524=ORIENTED_EDGE('',*,*,#3380,.T.);
#4525=ORIENTED_EDGE('',*,*,#3381,.F.);
#4526=ORIENTED_EDGE('',*,*,#3380,.F.);
#4527=ORIENTED_EDGE('',*,*,#3382,.F.);
#4528=ORIENTED_EDGE('',*,*,#3372,.T.);
#4529=ORIENTED_EDGE('',*,*,#3383,.F.);
#4530=ORIENTED_EDGE('',*,*,#3384,.F.);
#4531=ORIENTED_EDGE('',*,*,#3385,.F.);
#4532=ORIENTED_EDGE('',*,*,#3386,.T.);
#4533=ORIENTED_EDGE('',*,*,#3387,.F.);
#4534=ORIENTED_EDGE('',*,*,#3388,.F.);
#4535=ORIENTED_EDGE('',*,*,#3389,.F.);
#4536=ORIENTED_EDGE('',*,*,#3384,.T.);
#4537=ORIENTED_EDGE('',*,*,#3390,.F.);
#4538=ORIENTED_EDGE('',*,*,#3391,.F.);
#4539=ORIENTED_EDGE('',*,*,#3392,.F.);
#4540=ORIENTED_EDGE('',*,*,#3388,.T.);
#4541=ORIENTED_EDGE('',*,*,#3393,.F.);
#4542=ORIENTED_EDGE('',*,*,#3394,.F.);
#4543=ORIENTED_EDGE('',*,*,#3395,.F.);
#4544=ORIENTED_EDGE('',*,*,#3391,.T.);
#4545=ORIENTED_EDGE('',*,*,#3396,.F.);
#4546=ORIENTED_EDGE('',*,*,#3386,.F.);
#4547=ORIENTED_EDGE('',*,*,#3397,.F.);
#4548=ORIENTED_EDGE('',*,*,#3394,.T.);
#4549=ORIENTED_EDGE('',*,*,#3398,.F.);
#4550=ORIENTED_EDGE('',*,*,#3399,.F.);
#4551=ORIENTED_EDGE('',*,*,#3400,.F.);
#4552=ORIENTED_EDGE('',*,*,#3401,.T.);
#4553=ORIENTED_EDGE('',*,*,#3402,.F.);
#4554=ORIENTED_EDGE('',*,*,#3403,.F.);
#4555=ORIENTED_EDGE('',*,*,#3404,.F.);
#4556=ORIENTED_EDGE('',*,*,#3399,.T.);
#4557=ORIENTED_EDGE('',*,*,#3405,.F.);
#4558=ORIENTED_EDGE('',*,*,#3406,.F.);
#4559=ORIENTED_EDGE('',*,*,#3407,.F.);
#4560=ORIENTED_EDGE('',*,*,#3403,.T.);
#4561=ORIENTED_EDGE('',*,*,#3408,.F.);
#4562=ORIENTED_EDGE('',*,*,#3401,.F.);
#4563=ORIENTED_EDGE('',*,*,#3409,.F.);
#4564=ORIENTED_EDGE('',*,*,#3406,.T.);
#4565=ORIENTED_EDGE('',*,*,#3410,.F.);
#4566=ORIENTED_EDGE('',*,*,#3411,.F.);
#4567=ORIENTED_EDGE('',*,*,#3412,.F.);
#4568=ORIENTED_EDGE('',*,*,#3413,.T.);
#4569=ORIENTED_EDGE('',*,*,#3414,.F.);
#4570=ORIENTED_EDGE('',*,*,#3413,.F.);
#4571=ORIENTED_EDGE('',*,*,#3415,.F.);
#4572=ORIENTED_EDGE('',*,*,#3416,.T.);
#4573=ORIENTED_EDGE('',*,*,#3417,.F.);
#4574=ORIENTED_EDGE('',*,*,#3416,.F.);
#4575=ORIENTED_EDGE('',*,*,#3418,.F.);
#4576=ORIENTED_EDGE('',*,*,#3419,.T.);
#4577=ORIENTED_EDGE('',*,*,#3420,.F.);
#4578=ORIENTED_EDGE('',*,*,#3419,.F.);
#4579=ORIENTED_EDGE('',*,*,#3421,.F.);
#4580=ORIENTED_EDGE('',*,*,#3422,.T.);
#4581=ORIENTED_EDGE('',*,*,#3423,.F.);
#4582=ORIENTED_EDGE('',*,*,#3422,.F.);
#4583=ORIENTED_EDGE('',*,*,#3424,.F.);
#4584=ORIENTED_EDGE('',*,*,#3411,.T.);
#4585=ORIENTED_EDGE('',*,*,#3425,.F.);
#4586=ORIENTED_EDGE('',*,*,#3426,.F.);
#4587=ORIENTED_EDGE('',*,*,#3427,.F.);
#4588=ORIENTED_EDGE('',*,*,#3428,.T.);
#4589=ORIENTED_EDGE('',*,*,#3429,.F.);
#4590=ORIENTED_EDGE('',*,*,#3428,.F.);
#4591=ORIENTED_EDGE('',*,*,#3430,.F.);
#4592=ORIENTED_EDGE('',*,*,#3431,.T.);
#4593=ORIENTED_EDGE('',*,*,#3432,.F.);
#4594=ORIENTED_EDGE('',*,*,#3431,.F.);
#4595=ORIENTED_EDGE('',*,*,#3433,.F.);
#4596=ORIENTED_EDGE('',*,*,#3434,.F.);
#4597=ORIENTED_EDGE('',*,*,#3435,.F.);
#4598=ORIENTED_EDGE('',*,*,#3436,.F.);
#4599=ORIENTED_EDGE('',*,*,#3437,.F.);
#4600=ORIENTED_EDGE('',*,*,#3438,.T.);
#4601=ORIENTED_EDGE('',*,*,#3439,.F.);
#4602=ORIENTED_EDGE('',*,*,#3438,.F.);
#4603=ORIENTED_EDGE('',*,*,#3440,.F.);
#4604=ORIENTED_EDGE('',*,*,#3441,.T.);
#4605=ORIENTED_EDGE('',*,*,#3442,.F.);
#4606=ORIENTED_EDGE('',*,*,#3441,.F.);
#4607=ORIENTED_EDGE('',*,*,#3443,.F.);
#4608=ORIENTED_EDGE('',*,*,#3444,.F.);
#4609=ORIENTED_EDGE('',*,*,#3434,.T.);
#4610=ORIENTED_EDGE('',*,*,#3445,.F.);
#4611=ORIENTED_EDGE('',*,*,#3446,.F.);
#4612=ORIENTED_EDGE('',*,*,#3447,.F.);
#4613=ORIENTED_EDGE('',*,*,#3448,.F.);
#4614=ORIENTED_EDGE('',*,*,#3383,.T.);
#4615=ORIENTED_EDGE('',*,*,#3396,.T.);
#4616=ORIENTED_EDGE('',*,*,#3393,.T.);
#4617=ORIENTED_EDGE('',*,*,#3390,.T.);
#4618=ORIENTED_EDGE('',*,*,#3387,.T.);
#4619=ORIENTED_EDGE('',*,*,#3358,.F.);
#4620=ORIENTED_EDGE('',*,*,#3449,.F.);
#4621=ORIENTED_EDGE('',*,*,#3450,.T.);
#4622=ORIENTED_EDGE('',*,*,#3435,.T.);
#4623=ORIENTED_EDGE('',*,*,#3439,.T.);
#4624=ORIENTED_EDGE('',*,*,#3442,.T.);
#4625=ORIENTED_EDGE('',*,*,#3451,.T.);
#4626=ORIENTED_EDGE('',*,*,#3452,.F.);
#4627=ORIENTED_EDGE('',*,*,#3453,.F.);
#4628=ORIENTED_EDGE('',*,*,#3454,.F.);
#4629=ORIENTED_EDGE('',*,*,#3455,.T.);
#4630=ORIENTED_EDGE('',*,*,#3425,.T.);
#4631=ORIENTED_EDGE('',*,*,#3429,.T.);
#4632=ORIENTED_EDGE('',*,*,#3432,.T.);
#4633=ORIENTED_EDGE('',*,*,#3448,.T.);
#4634=ORIENTED_EDGE('',*,*,#3456,.F.);
#4635=ORIENTED_EDGE('',*,*,#3444,.T.);
#4636=ORIENTED_EDGE('',*,*,#3457,.F.);
#4637=ORIENTED_EDGE('',*,*,#3458,.F.);
#4638=ORIENTED_EDGE('',*,*,#3451,.F.);
#4639=ORIENTED_EDGE('',*,*,#3398,.T.);
#4640=ORIENTED_EDGE('',*,*,#3408,.T.);
#4641=ORIENTED_EDGE('',*,*,#3405,.T.);
#4642=ORIENTED_EDGE('',*,*,#3402,.T.);
#4643=ORIENTED_EDGE('',*,*,#3368,.F.);
#4644=ORIENTED_EDGE('',*,*,#3459,.F.);
#4645=ORIENTED_EDGE('',*,*,#3460,.F.);
#4646=ORIENTED_EDGE('',*,*,#3461,.F.);
#4647=ORIENTED_EDGE('',*,*,#3462,.F.);
#4648=ORIENTED_EDGE('',*,*,#3463,.F.);
#4649=ORIENTED_EDGE('',*,*,#3373,.T.);
#4650=ORIENTED_EDGE('',*,*,#3382,.T.);
#4651=ORIENTED_EDGE('',*,*,#3379,.T.);
#4652=ORIENTED_EDGE('',*,*,#3376,.T.);
#4653=ORIENTED_EDGE('',*,*,#3385,.T.);
#4654=ORIENTED_EDGE('',*,*,#3389,.T.);
#4655=ORIENTED_EDGE('',*,*,#3392,.T.);
#4656=ORIENTED_EDGE('',*,*,#3395,.T.);
#4657=ORIENTED_EDGE('',*,*,#3397,.T.);
#4658=ORIENTED_EDGE('',*,*,#3400,.T.);
#4659=ORIENTED_EDGE('',*,*,#3404,.T.);
#4660=ORIENTED_EDGE('',*,*,#3407,.T.);
#4661=ORIENTED_EDGE('',*,*,#3409,.T.);
#4662=ORIENTED_EDGE('',*,*,#3412,.T.);
#4663=ORIENTED_EDGE('',*,*,#3424,.T.);
#4664=ORIENTED_EDGE('',*,*,#3421,.T.);
#4665=ORIENTED_EDGE('',*,*,#3418,.T.);
#4666=ORIENTED_EDGE('',*,*,#3415,.T.);
#4667=ORIENTED_EDGE('',*,*,#3452,.T.);
#4668=ORIENTED_EDGE('',*,*,#3458,.T.);
#4669=ORIENTED_EDGE('',*,*,#3464,.F.);
#4670=ORIENTED_EDGE('',*,*,#3465,.T.);
#4671=ORIENTED_EDGE('',*,*,#3453,.T.);
#4672=ORIENTED_EDGE('',*,*,#3465,.F.);
#4673=ORIENTED_EDGE('',*,*,#3466,.F.);
#4674=ORIENTED_EDGE('',*,*,#3467,.T.);
#4675=ORIENTED_EDGE('',*,*,#3454,.T.);
#4676=ORIENTED_EDGE('',*,*,#3467,.F.);
#4677=ORIENTED_EDGE('',*,*,#3468,.F.);
#4678=ORIENTED_EDGE('',*,*,#3469,.T.);
#4679=ORIENTED_EDGE('',*,*,#3436,.T.);
#4680=ORIENTED_EDGE('',*,*,#3450,.F.);
#4681=ORIENTED_EDGE('',*,*,#3470,.F.);
#4682=ORIENTED_EDGE('',*,*,#3471,.F.);
#4683=ORIENTED_EDGE('',*,*,#3472,.F.);
#4684=ORIENTED_EDGE('',*,*,#3410,.T.);
#4685=ORIENTED_EDGE('',*,*,#3414,.T.);
#4686=ORIENTED_EDGE('',*,*,#3417,.T.);
#4687=ORIENTED_EDGE('',*,*,#3420,.T.);
#4688=ORIENTED_EDGE('',*,*,#3423,.T.);
#4689=ORIENTED_EDGE('',*,*,#3426,.T.);
#4690=ORIENTED_EDGE('',*,*,#3455,.F.);
#4691=ORIENTED_EDGE('',*,*,#3469,.F.);
#4692=ORIENTED_EDGE('',*,*,#3473,.F.);
#4693=ORIENTED_EDGE('',*,*,#3371,.T.);
#4694=ORIENTED_EDGE('',*,*,#3375,.T.);
#4695=ORIENTED_EDGE('',*,*,#3378,.T.);
#4696=ORIENTED_EDGE('',*,*,#3381,.T.);
#4697=ORIENTED_EDGE('',*,*,#3460,.T.);
#4698=ORIENTED_EDGE('',*,*,#3474,.F.);
#4699=ORIENTED_EDGE('',*,*,#3475,.T.);
#4700=ORIENTED_EDGE('',*,*,#3476,.T.);
#4701=ORIENTED_EDGE('',*,*,#3446,.T.);
#4702=ORIENTED_EDGE('',*,*,#3477,.T.);
#4703=ORIENTED_EDGE('',*,*,#3478,.F.);
#4704=ORIENTED_EDGE('',*,*,#3479,.F.);
#4705=ORIENTED_EDGE('',*,*,#3461,.T.);
#4706=ORIENTED_EDGE('',*,*,#3476,.F.);
#4707=ORIENTED_EDGE('',*,*,#3480,.T.);
#4708=ORIENTED_EDGE('',*,*,#3481,.T.);
#4709=ORIENTED_EDGE('',*,*,#3427,.T.);
#4710=ORIENTED_EDGE('',*,*,#3473,.T.);
#4711=ORIENTED_EDGE('',*,*,#3468,.T.);
#4712=ORIENTED_EDGE('',*,*,#3466,.T.);
#4713=ORIENTED_EDGE('',*,*,#3464,.T.);
#4714=ORIENTED_EDGE('',*,*,#3457,.T.);
#4715=ORIENTED_EDGE('',*,*,#3443,.T.);
#4716=ORIENTED_EDGE('',*,*,#3440,.T.);
#4717=ORIENTED_EDGE('',*,*,#3437,.T.);
#4718=ORIENTED_EDGE('',*,*,#3472,.T.);
#4719=ORIENTED_EDGE('',*,*,#3482,.T.);
#4720=ORIENTED_EDGE('',*,*,#3483,.F.);
#4721=ORIENTED_EDGE('',*,*,#3477,.F.);
#4722=ORIENTED_EDGE('',*,*,#3445,.T.);
#4723=ORIENTED_EDGE('',*,*,#3433,.T.);
#4724=ORIENTED_EDGE('',*,*,#3430,.T.);
#4725=ORIENTED_EDGE('',*,*,#3471,.T.);
#4726=ORIENTED_EDGE('',*,*,#3484,.T.);
#4727=ORIENTED_EDGE('',*,*,#3485,.F.);
#4728=ORIENTED_EDGE('',*,*,#3482,.F.);
#4729=ORIENTED_EDGE('',*,*,#3486,.T.);
#4730=ORIENTED_EDGE('',*,*,#3487,.T.);
#4731=ORIENTED_EDGE('',*,*,#3488,.T.);
#4732=ORIENTED_EDGE('',*,*,#3489,.T.);
#4733=ORIENTED_EDGE('',*,*,#3487,.F.);
#4734=ORIENTED_EDGE('',*,*,#3490,.F.);
#4735=ORIENTED_EDGE('',*,*,#3491,.F.);
#4736=ORIENTED_EDGE('',*,*,#3492,.T.);
#4737=ORIENTED_EDGE('',*,*,#3493,.T.);
#4738=ORIENTED_EDGE('',*,*,#3494,.T.);
#4739=ORIENTED_EDGE('',*,*,#3495,.F.);
#4740=ORIENTED_EDGE('',*,*,#3496,.T.);
#4741=ORIENTED_EDGE('',*,*,#3497,.T.);
#4742=ORIENTED_EDGE('',*,*,#3498,.T.);
#4743=ORIENTED_EDGE('',*,*,#3499,.F.);
#4744=ORIENTED_EDGE('',*,*,#3500,.T.);
#4745=ORIENTED_EDGE('',*,*,#3501,.T.);
#4746=ORIENTED_EDGE('',*,*,#3502,.T.);
#4747=ORIENTED_EDGE('',*,*,#3503,.F.);
#4748=ORIENTED_EDGE('',*,*,#3504,.F.);
#4749=ORIENTED_EDGE('',*,*,#3505,.T.);
#4750=ORIENTED_EDGE('',*,*,#3506,.T.);
#4751=ORIENTED_EDGE('',*,*,#3507,.T.);
#4752=ORIENTED_EDGE('',*,*,#3508,.T.);
#4753=ORIENTED_EDGE('',*,*,#3506,.F.);
#4754=ORIENTED_EDGE('',*,*,#3509,.F.);
#4755=ORIENTED_EDGE('',*,*,#3510,.F.);
#4756=ORIENTED_EDGE('',*,*,#3511,.F.);
#4757=ORIENTED_EDGE('',*,*,#3512,.T.);
#4758=ORIENTED_EDGE('',*,*,#3513,.T.);
#4759=ORIENTED_EDGE('',*,*,#3514,.T.);
#4760=ORIENTED_EDGE('',*,*,#3510,.T.);
#4761=ORIENTED_EDGE('',*,*,#3513,.F.);
#4762=ORIENTED_EDGE('',*,*,#3515,.F.);
#4763=ORIENTED_EDGE('',*,*,#3516,.F.);
#4764=ORIENTED_EDGE('',*,*,#3517,.F.);
#4765=ORIENTED_EDGE('',*,*,#3518,.F.);
#4766=ORIENTED_EDGE('',*,*,#3519,.F.);
#4767=ORIENTED_EDGE('',*,*,#3520,.T.);
#4768=ORIENTED_EDGE('',*,*,#3521,.T.);
#4769=ORIENTED_EDGE('',*,*,#3522,.T.);
#4770=ORIENTED_EDGE('',*,*,#3523,.T.);
#4771=ORIENTED_EDGE('',*,*,#3524,.T.);
#4772=ORIENTED_EDGE('',*,*,#3525,.T.);
#4773=ORIENTED_EDGE('',*,*,#3526,.T.);
#4774=ORIENTED_EDGE('',*,*,#3527,.T.);
#4775=ORIENTED_EDGE('',*,*,#3528,.T.);
#4776=ORIENTED_EDGE('',*,*,#3529,.T.);
#4777=ORIENTED_EDGE('',*,*,#3530,.T.);
#4778=ORIENTED_EDGE('',*,*,#3531,.T.);
#4779=ORIENTED_EDGE('',*,*,#3532,.T.);
#4780=ORIENTED_EDGE('',*,*,#3533,.T.);
#4781=ORIENTED_EDGE('',*,*,#3534,.T.);
#4782=ORIENTED_EDGE('',*,*,#3535,.T.);
#4783=ORIENTED_EDGE('',*,*,#3536,.T.);
#4784=ORIENTED_EDGE('',*,*,#3537,.T.);
#4785=ORIENTED_EDGE('',*,*,#3538,.F.);
#4786=ORIENTED_EDGE('',*,*,#3539,.F.);
#4787=ORIENTED_EDGE('',*,*,#3534,.F.);
#4788=ORIENTED_EDGE('',*,*,#3540,.T.);
#4789=ORIENTED_EDGE('',*,*,#3541,.F.);
#4790=ORIENTED_EDGE('',*,*,#3542,.F.);
#4791=ORIENTED_EDGE('',*,*,#3535,.F.);
#4792=ORIENTED_EDGE('',*,*,#3539,.T.);
#4793=ORIENTED_EDGE('',*,*,#3543,.F.);
#4794=ORIENTED_EDGE('',*,*,#3544,.F.);
#4795=ORIENTED_EDGE('',*,*,#3536,.F.);
#4796=ORIENTED_EDGE('',*,*,#3542,.T.);
#4797=ORIENTED_EDGE('',*,*,#3545,.F.);
#4798=ORIENTED_EDGE('',*,*,#3540,.F.);
#4799=ORIENTED_EDGE('',*,*,#3537,.F.);
#4800=ORIENTED_EDGE('',*,*,#3544,.T.);
#4801=ORIENTED_EDGE('',*,*,#3546,.F.);
#4802=ORIENTED_EDGE('',*,*,#3547,.F.);
#4803=ORIENTED_EDGE('',*,*,#3529,.F.);
#4804=ORIENTED_EDGE('',*,*,#3548,.T.);
#4805=ORIENTED_EDGE('',*,*,#3549,.F.);
#4806=ORIENTED_EDGE('',*,*,#3548,.F.);
#4807=ORIENTED_EDGE('',*,*,#3533,.F.);
#4808=ORIENTED_EDGE('',*,*,#3550,.T.);
#4809=ORIENTED_EDGE('',*,*,#3551,.F.);
#4810=ORIENTED_EDGE('',*,*,#3550,.F.);
#4811=ORIENTED_EDGE('',*,*,#3532,.F.);
#4812=ORIENTED_EDGE('',*,*,#3552,.T.);
#4813=ORIENTED_EDGE('',*,*,#3553,.F.);
#4814=ORIENTED_EDGE('',*,*,#3552,.F.);
#4815=ORIENTED_EDGE('',*,*,#3531,.F.);
#4816=ORIENTED_EDGE('',*,*,#3554,.T.);
#4817=ORIENTED_EDGE('',*,*,#3555,.F.);
#4818=ORIENTED_EDGE('',*,*,#3554,.F.);
#4819=ORIENTED_EDGE('',*,*,#3530,.F.);
#4820=ORIENTED_EDGE('',*,*,#3547,.T.);
#4821=ORIENTED_EDGE('',*,*,#3556,.F.);
#4822=ORIENTED_EDGE('',*,*,#3557,.F.);
#4823=ORIENTED_EDGE('',*,*,#3525,.F.);
#4824=ORIENTED_EDGE('',*,*,#3558,.T.);
#4825=ORIENTED_EDGE('',*,*,#3559,.F.);
#4826=ORIENTED_EDGE('',*,*,#3558,.F.);
#4827=ORIENTED_EDGE('',*,*,#3528,.F.);
#4828=ORIENTED_EDGE('',*,*,#3560,.T.);
#4829=ORIENTED_EDGE('',*,*,#3561,.F.);
#4830=ORIENTED_EDGE('',*,*,#3560,.F.);
#4831=ORIENTED_EDGE('',*,*,#3527,.F.);
#4832=ORIENTED_EDGE('',*,*,#3562,.T.);
#4833=ORIENTED_EDGE('',*,*,#3563,.F.);
#4834=ORIENTED_EDGE('',*,*,#3562,.F.);
#4835=ORIENTED_EDGE('',*,*,#3526,.F.);
#4836=ORIENTED_EDGE('',*,*,#3557,.T.);
#4837=ORIENTED_EDGE('',*,*,#3564,.F.);
#4838=ORIENTED_EDGE('',*,*,#3565,.F.);
#4839=ORIENTED_EDGE('',*,*,#3520,.F.);
#4840=ORIENTED_EDGE('',*,*,#3566,.T.);
#4841=ORIENTED_EDGE('',*,*,#3567,.F.);
#4842=ORIENTED_EDGE('',*,*,#3568,.F.);
#4843=ORIENTED_EDGE('',*,*,#3521,.F.);
#4844=ORIENTED_EDGE('',*,*,#3565,.T.);
#4845=ORIENTED_EDGE('',*,*,#3569,.F.);
#4846=ORIENTED_EDGE('',*,*,#3570,.F.);
#4847=ORIENTED_EDGE('',*,*,#3522,.F.);
#4848=ORIENTED_EDGE('',*,*,#3568,.T.);
#4849=ORIENTED_EDGE('',*,*,#3571,.F.);
#4850=ORIENTED_EDGE('',*,*,#3572,.F.);
#4851=ORIENTED_EDGE('',*,*,#3523,.F.);
#4852=ORIENTED_EDGE('',*,*,#3570,.T.);
#4853=ORIENTED_EDGE('',*,*,#3573,.F.);
#4854=ORIENTED_EDGE('',*,*,#3566,.F.);
#4855=ORIENTED_EDGE('',*,*,#3524,.F.);
#4856=ORIENTED_EDGE('',*,*,#3572,.T.);
#4857=ORIENTED_EDGE('',*,*,#3494,.F.);
#4858=ORIENTED_EDGE('',*,*,#3574,.F.);
#4859=ORIENTED_EDGE('',*,*,#3575,.F.);
#4860=ORIENTED_EDGE('',*,*,#3576,.F.);
#4861=ORIENTED_EDGE('',*,*,#3493,.F.);
#4862=ORIENTED_EDGE('',*,*,#3577,.F.);
#4863=ORIENTED_EDGE('',*,*,#3578,.F.);
#4864=ORIENTED_EDGE('',*,*,#3574,.T.);
#4865=ORIENTED_EDGE('',*,*,#3492,.F.);
#4866=ORIENTED_EDGE('',*,*,#3579,.F.);
#4867=ORIENTED_EDGE('',*,*,#3580,.F.);
#4868=ORIENTED_EDGE('',*,*,#3577,.T.);
#4869=ORIENTED_EDGE('',*,*,#3502,.F.);
#4870=ORIENTED_EDGE('',*,*,#3581,.F.);
#4871=ORIENTED_EDGE('',*,*,#3582,.F.);
#4872=ORIENTED_EDGE('',*,*,#3583,.F.);
#4873=ORIENTED_EDGE('',*,*,#3501,.F.);
#4874=ORIENTED_EDGE('',*,*,#3584,.F.);
#4875=ORIENTED_EDGE('',*,*,#3585,.F.);
#4876=ORIENTED_EDGE('',*,*,#3581,.T.);
#4877=ORIENTED_EDGE('',*,*,#3500,.F.);
#4878=ORIENTED_EDGE('',*,*,#3586,.F.);
#4879=ORIENTED_EDGE('',*,*,#3587,.F.);
#4880=ORIENTED_EDGE('',*,*,#3584,.T.);
#4881=ORIENTED_EDGE('',*,*,#3579,.T.);
#4882=ORIENTED_EDGE('',*,*,#3491,.T.);
#4883=ORIENTED_EDGE('',*,*,#3588,.F.);
#4884=ORIENTED_EDGE('',*,*,#3589,.F.);
#4885=ORIENTED_EDGE('',*,*,#3590,.F.);
#4886=ORIENTED_EDGE('',*,*,#3546,.T.);
#4887=ORIENTED_EDGE('',*,*,#3549,.T.);
#4888=ORIENTED_EDGE('',*,*,#3551,.T.);
#4889=ORIENTED_EDGE('',*,*,#3553,.T.);
#4890=ORIENTED_EDGE('',*,*,#3555,.T.);
#4891=ORIENTED_EDGE('',*,*,#3575,.T.);
#4892=ORIENTED_EDGE('',*,*,#3578,.T.);
#4893=ORIENTED_EDGE('',*,*,#3580,.T.);
#4894=ORIENTED_EDGE('',*,*,#3590,.T.);
#4895=ORIENTED_EDGE('',*,*,#3591,.T.);
#4896=ORIENTED_EDGE('',*,*,#3592,.F.);
#4897=ORIENTED_EDGE('',*,*,#3593,.F.);
#4898=ORIENTED_EDGE('',*,*,#3594,.T.);
#4899=ORIENTED_EDGE('',*,*,#3582,.T.);
#4900=ORIENTED_EDGE('',*,*,#3585,.T.);
#4901=ORIENTED_EDGE('',*,*,#3587,.T.);
#4902=ORIENTED_EDGE('',*,*,#3595,.T.);
#4903=ORIENTED_EDGE('',*,*,#3596,.T.);
#4904=ORIENTED_EDGE('',*,*,#3597,.T.);
#4905=ORIENTED_EDGE('',*,*,#3598,.T.);
#4906=ORIENTED_EDGE('',*,*,#3599,.T.);
#4907=ORIENTED_EDGE('',*,*,#3586,.T.);
#4908=ORIENTED_EDGE('',*,*,#3499,.T.);
#4909=ORIENTED_EDGE('',*,*,#3600,.T.);
#4910=ORIENTED_EDGE('',*,*,#3595,.F.);
#4911=ORIENTED_EDGE('',*,*,#3556,.T.);
#4912=ORIENTED_EDGE('',*,*,#3559,.T.);
#4913=ORIENTED_EDGE('',*,*,#3561,.T.);
#4914=ORIENTED_EDGE('',*,*,#3563,.T.);
#4915=ORIENTED_EDGE('',*,*,#3498,.F.);
#4916=ORIENTED_EDGE('',*,*,#3601,.F.);
#4917=ORIENTED_EDGE('',*,*,#3596,.F.);
#4918=ORIENTED_EDGE('',*,*,#3600,.F.);
#4919=ORIENTED_EDGE('',*,*,#3497,.F.);
#4920=ORIENTED_EDGE('',*,*,#3602,.F.);
#4921=ORIENTED_EDGE('',*,*,#3597,.F.);
#4922=ORIENTED_EDGE('',*,*,#3601,.T.);
#4923=ORIENTED_EDGE('',*,*,#3496,.F.);
#4924=ORIENTED_EDGE('',*,*,#3603,.F.);
#4925=ORIENTED_EDGE('',*,*,#3598,.F.);
#4926=ORIENTED_EDGE('',*,*,#3602,.T.);
#4927=ORIENTED_EDGE('',*,*,#3583,.T.);
#4928=ORIENTED_EDGE('',*,*,#3594,.F.);
#4929=ORIENTED_EDGE('',*,*,#3604,.F.);
#4930=ORIENTED_EDGE('',*,*,#3605,.F.);
#4931=ORIENTED_EDGE('',*,*,#3503,.T.);
#4932=ORIENTED_EDGE('',*,*,#3564,.T.);
#4933=ORIENTED_EDGE('',*,*,#3573,.T.);
#4934=ORIENTED_EDGE('',*,*,#3571,.T.);
#4935=ORIENTED_EDGE('',*,*,#3569,.T.);
#4936=ORIENTED_EDGE('',*,*,#3567,.T.);
#4937=ORIENTED_EDGE('',*,*,#3576,.T.);
#4938=ORIENTED_EDGE('',*,*,#3599,.F.);
#4939=ORIENTED_EDGE('',*,*,#3603,.T.);
#4940=ORIENTED_EDGE('',*,*,#3495,.T.);
#4941=ORIENTED_EDGE('',*,*,#3538,.T.);
#4942=ORIENTED_EDGE('',*,*,#3545,.T.);
#4943=ORIENTED_EDGE('',*,*,#3543,.T.);
#4944=ORIENTED_EDGE('',*,*,#3541,.T.);
#4945=ORIENTED_EDGE('',*,*,#3517,.T.);
#4946=ORIENTED_EDGE('',*,*,#3606,.F.);
#4947=ORIENTED_EDGE('',*,*,#3607,.T.);
#4948=ORIENTED_EDGE('',*,*,#3608,.T.);
#4949=ORIENTED_EDGE('',*,*,#3518,.T.);
#4950=ORIENTED_EDGE('',*,*,#3608,.F.);
#4951=ORIENTED_EDGE('',*,*,#3609,.T.);
#4952=ORIENTED_EDGE('',*,*,#3610,.T.);
#4953=ORIENTED_EDGE('',*,*,#3589,.T.);
#4954=ORIENTED_EDGE('',*,*,#3611,.T.);
#4955=ORIENTED_EDGE('',*,*,#3612,.F.);
#4956=ORIENTED_EDGE('',*,*,#3591,.F.);
#4957=ORIENTED_EDGE('',*,*,#3588,.T.);
#4958=ORIENTED_EDGE('',*,*,#3490,.T.);
#4959=ORIENTED_EDGE('',*,*,#3486,.F.);
#4960=ORIENTED_EDGE('',*,*,#3613,.T.);
#4961=ORIENTED_EDGE('',*,*,#3507,.F.);
#4962=ORIENTED_EDGE('',*,*,#3511,.T.);
#4963=ORIENTED_EDGE('',*,*,#3514,.F.);
#4964=ORIENTED_EDGE('',*,*,#3519,.T.);
#4965=ORIENTED_EDGE('',*,*,#3610,.F.);
#4966=ORIENTED_EDGE('',*,*,#3614,.T.);
#4967=ORIENTED_EDGE('',*,*,#3615,.T.);
#4968=ORIENTED_EDGE('',*,*,#3616,.F.);
#4969=ORIENTED_EDGE('',*,*,#3611,.F.);
#4970=ORIENTED_EDGE('',*,*,#3489,.F.);
#4971=ORIENTED_EDGE('',*,*,#3617,.F.);
#4972=ORIENTED_EDGE('',*,*,#3508,.F.);
#4973=ORIENTED_EDGE('',*,*,#3613,.F.);
#4974=ORIENTED_EDGE('',*,*,#3516,.T.);
#4975=ORIENTED_EDGE('',*,*,#3618,.F.);
#4976=ORIENTED_EDGE('',*,*,#3619,.T.);
#4977=ORIENTED_EDGE('',*,*,#3606,.T.);
#4978=ORIENTED_EDGE('',*,*,#3604,.T.);
#4979=ORIENTED_EDGE('',*,*,#3593,.T.);
#4980=ORIENTED_EDGE('',*,*,#3620,.F.);
#4981=ORIENTED_EDGE('',*,*,#3621,.F.);
#4982=ORIENTED_EDGE('',*,*,#3622,.F.);
#4983=ORIENTED_EDGE('',*,*,#3623,.T.);
#4984=ORIENTED_EDGE('',*,*,#3624,.T.);
#4985=ORIENTED_EDGE('',*,*,#3625,.T.);
#4986=ORIENTED_EDGE('',*,*,#3626,.T.);
#4987=ORIENTED_EDGE('',*,*,#3627,.F.);
#4988=ORIENTED_EDGE('',*,*,#3628,.F.);
#4989=ORIENTED_EDGE('',*,*,#3629,.T.);
#4990=ORIENTED_EDGE('',*,*,#3630,.T.);
#4991=ORIENTED_EDGE('',*,*,#3631,.T.);
#4992=ORIENTED_EDGE('',*,*,#3622,.T.);
#4993=ORIENTED_EDGE('',*,*,#3632,.T.);
#4994=ORIENTED_EDGE('',*,*,#3633,.T.);
#4995=ORIENTED_EDGE('',*,*,#3634,.T.);
#4996=ORIENTED_EDGE('',*,*,#3634,.F.);
#4997=ORIENTED_EDGE('',*,*,#3635,.F.);
#4998=ORIENTED_EDGE('',*,*,#3636,.T.);
#4999=ORIENTED_EDGE('',*,*,#3623,.F.);
#5000=ORIENTED_EDGE('',*,*,#3637,.F.);
#5001=ORIENTED_EDGE('',*,*,#3638,.T.);
#5002=ORIENTED_EDGE('',*,*,#3639,.F.);
#5003=ORIENTED_EDGE('',*,*,#3640,.F.);
#5004=ORIENTED_EDGE('',*,*,#3641,.F.);
#5005=ORIENTED_EDGE('',*,*,#3640,.T.);
#5006=ORIENTED_EDGE('',*,*,#3642,.F.);
#5007=ORIENTED_EDGE('',*,*,#3643,.F.);
#5008=ORIENTED_EDGE('',*,*,#3637,.T.);
#5009=ORIENTED_EDGE('',*,*,#3641,.T.);
#5010=ORIENTED_EDGE('',*,*,#3644,.T.);
#5011=ORIENTED_EDGE('',*,*,#3645,.F.);
#5012=ORIENTED_EDGE('',*,*,#3646,.F.);
#5013=ORIENTED_EDGE('',*,*,#3647,.T.);
#5014=ORIENTED_EDGE('',*,*,#3648,.T.);
#5015=ORIENTED_EDGE('',*,*,#3649,.T.);
#5016=ORIENTED_EDGE('',*,*,#3643,.T.);
#5017=ORIENTED_EDGE('',*,*,#3650,.T.);
#5018=ORIENTED_EDGE('',*,*,#3651,.F.);
#5019=ORIENTED_EDGE('',*,*,#3644,.F.);
#5020=ORIENTED_EDGE('',*,*,#3642,.T.);
#5021=ORIENTED_EDGE('',*,*,#3639,.T.);
#5022=ORIENTED_EDGE('',*,*,#3652,.T.);
#5023=ORIENTED_EDGE('',*,*,#3653,.T.);
#5024=ORIENTED_EDGE('',*,*,#3654,.T.);
#5025=ORIENTED_EDGE('',*,*,#3655,.T.);
#5026=ORIENTED_EDGE('',*,*,#3656,.F.);
#5027=ORIENTED_EDGE('',*,*,#3650,.F.);
#5028=ORIENTED_EDGE('',*,*,#3636,.F.);
#5029=ORIENTED_EDGE('',*,*,#3657,.F.);
#5030=ORIENTED_EDGE('',*,*,#3658,.T.);
#5031=ORIENTED_EDGE('',*,*,#3624,.F.);
#5032=ORIENTED_EDGE('',*,*,#3658,.F.);
#5033=ORIENTED_EDGE('',*,*,#3659,.F.);
#5034=ORIENTED_EDGE('',*,*,#3660,.F.);
#5035=ORIENTED_EDGE('',*,*,#3661,.F.);
#5036=ORIENTED_EDGE('',*,*,#3662,.F.);
#5037=ORIENTED_EDGE('',*,*,#3625,.F.);
#5038=ORIENTED_EDGE('',*,*,#3663,.F.);
#5039=ORIENTED_EDGE('',*,*,#3664,.F.);
#5040=ORIENTED_EDGE('',*,*,#3665,.F.);
#5041=ORIENTED_EDGE('',*,*,#3666,.F.);
#5042=ORIENTED_EDGE('',*,*,#3667,.F.);
#5043=ORIENTED_EDGE('',*,*,#3668,.F.);
#5044=ORIENTED_EDGE('',*,*,#3632,.F.);
#5045=ORIENTED_EDGE('',*,*,#3631,.F.);
#5046=ORIENTED_EDGE('',*,*,#3669,.T.);
#5047=ORIENTED_EDGE('',*,*,#3652,.F.);
#5048=ORIENTED_EDGE('',*,*,#3638,.F.);
#5049=ORIENTED_EDGE('',*,*,#3649,.F.);
#5050=ORIENTED_EDGE('',*,*,#3670,.T.);
#5051=ORIENTED_EDGE('',*,*,#3671,.F.);
#5052=ORIENTED_EDGE('',*,*,#3672,.F.);
#5053=ORIENTED_EDGE('',*,*,#3670,.F.);
#5054=ORIENTED_EDGE('',*,*,#3648,.F.);
#5055=ORIENTED_EDGE('',*,*,#3673,.F.);
#5056=ORIENTED_EDGE('',*,*,#3674,.F.);
#5057=ORIENTED_EDGE('',*,*,#3673,.T.);
#5058=ORIENTED_EDGE('',*,*,#3647,.F.);
#5059=ORIENTED_EDGE('',*,*,#3675,.F.);
#5060=ORIENTED_EDGE('',*,*,#3653,.F.);
#5061=ORIENTED_EDGE('',*,*,#3669,.F.);
#5062=ORIENTED_EDGE('',*,*,#3630,.F.);
#5063=ORIENTED_EDGE('',*,*,#3676,.F.);
#5064=ORIENTED_EDGE('',*,*,#3654,.F.);
#5065=ORIENTED_EDGE('',*,*,#3676,.T.);
#5066=ORIENTED_EDGE('',*,*,#3629,.F.);
#5067=ORIENTED_EDGE('',*,*,#3677,.F.);
#5068=ORIENTED_EDGE('',*,*,#3666,.T.);
#5069=ORIENTED_EDGE('',*,*,#3678,.T.);
#5070=ORIENTED_EDGE('',*,*,#3679,.F.);
#5071=ORIENTED_EDGE('',*,*,#3680,.F.);
#5072=ORIENTED_EDGE('',*,*,#3665,.T.);
#5073=ORIENTED_EDGE('',*,*,#3681,.T.);
#5074=ORIENTED_EDGE('',*,*,#3682,.F.);
#5075=ORIENTED_EDGE('',*,*,#3678,.F.);
#5076=ORIENTED_EDGE('',*,*,#3664,.T.);
#5077=ORIENTED_EDGE('',*,*,#3683,.T.);
#5078=ORIENTED_EDGE('',*,*,#3684,.F.);
#5079=ORIENTED_EDGE('',*,*,#3681,.F.);
#5080=ORIENTED_EDGE('',*,*,#3662,.T.);
#5081=ORIENTED_EDGE('',*,*,#3685,.T.);
#5082=ORIENTED_EDGE('',*,*,#3686,.F.);
#5083=ORIENTED_EDGE('',*,*,#3626,.F.);
#5084=ORIENTED_EDGE('',*,*,#3675,.T.);
#5085=ORIENTED_EDGE('',*,*,#3646,.T.);
#5086=ORIENTED_EDGE('',*,*,#3687,.T.);
#5087=ORIENTED_EDGE('',*,*,#3688,.F.);
#5088=ORIENTED_EDGE('',*,*,#3677,.T.);
#5089=ORIENTED_EDGE('',*,*,#3628,.T.);
#5090=ORIENTED_EDGE('',*,*,#3689,.T.);
#5091=ORIENTED_EDGE('',*,*,#3655,.F.);
#5092=ORIENTED_EDGE('',*,*,#3663,.T.);
#5093=ORIENTED_EDGE('',*,*,#3690,.T.);
#5094=ORIENTED_EDGE('',*,*,#3691,.F.);
#5095=ORIENTED_EDGE('',*,*,#3683,.F.);
#5096=ORIENTED_EDGE('',*,*,#3668,.T.);
#5097=ORIENTED_EDGE('',*,*,#3692,.T.);
#5098=ORIENTED_EDGE('',*,*,#3693,.F.);
#5099=ORIENTED_EDGE('',*,*,#3690,.F.);
#5100=ORIENTED_EDGE('',*,*,#3667,.T.);
#5101=ORIENTED_EDGE('',*,*,#3680,.T.);
#5102=ORIENTED_EDGE('',*,*,#3694,.F.);
#5103=ORIENTED_EDGE('',*,*,#3692,.F.);
#5104=ORIENTED_EDGE('',*,*,#3661,.T.);
#5105=ORIENTED_EDGE('',*,*,#3695,.T.);
#5106=ORIENTED_EDGE('',*,*,#3696,.F.);
#5107=ORIENTED_EDGE('',*,*,#3685,.F.);
#5108=ORIENTED_EDGE('',*,*,#3660,.T.);
#5109=ORIENTED_EDGE('',*,*,#3697,.T.);
#5110=ORIENTED_EDGE('',*,*,#3698,.F.);
#5111=ORIENTED_EDGE('',*,*,#3695,.F.);
#5112=ORIENTED_EDGE('',*,*,#3633,.F.);
#5113=ORIENTED_EDGE('',*,*,#3671,.T.);
#5114=ORIENTED_EDGE('',*,*,#3672,.T.);
#5115=ORIENTED_EDGE('',*,*,#3674,.T.);
#5116=ORIENTED_EDGE('',*,*,#3688,.T.);
#5117=ORIENTED_EDGE('',*,*,#3699,.F.);
#5118=ORIENTED_EDGE('',*,*,#3697,.F.);
#5119=ORIENTED_EDGE('',*,*,#3659,.T.);
#5120=ORIENTED_EDGE('',*,*,#3657,.T.);
#5121=ORIENTED_EDGE('',*,*,#3635,.T.);
#5122=ORIENTED_EDGE('',*,*,#3699,.T.);
#5123=ORIENTED_EDGE('',*,*,#3700,.T.);
#5124=ORIENTED_EDGE('',*,*,#3701,.T.);
#5125=ORIENTED_EDGE('',*,*,#3702,.F.);
#5126=ORIENTED_EDGE('',*,*,#3703,.F.);
#5127=ORIENTED_EDGE('',*,*,#3704,.T.);
#5128=ORIENTED_EDGE('',*,*,#3627,.T.);
#5129=ORIENTED_EDGE('',*,*,#3686,.T.);
#5130=ORIENTED_EDGE('',*,*,#3696,.T.);
#5131=ORIENTED_EDGE('',*,*,#3698,.T.);
#5132=ORIENTED_EDGE('',*,*,#3645,.T.);
#5133=ORIENTED_EDGE('',*,*,#3651,.T.);
#5134=ORIENTED_EDGE('',*,*,#3656,.T.);
#5135=ORIENTED_EDGE('',*,*,#3705,.T.);
#5136=ORIENTED_EDGE('',*,*,#3706,.F.);
#5137=ORIENTED_EDGE('',*,*,#3707,.T.);
#5138=ORIENTED_EDGE('',*,*,#3708,.T.);
#5139=ORIENTED_EDGE('',*,*,#3348,.T.);
#5140=ORIENTED_EDGE('',*,*,#3709,.T.);
#5141=ORIENTED_EDGE('',*,*,#3710,.F.);
#5142=ORIENTED_EDGE('',*,*,#3711,.F.);
#5143=ORIENTED_EDGE('',*,*,#3712,.T.);
#5144=ORIENTED_EDGE('',*,*,#3713,.T.);
#5145=ORIENTED_EDGE('',*,*,#3714,.T.);
#5146=ORIENTED_EDGE('',*,*,#3706,.T.);
#5147=ORIENTED_EDGE('',*,*,#3715,.T.);
#5148=ORIENTED_EDGE('',*,*,#3716,.T.);
#5149=ORIENTED_EDGE('',*,*,#3717,.T.);
#5150=ORIENTED_EDGE('',*,*,#3717,.F.);
#5151=ORIENTED_EDGE('',*,*,#3718,.F.);
#5152=ORIENTED_EDGE('',*,*,#3719,.F.);
#5153=ORIENTED_EDGE('',*,*,#3707,.F.);
#5154=ORIENTED_EDGE('',*,*,#3720,.F.);
#5155=ORIENTED_EDGE('',*,*,#3721,.T.);
#5156=ORIENTED_EDGE('',*,*,#3722,.F.);
#5157=ORIENTED_EDGE('',*,*,#3723,.F.);
#5158=ORIENTED_EDGE('',*,*,#3724,.F.);
#5159=ORIENTED_EDGE('',*,*,#3725,.F.);
#5160=ORIENTED_EDGE('',*,*,#3726,.F.);
#5161=ORIENTED_EDGE('',*,*,#3721,.F.);
#5162=ORIENTED_EDGE('',*,*,#3343,.T.);
#5163=ORIENTED_EDGE('',*,*,#3708,.F.);
#5164=ORIENTED_EDGE('',*,*,#3719,.T.);
#5165=ORIENTED_EDGE('',*,*,#3727,.F.);
#5166=ORIENTED_EDGE('',*,*,#3277,.T.);
#5167=ORIENTED_EDGE('',*,*,#3287,.T.);
#5168=ORIENTED_EDGE('',*,*,#3284,.T.);
#5169=ORIENTED_EDGE('',*,*,#3281,.T.);
#5170=ORIENTED_EDGE('',*,*,#3728,.F.);
#5171=ORIENTED_EDGE('',*,*,#3729,.F.);
#5172=ORIENTED_EDGE('',*,*,#3730,.F.);
#5173=ORIENTED_EDGE('',*,*,#3731,.F.);
#5174=ORIENTED_EDGE('',*,*,#3715,.F.);
#5175=ORIENTED_EDGE('',*,*,#3714,.F.);
#5176=ORIENTED_EDGE('',*,*,#3732,.F.);
#5177=ORIENTED_EDGE('',*,*,#3733,.F.);
#5178=ORIENTED_EDGE('',*,*,#3723,.T.);
#5179=ORIENTED_EDGE('',*,*,#3734,.F.);
#5180=ORIENTED_EDGE('',*,*,#3735,.F.);
#5181=ORIENTED_EDGE('',*,*,#3736,.F.);
#5182=ORIENTED_EDGE('',*,*,#3737,.F.);
#5183=ORIENTED_EDGE('',*,*,#3731,.T.);
#5184=ORIENTED_EDGE('',*,*,#3738,.F.);
#5185=ORIENTED_EDGE('',*,*,#3735,.T.);
#5186=ORIENTED_EDGE('',*,*,#3713,.F.);
#5187=ORIENTED_EDGE('',*,*,#3739,.T.);
#5188=ORIENTED_EDGE('',*,*,#3740,.F.);
#5189=ORIENTED_EDGE('',*,*,#3732,.T.);
#5190=ORIENTED_EDGE('',*,*,#3712,.F.);
#5191=ORIENTED_EDGE('',*,*,#3741,.F.);
#5192=ORIENTED_EDGE('',*,*,#3742,.F.);
#5193=ORIENTED_EDGE('',*,*,#3739,.F.);
#5194=ORIENTED_EDGE('',*,*,#3352,.T.);
#5195=ORIENTED_EDGE('',*,*,#3743,.T.);
#5196=ORIENTED_EDGE('',*,*,#3744,.F.);
#5197=ORIENTED_EDGE('',*,*,#3745,.F.);
#5198=ORIENTED_EDGE('',*,*,#3351,.T.);
#5199=ORIENTED_EDGE('',*,*,#3746,.T.);
#5200=ORIENTED_EDGE('',*,*,#3747,.F.);
#5201=ORIENTED_EDGE('',*,*,#3743,.F.);
#5202=ORIENTED_EDGE('',*,*,#3350,.T.);
#5203=ORIENTED_EDGE('',*,*,#3748,.T.);
#5204=ORIENTED_EDGE('',*,*,#3749,.F.);
#5205=ORIENTED_EDGE('',*,*,#3746,.F.);
#5206=ORIENTED_EDGE('',*,*,#3347,.T.);
#5207=ORIENTED_EDGE('',*,*,#3750,.T.);
#5208=ORIENTED_EDGE('',*,*,#3751,.F.);
#5209=ORIENTED_EDGE('',*,*,#3709,.F.);
#5210=ORIENTED_EDGE('',*,*,#3346,.T.);
#5211=ORIENTED_EDGE('',*,*,#3752,.T.);
#5212=ORIENTED_EDGE('',*,*,#3753,.F.);
#5213=ORIENTED_EDGE('',*,*,#3750,.F.);
#5214=ORIENTED_EDGE('',*,*,#3345,.T.);
#5215=ORIENTED_EDGE('',*,*,#3754,.T.);
#5216=ORIENTED_EDGE('',*,*,#3755,.F.);
#5217=ORIENTED_EDGE('',*,*,#3752,.F.);
#5218=ORIENTED_EDGE('',*,*,#3720,.T.);
#5219=ORIENTED_EDGE('',*,*,#3733,.T.);
#5220=ORIENTED_EDGE('',*,*,#3740,.T.);
#5221=ORIENTED_EDGE('',*,*,#3742,.T.);
#5222=ORIENTED_EDGE('',*,*,#3756,.T.);
#5223=ORIENTED_EDGE('',*,*,#3757,.F.);
#5224=ORIENTED_EDGE('',*,*,#3758,.F.);
#5225=ORIENTED_EDGE('',*,*,#3724,.T.);
#5226=ORIENTED_EDGE('',*,*,#3349,.T.);
#5227=ORIENTED_EDGE('',*,*,#3759,.T.);
#5228=ORIENTED_EDGE('',*,*,#3760,.F.);
#5229=ORIENTED_EDGE('',*,*,#3748,.F.);
#5230=ORIENTED_EDGE('',*,*,#3741,.T.);
#5231=ORIENTED_EDGE('',*,*,#3711,.T.);
#5232=ORIENTED_EDGE('',*,*,#3761,.T.);
#5233=ORIENTED_EDGE('',*,*,#3756,.F.);
#5234=ORIENTED_EDGE('',*,*,#3353,.T.);
#5235=ORIENTED_EDGE('',*,*,#3745,.T.);
#5236=ORIENTED_EDGE('',*,*,#3762,.F.);
#5237=ORIENTED_EDGE('',*,*,#3763,.F.);
#5238=ORIENTED_EDGE('',*,*,#3354,.T.);
#5239=ORIENTED_EDGE('',*,*,#3763,.T.);
#5240=ORIENTED_EDGE('',*,*,#3764,.F.);
#5241=ORIENTED_EDGE('',*,*,#3759,.F.);
#5242=ORIENTED_EDGE('',*,*,#3725,.T.);
#5243=ORIENTED_EDGE('',*,*,#3758,.T.);
#5244=ORIENTED_EDGE('',*,*,#3765,.F.);
#5245=ORIENTED_EDGE('',*,*,#3766,.F.);
#5246=ORIENTED_EDGE('',*,*,#3726,.T.);
#5247=ORIENTED_EDGE('',*,*,#3766,.T.);
#5248=ORIENTED_EDGE('',*,*,#3767,.F.);
#5249=ORIENTED_EDGE('',*,*,#3768,.F.);
#5250=ORIENTED_EDGE('',*,*,#3728,.T.);
#5251=ORIENTED_EDGE('',*,*,#3737,.T.);
#5252=ORIENTED_EDGE('',*,*,#3734,.T.);
#5253=ORIENTED_EDGE('',*,*,#3722,.T.);
#5254=ORIENTED_EDGE('',*,*,#3729,.T.);
#5255=ORIENTED_EDGE('',*,*,#3768,.T.);
#5256=ORIENTED_EDGE('',*,*,#3769,.T.);
#5257=ORIENTED_EDGE('',*,*,#3770,.F.);
#5258=ORIENTED_EDGE('',*,*,#3716,.F.);
#5259=ORIENTED_EDGE('',*,*,#3736,.T.);
#5260=ORIENTED_EDGE('',*,*,#3738,.T.);
#5261=ORIENTED_EDGE('',*,*,#3730,.T.);
#5262=ORIENTED_EDGE('',*,*,#3770,.T.);
#5263=ORIENTED_EDGE('',*,*,#3771,.F.);
#5264=ORIENTED_EDGE('',*,*,#3754,.F.);
#5265=ORIENTED_EDGE('',*,*,#3344,.T.);
#5266=ORIENTED_EDGE('',*,*,#3727,.T.);
#5267=ORIENTED_EDGE('',*,*,#3718,.T.);
#5268=ORIENTED_EDGE('',*,*,#3771,.T.);
#5269=ORIENTED_EDGE('',*,*,#3772,.T.);
#5270=ORIENTED_EDGE('',*,*,#3773,.T.);
#5271=ORIENTED_EDGE('',*,*,#3774,.F.);
#5272=ORIENTED_EDGE('',*,*,#3775,.F.);
#5273=ORIENTED_EDGE('',*,*,#3776,.T.);
#5274=ORIENTED_EDGE('',*,*,#3710,.T.);
#5275=ORIENTED_EDGE('',*,*,#3751,.T.);
#5276=ORIENTED_EDGE('',*,*,#3753,.T.);
#5277=ORIENTED_EDGE('',*,*,#3755,.T.);
#5278=ORIENTED_EDGE('',*,*,#3767,.T.);
#5279=ORIENTED_EDGE('',*,*,#3765,.T.);
#5280=ORIENTED_EDGE('',*,*,#3757,.T.);
#5281=ORIENTED_EDGE('',*,*,#3777,.T.);
#5282=ORIENTED_EDGE('',*,*,#3778,.T.);
#5283=ORIENTED_EDGE('',*,*,#3779,.T.);
#5284=ORIENTED_EDGE('',*,*,#3780,.F.);
#5285=ORIENTED_EDGE('',*,*,#3781,.F.);
#5286=ORIENTED_EDGE('',*,*,#3782,.T.);
#5287=ORIENTED_EDGE('',*,*,#3781,.T.);
#5288=ORIENTED_EDGE('',*,*,#3783,.F.);
#5289=ORIENTED_EDGE('',*,*,#3784,.F.);
#5290=ORIENTED_EDGE('',*,*,#3785,.T.);
#5291=ORIENTED_EDGE('',*,*,#3784,.T.);
#5292=ORIENTED_EDGE('',*,*,#3786,.F.);
#5293=ORIENTED_EDGE('',*,*,#3787,.F.);
#5294=ORIENTED_EDGE('',*,*,#3788,.T.);
#5295=ORIENTED_EDGE('',*,*,#3787,.T.);
#5296=ORIENTED_EDGE('',*,*,#3789,.F.);
#5297=ORIENTED_EDGE('',*,*,#3790,.F.);
#5298=ORIENTED_EDGE('',*,*,#3791,.T.);
#5299=ORIENTED_EDGE('',*,*,#3790,.T.);
#5300=ORIENTED_EDGE('',*,*,#3792,.F.);
#5301=ORIENTED_EDGE('',*,*,#3793,.F.);
#5302=ORIENTED_EDGE('',*,*,#3794,.T.);
#5303=ORIENTED_EDGE('',*,*,#3793,.T.);
#5304=ORIENTED_EDGE('',*,*,#3795,.F.);
#5305=ORIENTED_EDGE('',*,*,#3796,.F.);
#5306=ORIENTED_EDGE('',*,*,#3797,.T.);
#5307=ORIENTED_EDGE('',*,*,#3796,.T.);
#5308=ORIENTED_EDGE('',*,*,#3798,.F.);
#5309=ORIENTED_EDGE('',*,*,#3799,.F.);
#5310=ORIENTED_EDGE('',*,*,#3800,.T.);
#5311=ORIENTED_EDGE('',*,*,#3799,.T.);
#5312=ORIENTED_EDGE('',*,*,#3801,.F.);
#5313=ORIENTED_EDGE('',*,*,#3802,.F.);
#5314=ORIENTED_EDGE('',*,*,#3803,.T.);
#5315=ORIENTED_EDGE('',*,*,#3802,.T.);
#5316=ORIENTED_EDGE('',*,*,#3804,.F.);
#5317=ORIENTED_EDGE('',*,*,#3805,.F.);
#5318=ORIENTED_EDGE('',*,*,#3806,.T.);
#5319=ORIENTED_EDGE('',*,*,#3805,.T.);
#5320=ORIENTED_EDGE('',*,*,#3807,.F.);
#5321=ORIENTED_EDGE('',*,*,#3808,.F.);
#5322=ORIENTED_EDGE('',*,*,#3809,.T.);
#5323=ORIENTED_EDGE('',*,*,#3808,.T.);
#5324=ORIENTED_EDGE('',*,*,#3810,.F.);
#5325=ORIENTED_EDGE('',*,*,#3811,.F.);
#5326=ORIENTED_EDGE('',*,*,#3812,.T.);
#5327=ORIENTED_EDGE('',*,*,#3811,.T.);
#5328=ORIENTED_EDGE('',*,*,#3813,.F.);
#5329=ORIENTED_EDGE('',*,*,#3814,.F.);
#5330=ORIENTED_EDGE('',*,*,#3815,.T.);
#5331=ORIENTED_EDGE('',*,*,#3814,.T.);
#5332=ORIENTED_EDGE('',*,*,#3816,.F.);
#5333=ORIENTED_EDGE('',*,*,#3817,.F.);
#5334=ORIENTED_EDGE('',*,*,#3818,.T.);
#5335=ORIENTED_EDGE('',*,*,#3817,.T.);
#5336=ORIENTED_EDGE('',*,*,#3819,.F.);
#5337=ORIENTED_EDGE('',*,*,#3820,.F.);
#5338=ORIENTED_EDGE('',*,*,#3821,.T.);
#5339=ORIENTED_EDGE('',*,*,#3820,.T.);
#5340=ORIENTED_EDGE('',*,*,#3822,.F.);
#5341=ORIENTED_EDGE('',*,*,#3823,.F.);
#5342=ORIENTED_EDGE('',*,*,#3824,.T.);
#5343=ORIENTED_EDGE('',*,*,#3823,.T.);
#5344=ORIENTED_EDGE('',*,*,#3825,.F.);
#5345=ORIENTED_EDGE('',*,*,#3826,.F.);
#5346=ORIENTED_EDGE('',*,*,#3827,.T.);
#5347=ORIENTED_EDGE('',*,*,#3826,.T.);
#5348=ORIENTED_EDGE('',*,*,#3828,.F.);
#5349=ORIENTED_EDGE('',*,*,#3829,.F.);
#5350=ORIENTED_EDGE('',*,*,#3830,.T.);
#5351=ORIENTED_EDGE('',*,*,#3829,.T.);
#5352=ORIENTED_EDGE('',*,*,#3831,.F.);
#5353=ORIENTED_EDGE('',*,*,#3832,.F.);
#5354=ORIENTED_EDGE('',*,*,#3833,.T.);
#5355=ORIENTED_EDGE('',*,*,#3832,.T.);
#5356=ORIENTED_EDGE('',*,*,#3834,.F.);
#5357=ORIENTED_EDGE('',*,*,#3835,.F.);
#5358=ORIENTED_EDGE('',*,*,#3836,.T.);
#5359=ORIENTED_EDGE('',*,*,#3835,.T.);
#5360=ORIENTED_EDGE('',*,*,#3837,.F.);
#5361=ORIENTED_EDGE('',*,*,#3838,.F.);
#5362=ORIENTED_EDGE('',*,*,#3839,.T.);
#5363=ORIENTED_EDGE('',*,*,#3838,.T.);
#5364=ORIENTED_EDGE('',*,*,#3840,.F.);
#5365=ORIENTED_EDGE('',*,*,#3841,.F.);
#5366=ORIENTED_EDGE('',*,*,#3842,.T.);
#5367=ORIENTED_EDGE('',*,*,#3841,.T.);
#5368=ORIENTED_EDGE('',*,*,#3843,.F.);
#5369=ORIENTED_EDGE('',*,*,#3844,.F.);
#5370=ORIENTED_EDGE('',*,*,#3845,.T.);
#5371=ORIENTED_EDGE('',*,*,#3844,.T.);
#5372=ORIENTED_EDGE('',*,*,#3846,.F.);
#5373=ORIENTED_EDGE('',*,*,#3847,.F.);
#5374=ORIENTED_EDGE('',*,*,#3848,.T.);
#5375=ORIENTED_EDGE('',*,*,#3847,.T.);
#5376=ORIENTED_EDGE('',*,*,#3849,.F.);
#5377=ORIENTED_EDGE('',*,*,#3779,.F.);
#5378=ORIENTED_EDGE('',*,*,#3605,.T.);
#5379=ORIENTED_EDGE('',*,*,#3621,.T.);
#5380=ORIENTED_EDGE('',*,*,#3850,.F.);
#5381=ORIENTED_EDGE('',*,*,#3851,.F.);
#5382=ORIENTED_EDGE('',*,*,#3852,.T.);
#5383=ORIENTED_EDGE('',*,*,#3618,.T.);
#5384=ORIENTED_EDGE('',*,*,#3515,.T.);
#5385=ORIENTED_EDGE('',*,*,#3512,.F.);
#5386=ORIENTED_EDGE('',*,*,#3509,.T.);
#5387=ORIENTED_EDGE('',*,*,#3505,.F.);
#5388=ORIENTED_EDGE('',*,*,#3617,.T.);
#5389=ORIENTED_EDGE('',*,*,#3488,.F.);
#5390=ORIENTED_EDGE('',*,*,#3504,.T.);
#5391=ORIENTED_EDGE('',*,*,#3853,.T.);
#5392=ORIENTED_EDGE('',*,*,#3851,.T.);
#5393=ORIENTED_EDGE('',*,*,#3854,.F.);
#5394=ORIENTED_EDGE('',*,*,#3855,.F.);
#5395=ORIENTED_EDGE('',*,*,#3856,.T.);
#5396=ORIENTED_EDGE('',*,*,#3855,.T.);
#5397=ORIENTED_EDGE('',*,*,#3857,.F.);
#5398=ORIENTED_EDGE('',*,*,#3858,.F.);
#5399=ORIENTED_EDGE('',*,*,#3859,.F.);
#5400=ORIENTED_EDGE('',*,*,#3858,.T.);
#5401=ORIENTED_EDGE('',*,*,#3860,.F.);
#5402=ORIENTED_EDGE('',*,*,#3773,.F.);
#5403=ORIENTED_EDGE('',*,*,#3760,.T.);
#5404=ORIENTED_EDGE('',*,*,#3764,.T.);
#5405=ORIENTED_EDGE('',*,*,#3762,.T.);
#5406=ORIENTED_EDGE('',*,*,#3744,.T.);
#5407=ORIENTED_EDGE('',*,*,#3747,.T.);
#5408=ORIENTED_EDGE('',*,*,#3749,.T.);
#5409=ORIENTED_EDGE('',*,*,#3861,.F.);
#5410=ORIENTED_EDGE('',*,*,#3775,.T.);
#5411=ORIENTED_EDGE('',*,*,#3862,.F.);
#5412=ORIENTED_EDGE('',*,*,#3863,.F.);
#5413=ORIENTED_EDGE('',*,*,#3864,.T.);
#5414=ORIENTED_EDGE('',*,*,#3863,.T.);
#5415=ORIENTED_EDGE('',*,*,#3865,.F.);
#5416=ORIENTED_EDGE('',*,*,#3866,.F.);
#5417=ORIENTED_EDGE('',*,*,#3867,.T.);
#5418=ORIENTED_EDGE('',*,*,#3866,.T.);
#5419=ORIENTED_EDGE('',*,*,#3868,.F.);
#5420=ORIENTED_EDGE('',*,*,#3869,.F.);
#5421=ORIENTED_EDGE('',*,*,#3463,.T.);
#5422=ORIENTED_EDGE('',*,*,#3870,.F.);
#5423=ORIENTED_EDGE('',*,*,#3871,.T.);
#5424=ORIENTED_EDGE('',*,*,#3869,.T.);
#5425=ORIENTED_EDGE('',*,*,#3872,.F.);
#5426=ORIENTED_EDGE('',*,*,#3484,.F.);
#5427=ORIENTED_EDGE('',*,*,#3470,.T.);
#5428=ORIENTED_EDGE('',*,*,#3449,.T.);
#5429=ORIENTED_EDGE('',*,*,#3357,.F.);
#5430=ORIENTED_EDGE('',*,*,#3361,.T.);
#5431=ORIENTED_EDGE('',*,*,#3362,.F.);
#5432=ORIENTED_EDGE('',*,*,#3370,.T.);
#5433=ORIENTED_EDGE('',*,*,#3365,.F.);
#5434=ORIENTED_EDGE('',*,*,#3462,.T.);
#5435=ORIENTED_EDGE('',*,*,#3481,.F.);
#5436=ORIENTED_EDGE('',*,*,#3873,.T.);
#5437=ORIENTED_EDGE('',*,*,#3870,.T.);
#5438=ORIENTED_EDGE('',*,*,#3447,.T.);
#5439=ORIENTED_EDGE('',*,*,#3479,.T.);
#5440=ORIENTED_EDGE('',*,*,#3874,.F.);
#5441=ORIENTED_EDGE('',*,*,#3875,.F.);
#5442=ORIENTED_EDGE('',*,*,#3876,.T.);
#5443=ORIENTED_EDGE('',*,*,#3474,.T.);
#5444=ORIENTED_EDGE('',*,*,#3459,.T.);
#5445=ORIENTED_EDGE('',*,*,#3367,.F.);
#5446=ORIENTED_EDGE('',*,*,#3369,.T.);
#5447=ORIENTED_EDGE('',*,*,#3363,.F.);
#5448=ORIENTED_EDGE('',*,*,#3359,.T.);
#5449=ORIENTED_EDGE('',*,*,#3355,.F.);
#5450=ORIENTED_EDGE('',*,*,#3456,.T.);
#5451=ORIENTED_EDGE('',*,*,#3877,.T.);
#5452=ORIENTED_EDGE('',*,*,#3875,.T.);
#5453=ORIENTED_EDGE('',*,*,#3878,.F.);
#5454=ORIENTED_EDGE('',*,*,#3879,.F.);
#5455=ORIENTED_EDGE('',*,*,#3880,.T.);
#5456=ORIENTED_EDGE('',*,*,#3879,.T.);
#5457=ORIENTED_EDGE('',*,*,#3881,.F.);
#5458=ORIENTED_EDGE('',*,*,#3882,.F.);
#5459=ORIENTED_EDGE('',*,*,#3883,.F.);
#5460=ORIENTED_EDGE('',*,*,#3882,.T.);
#5461=ORIENTED_EDGE('',*,*,#3884,.F.);
#5462=ORIENTED_EDGE('',*,*,#3701,.F.);
#5463=ORIENTED_EDGE('',*,*,#3691,.T.);
#5464=ORIENTED_EDGE('',*,*,#3693,.T.);
#5465=ORIENTED_EDGE('',*,*,#3694,.T.);
#5466=ORIENTED_EDGE('',*,*,#3679,.T.);
#5467=ORIENTED_EDGE('',*,*,#3682,.T.);
#5468=ORIENTED_EDGE('',*,*,#3684,.T.);
#5469=ORIENTED_EDGE('',*,*,#3885,.F.);
#5470=ORIENTED_EDGE('',*,*,#3703,.T.);
#5471=ORIENTED_EDGE('',*,*,#3886,.F.);
#5472=ORIENTED_EDGE('',*,*,#3887,.F.);
#5473=ORIENTED_EDGE('',*,*,#3888,.T.);
#5474=ORIENTED_EDGE('',*,*,#3887,.T.);
#5475=ORIENTED_EDGE('',*,*,#3889,.F.);
#5476=ORIENTED_EDGE('',*,*,#3890,.F.);
#5477=ORIENTED_EDGE('',*,*,#3891,.T.);
#5478=ORIENTED_EDGE('',*,*,#3890,.T.);
#5479=ORIENTED_EDGE('',*,*,#3892,.F.);
#5480=ORIENTED_EDGE('',*,*,#3615,.F.);
#5481=ORIENTED_EDGE('',*,*,#3892,.T.);
#5482=ORIENTED_EDGE('',*,*,#3889,.T.);
#5483=ORIENTED_EDGE('',*,*,#3886,.T.);
#5484=ORIENTED_EDGE('',*,*,#3702,.T.);
#5485=ORIENTED_EDGE('',*,*,#3884,.T.);
#5486=ORIENTED_EDGE('',*,*,#3881,.T.);
#5487=ORIENTED_EDGE('',*,*,#3878,.T.);
#5488=ORIENTED_EDGE('',*,*,#3874,.T.);
#5489=ORIENTED_EDGE('',*,*,#3478,.T.);
#5490=ORIENTED_EDGE('',*,*,#3483,.T.);
#5491=ORIENTED_EDGE('',*,*,#3485,.T.);
#5492=ORIENTED_EDGE('',*,*,#3872,.T.);
#5493=ORIENTED_EDGE('',*,*,#3868,.T.);
#5494=ORIENTED_EDGE('',*,*,#3865,.T.);
#5495=ORIENTED_EDGE('',*,*,#3862,.T.);
#5496=ORIENTED_EDGE('',*,*,#3774,.T.);
#5497=ORIENTED_EDGE('',*,*,#3860,.T.);
#5498=ORIENTED_EDGE('',*,*,#3857,.T.);
#5499=ORIENTED_EDGE('',*,*,#3854,.T.);
#5500=ORIENTED_EDGE('',*,*,#3850,.T.);
#5501=ORIENTED_EDGE('',*,*,#3620,.T.);
#5502=ORIENTED_EDGE('',*,*,#3592,.T.);
#5503=ORIENTED_EDGE('',*,*,#3612,.T.);
#5504=ORIENTED_EDGE('',*,*,#3616,.T.);
#5505=ORIENTED_EDGE('',*,*,#3849,.T.);
#5506=ORIENTED_EDGE('',*,*,#3846,.T.);
#5507=ORIENTED_EDGE('',*,*,#3843,.T.);
#5508=ORIENTED_EDGE('',*,*,#3840,.T.);
#5509=ORIENTED_EDGE('',*,*,#3837,.T.);
#5510=ORIENTED_EDGE('',*,*,#3834,.T.);
#5511=ORIENTED_EDGE('',*,*,#3831,.T.);
#5512=ORIENTED_EDGE('',*,*,#3828,.T.);
#5513=ORIENTED_EDGE('',*,*,#3825,.T.);
#5514=ORIENTED_EDGE('',*,*,#3822,.T.);
#5515=ORIENTED_EDGE('',*,*,#3819,.T.);
#5516=ORIENTED_EDGE('',*,*,#3816,.T.);
#5517=ORIENTED_EDGE('',*,*,#3813,.T.);
#5518=ORIENTED_EDGE('',*,*,#3810,.T.);
#5519=ORIENTED_EDGE('',*,*,#3807,.T.);
#5520=ORIENTED_EDGE('',*,*,#3804,.T.);
#5521=ORIENTED_EDGE('',*,*,#3801,.T.);
#5522=ORIENTED_EDGE('',*,*,#3798,.T.);
#5523=ORIENTED_EDGE('',*,*,#3795,.T.);
#5524=ORIENTED_EDGE('',*,*,#3792,.T.);
#5525=ORIENTED_EDGE('',*,*,#3789,.T.);
#5526=ORIENTED_EDGE('',*,*,#3786,.T.);
#5527=ORIENTED_EDGE('',*,*,#3783,.T.);
#5528=ORIENTED_EDGE('',*,*,#3780,.T.);
#5529=ORIENTED_EDGE('',*,*,#3893,.F.);
#5530=ORIENTED_EDGE('',*,*,#3894,.F.);
#5531=ORIENTED_EDGE('',*,*,#3895,.F.);
#5532=ORIENTED_EDGE('',*,*,#3896,.F.);
#5533=ORIENTED_EDGE('',*,*,#3897,.F.);
#5534=ORIENTED_EDGE('',*,*,#3898,.F.);
#5535=ORIENTED_EDGE('',*,*,#3895,.T.);
#5536=ORIENTED_EDGE('',*,*,#3899,.F.);
#5537=ORIENTED_EDGE('',*,*,#3900,.F.);
#5538=ORIENTED_EDGE('',*,*,#3901,.F.);
#5539=ORIENTED_EDGE('',*,*,#3897,.T.);
#5540=ORIENTED_EDGE('',*,*,#3902,.F.);
#5541=ORIENTED_EDGE('',*,*,#3903,.F.);
#5542=ORIENTED_EDGE('',*,*,#3904,.F.);
#5543=ORIENTED_EDGE('',*,*,#3900,.T.);
#5544=ORIENTED_EDGE('',*,*,#3905,.F.);
#5545=ORIENTED_EDGE('',*,*,#3906,.F.);
#5546=ORIENTED_EDGE('',*,*,#3907,.F.);
#5547=ORIENTED_EDGE('',*,*,#3903,.T.);
#5548=ORIENTED_EDGE('',*,*,#3908,.F.);
#5549=ORIENTED_EDGE('',*,*,#3909,.F.);
#5550=ORIENTED_EDGE('',*,*,#3910,.F.);
#5551=ORIENTED_EDGE('',*,*,#3911,.F.);
#5552=ORIENTED_EDGE('',*,*,#3912,.F.);
#5553=ORIENTED_EDGE('',*,*,#3913,.F.);
#5554=ORIENTED_EDGE('',*,*,#3914,.F.);
#5555=ORIENTED_EDGE('',*,*,#3911,.T.);
#5556=ORIENTED_EDGE('',*,*,#3915,.F.);
#5557=ORIENTED_EDGE('',*,*,#3916,.F.);
#5558=ORIENTED_EDGE('',*,*,#3917,.F.);
#5559=ORIENTED_EDGE('',*,*,#3913,.T.);
#5560=ORIENTED_EDGE('',*,*,#3918,.F.);
#5561=ORIENTED_EDGE('',*,*,#3919,.F.);
#5562=ORIENTED_EDGE('',*,*,#3920,.F.);
#5563=ORIENTED_EDGE('',*,*,#3916,.T.);
#5564=ORIENTED_EDGE('',*,*,#3921,.F.);
#5565=ORIENTED_EDGE('',*,*,#3922,.F.);
#5566=ORIENTED_EDGE('',*,*,#3923,.F.);
#5567=ORIENTED_EDGE('',*,*,#3919,.T.);
#5568=ORIENTED_EDGE('',*,*,#3924,.F.);
#5569=ORIENTED_EDGE('',*,*,#3925,.F.);
#5570=ORIENTED_EDGE('',*,*,#3926,.F.);
#5571=ORIENTED_EDGE('',*,*,#3927,.F.);
#5572=ORIENTED_EDGE('',*,*,#3928,.F.);
#5573=ORIENTED_EDGE('',*,*,#3929,.F.);
#5574=ORIENTED_EDGE('',*,*,#3930,.F.);
#5575=ORIENTED_EDGE('',*,*,#3927,.T.);
#5576=ORIENTED_EDGE('',*,*,#3931,.F.);
#5577=ORIENTED_EDGE('',*,*,#3932,.F.);
#5578=ORIENTED_EDGE('',*,*,#3933,.F.);
#5579=ORIENTED_EDGE('',*,*,#3929,.T.);
#5580=ORIENTED_EDGE('',*,*,#3934,.F.);
#5581=ORIENTED_EDGE('',*,*,#3935,.F.);
#5582=ORIENTED_EDGE('',*,*,#3936,.F.);
#5583=ORIENTED_EDGE('',*,*,#3932,.T.);
#5584=ORIENTED_EDGE('',*,*,#3937,.F.);
#5585=ORIENTED_EDGE('',*,*,#3938,.F.);
#5586=ORIENTED_EDGE('',*,*,#3939,.F.);
#5587=ORIENTED_EDGE('',*,*,#3935,.T.);
#5588=ORIENTED_EDGE('',*,*,#3940,.F.);
#5589=ORIENTED_EDGE('',*,*,#3941,.F.);
#5590=ORIENTED_EDGE('',*,*,#3942,.F.);
#5591=ORIENTED_EDGE('',*,*,#3943,.F.);
#5592=ORIENTED_EDGE('',*,*,#3944,.F.);
#5593=ORIENTED_EDGE('',*,*,#3945,.F.);
#5594=ORIENTED_EDGE('',*,*,#3946,.F.);
#5595=ORIENTED_EDGE('',*,*,#3943,.T.);
#5596=ORIENTED_EDGE('',*,*,#3947,.F.);
#5597=ORIENTED_EDGE('',*,*,#3948,.F.);
#5598=ORIENTED_EDGE('',*,*,#3949,.F.);
#5599=ORIENTED_EDGE('',*,*,#3950,.F.);
#5600=ORIENTED_EDGE('',*,*,#3951,.F.);
#5601=ORIENTED_EDGE('',*,*,#3952,.F.);
#5602=ORIENTED_EDGE('',*,*,#3953,.F.);
#5603=ORIENTED_EDGE('',*,*,#3948,.T.);
#5604=ORIENTED_EDGE('',*,*,#3954,.F.);
#5605=ORIENTED_EDGE('',*,*,#3950,.T.);
#5606=ORIENTED_EDGE('',*,*,#3955,.F.);
#5607=ORIENTED_EDGE('',*,*,#3945,.T.);
#5608=ORIENTED_EDGE('',*,*,#3956,.F.);
#5609=ORIENTED_EDGE('',*,*,#3952,.T.);
#5610=ORIENTED_EDGE('',*,*,#3957,.F.);
#5611=ORIENTED_EDGE('',*,*,#3925,.T.);
#5612=ORIENTED_EDGE('',*,*,#3938,.T.);
#5613=ORIENTED_EDGE('',*,*,#3958,.F.);
#5614=ORIENTED_EDGE('',*,*,#3909,.T.);
#5615=ORIENTED_EDGE('',*,*,#3922,.T.);
#5616=ORIENTED_EDGE('',*,*,#3959,.F.);
#5617=ORIENTED_EDGE('',*,*,#3893,.T.);
#5618=ORIENTED_EDGE('',*,*,#3906,.T.);
#5619=ORIENTED_EDGE('',*,*,#3960,.F.);
#5620=ORIENTED_EDGE('',*,*,#3941,.T.);
#5621=ORIENTED_EDGE('',*,*,#3924,.T.);
#5622=ORIENTED_EDGE('',*,*,#3961,.F.);
#5623=ORIENTED_EDGE('',*,*,#3782,.F.);
#5624=ORIENTED_EDGE('',*,*,#3962,.T.);
#5625=ORIENTED_EDGE('',*,*,#3959,.T.);
#5626=ORIENTED_EDGE('',*,*,#3962,.F.);
#5627=ORIENTED_EDGE('',*,*,#3785,.F.);
#5628=ORIENTED_EDGE('',*,*,#3963,.T.);
#5629=ORIENTED_EDGE('',*,*,#3894,.T.);
#5630=ORIENTED_EDGE('',*,*,#3963,.F.);
#5631=ORIENTED_EDGE('',*,*,#3788,.F.);
#5632=ORIENTED_EDGE('',*,*,#3964,.T.);
#5633=ORIENTED_EDGE('',*,*,#3899,.T.);
#5634=ORIENTED_EDGE('',*,*,#3964,.F.);
#5635=ORIENTED_EDGE('',*,*,#3791,.F.);
#5636=ORIENTED_EDGE('',*,*,#3965,.T.);
#5637=ORIENTED_EDGE('',*,*,#3902,.T.);
#5638=ORIENTED_EDGE('',*,*,#3965,.F.);
#5639=ORIENTED_EDGE('',*,*,#3794,.F.);
#5640=ORIENTED_EDGE('',*,*,#3966,.T.);
#5641=ORIENTED_EDGE('',*,*,#3905,.T.);
#5642=ORIENTED_EDGE('',*,*,#3966,.F.);
#5643=ORIENTED_EDGE('',*,*,#3797,.F.);
#5644=ORIENTED_EDGE('',*,*,#3967,.T.);
#5645=ORIENTED_EDGE('',*,*,#3908,.T.);
#5646=ORIENTED_EDGE('',*,*,#3967,.F.);
#5647=ORIENTED_EDGE('',*,*,#3800,.F.);
#5648=ORIENTED_EDGE('',*,*,#3968,.T.);
#5649=ORIENTED_EDGE('',*,*,#3960,.T.);
#5650=ORIENTED_EDGE('',*,*,#3968,.F.);
#5651=ORIENTED_EDGE('',*,*,#3803,.F.);
#5652=ORIENTED_EDGE('',*,*,#3969,.T.);
#5653=ORIENTED_EDGE('',*,*,#3942,.T.);
#5654=ORIENTED_EDGE('',*,*,#3969,.F.);
#5655=ORIENTED_EDGE('',*,*,#3806,.F.);
#5656=ORIENTED_EDGE('',*,*,#3970,.T.);
#5657=ORIENTED_EDGE('',*,*,#3947,.T.);
#5658=ORIENTED_EDGE('',*,*,#3970,.F.);
#5659=ORIENTED_EDGE('',*,*,#3809,.F.);
#5660=ORIENTED_EDGE('',*,*,#3971,.T.);
#5661=ORIENTED_EDGE('',*,*,#3956,.T.);
#5662=ORIENTED_EDGE('',*,*,#3971,.F.);
#5663=ORIENTED_EDGE('',*,*,#3812,.F.);
#5664=ORIENTED_EDGE('',*,*,#3972,.T.);
#5665=ORIENTED_EDGE('',*,*,#3951,.T.);
#5666=ORIENTED_EDGE('',*,*,#3972,.F.);
#5667=ORIENTED_EDGE('',*,*,#3815,.F.);
#5668=ORIENTED_EDGE('',*,*,#3973,.T.);
#5669=ORIENTED_EDGE('',*,*,#3949,.T.);
#5670=ORIENTED_EDGE('',*,*,#3953,.T.);
#5671=ORIENTED_EDGE('',*,*,#3928,.T.);
#5672=ORIENTED_EDGE('',*,*,#3930,.T.);
#5673=ORIENTED_EDGE('',*,*,#3933,.T.);
#5674=ORIENTED_EDGE('',*,*,#3936,.T.);
#5675=ORIENTED_EDGE('',*,*,#3939,.T.);
#5676=ORIENTED_EDGE('',*,*,#3912,.T.);
#5677=ORIENTED_EDGE('',*,*,#3914,.T.);
#5678=ORIENTED_EDGE('',*,*,#3917,.T.);
#5679=ORIENTED_EDGE('',*,*,#3920,.T.);
#5680=ORIENTED_EDGE('',*,*,#3923,.T.);
#5681=ORIENTED_EDGE('',*,*,#3896,.T.);
#5682=ORIENTED_EDGE('',*,*,#3898,.T.);
#5683=ORIENTED_EDGE('',*,*,#3901,.T.);
#5684=ORIENTED_EDGE('',*,*,#3904,.T.);
#5685=ORIENTED_EDGE('',*,*,#3907,.T.);
#5686=ORIENTED_EDGE('',*,*,#3944,.T.);
#5687=ORIENTED_EDGE('',*,*,#3946,.T.);
#5688=ORIENTED_EDGE('',*,*,#3955,.T.);
#5689=ORIENTED_EDGE('',*,*,#3918,.T.);
#5690=ORIENTED_EDGE('',*,*,#3974,.T.);
#5691=ORIENTED_EDGE('',*,*,#3848,.F.);
#5692=ORIENTED_EDGE('',*,*,#3975,.T.);
#5693=ORIENTED_EDGE('',*,*,#3921,.T.);
#5694=ORIENTED_EDGE('',*,*,#3975,.F.);
#5695=ORIENTED_EDGE('',*,*,#3778,.F.);
#5696=ORIENTED_EDGE('',*,*,#3961,.T.);
#5697=ORIENTED_EDGE('',*,*,#3954,.T.);
#5698=ORIENTED_EDGE('',*,*,#3973,.F.);
#5699=ORIENTED_EDGE('',*,*,#3818,.F.);
#5700=ORIENTED_EDGE('',*,*,#3976,.T.);
#5701=ORIENTED_EDGE('',*,*,#3957,.T.);
#5702=ORIENTED_EDGE('',*,*,#3976,.F.);
#5703=ORIENTED_EDGE('',*,*,#3821,.F.);
#5704=ORIENTED_EDGE('',*,*,#3977,.T.);
#5705=ORIENTED_EDGE('',*,*,#3926,.T.);
#5706=ORIENTED_EDGE('',*,*,#3977,.F.);
#5707=ORIENTED_EDGE('',*,*,#3824,.F.);
#5708=ORIENTED_EDGE('',*,*,#3978,.T.);
#5709=ORIENTED_EDGE('',*,*,#3931,.T.);
#5710=ORIENTED_EDGE('',*,*,#3978,.F.);
#5711=ORIENTED_EDGE('',*,*,#3827,.F.);
#5712=ORIENTED_EDGE('',*,*,#3979,.T.);
#5713=ORIENTED_EDGE('',*,*,#3934,.T.);
#5714=ORIENTED_EDGE('',*,*,#3979,.F.);
#5715=ORIENTED_EDGE('',*,*,#3830,.F.);
#5716=ORIENTED_EDGE('',*,*,#3980,.T.);
#5717=ORIENTED_EDGE('',*,*,#3937,.T.);
#5718=ORIENTED_EDGE('',*,*,#3980,.F.);
#5719=ORIENTED_EDGE('',*,*,#3833,.F.);
#5720=ORIENTED_EDGE('',*,*,#3981,.T.);
#5721=ORIENTED_EDGE('',*,*,#3940,.T.);
#5722=ORIENTED_EDGE('',*,*,#3981,.F.);
#5723=ORIENTED_EDGE('',*,*,#3836,.F.);
#5724=ORIENTED_EDGE('',*,*,#3982,.T.);
#5725=ORIENTED_EDGE('',*,*,#3958,.T.);
#5726=ORIENTED_EDGE('',*,*,#3982,.F.);
#5727=ORIENTED_EDGE('',*,*,#3839,.F.);
#5728=ORIENTED_EDGE('',*,*,#3983,.T.);
#5729=ORIENTED_EDGE('',*,*,#3910,.T.);
#5730=ORIENTED_EDGE('',*,*,#3983,.F.);
#5731=ORIENTED_EDGE('',*,*,#3842,.F.);
#5732=ORIENTED_EDGE('',*,*,#3984,.T.);
#5733=ORIENTED_EDGE('',*,*,#3915,.T.);
#5734=ORIENTED_EDGE('',*,*,#3984,.F.);
#5735=ORIENTED_EDGE('',*,*,#3845,.F.);
#5736=ORIENTED_EDGE('',*,*,#3974,.F.);
#5737=ORIENTED_EDGE('',*,*,#3985,.T.);
#5738=ORIENTED_EDGE('',*,*,#3986,.T.);
#5739=ORIENTED_EDGE('',*,*,#3987,.T.);
#5740=ORIENTED_EDGE('',*,*,#3988,.T.);
#5741=ORIENTED_EDGE('',*,*,#3989,.T.);
#5742=ORIENTED_EDGE('',*,*,#3990,.T.);
#5743=ORIENTED_EDGE('',*,*,#3987,.F.);
#5744=ORIENTED_EDGE('',*,*,#3991,.T.);
#5745=ORIENTED_EDGE('',*,*,#3992,.T.);
#5746=ORIENTED_EDGE('',*,*,#3993,.T.);
#5747=ORIENTED_EDGE('',*,*,#3989,.F.);
#5748=ORIENTED_EDGE('',*,*,#3994,.T.);
#5749=ORIENTED_EDGE('',*,*,#3995,.T.);
#5750=ORIENTED_EDGE('',*,*,#3996,.T.);
#5751=ORIENTED_EDGE('',*,*,#3992,.F.);
#5752=ORIENTED_EDGE('',*,*,#3997,.T.);
#5753=ORIENTED_EDGE('',*,*,#3998,.T.);
#5754=ORIENTED_EDGE('',*,*,#3999,.T.);
#5755=ORIENTED_EDGE('',*,*,#3995,.F.);
#5756=ORIENTED_EDGE('',*,*,#4000,.T.);
#5757=ORIENTED_EDGE('',*,*,#4001,.T.);
#5758=ORIENTED_EDGE('',*,*,#4002,.T.);
#5759=ORIENTED_EDGE('',*,*,#4003,.T.);
#5760=ORIENTED_EDGE('',*,*,#4004,.T.);
#5761=ORIENTED_EDGE('',*,*,#4005,.T.);
#5762=ORIENTED_EDGE('',*,*,#4006,.T.);
#5763=ORIENTED_EDGE('',*,*,#4003,.F.);
#5764=ORIENTED_EDGE('',*,*,#4007,.T.);
#5765=ORIENTED_EDGE('',*,*,#4008,.T.);
#5766=ORIENTED_EDGE('',*,*,#4009,.T.);
#5767=ORIENTED_EDGE('',*,*,#4005,.F.);
#5768=ORIENTED_EDGE('',*,*,#4010,.T.);
#5769=ORIENTED_EDGE('',*,*,#4011,.T.);
#5770=ORIENTED_EDGE('',*,*,#4012,.T.);
#5771=ORIENTED_EDGE('',*,*,#4008,.F.);
#5772=ORIENTED_EDGE('',*,*,#4013,.T.);
#5773=ORIENTED_EDGE('',*,*,#4014,.T.);
#5774=ORIENTED_EDGE('',*,*,#4015,.T.);
#5775=ORIENTED_EDGE('',*,*,#4011,.F.);
#5776=ORIENTED_EDGE('',*,*,#4016,.T.);
#5777=ORIENTED_EDGE('',*,*,#4017,.T.);
#5778=ORIENTED_EDGE('',*,*,#4018,.T.);
#5779=ORIENTED_EDGE('',*,*,#4019,.T.);
#5780=ORIENTED_EDGE('',*,*,#4020,.T.);
#5781=ORIENTED_EDGE('',*,*,#4021,.T.);
#5782=ORIENTED_EDGE('',*,*,#4022,.T.);
#5783=ORIENTED_EDGE('',*,*,#4019,.F.);
#5784=ORIENTED_EDGE('',*,*,#4023,.T.);
#5785=ORIENTED_EDGE('',*,*,#4024,.T.);
#5786=ORIENTED_EDGE('',*,*,#4025,.T.);
#5787=ORIENTED_EDGE('',*,*,#4021,.F.);
#5788=ORIENTED_EDGE('',*,*,#4026,.T.);
#5789=ORIENTED_EDGE('',*,*,#4027,.T.);
#5790=ORIENTED_EDGE('',*,*,#4028,.T.);
#5791=ORIENTED_EDGE('',*,*,#4024,.F.);
#5792=ORIENTED_EDGE('',*,*,#4029,.T.);
#5793=ORIENTED_EDGE('',*,*,#4030,.T.);
#5794=ORIENTED_EDGE('',*,*,#4031,.T.);
#5795=ORIENTED_EDGE('',*,*,#4027,.F.);
#5796=ORIENTED_EDGE('',*,*,#4032,.T.);
#5797=ORIENTED_EDGE('',*,*,#4033,.T.);
#5798=ORIENTED_EDGE('',*,*,#4034,.T.);
#5799=ORIENTED_EDGE('',*,*,#4035,.T.);
#5800=ORIENTED_EDGE('',*,*,#4036,.T.);
#5801=ORIENTED_EDGE('',*,*,#4037,.T.);
#5802=ORIENTED_EDGE('',*,*,#4038,.T.);
#5803=ORIENTED_EDGE('',*,*,#4035,.F.);
#5804=ORIENTED_EDGE('',*,*,#4039,.T.);
#5805=ORIENTED_EDGE('',*,*,#4040,.T.);
#5806=ORIENTED_EDGE('',*,*,#4041,.T.);
#5807=ORIENTED_EDGE('',*,*,#4042,.T.);
#5808=ORIENTED_EDGE('',*,*,#4043,.T.);
#5809=ORIENTED_EDGE('',*,*,#4044,.T.);
#5810=ORIENTED_EDGE('',*,*,#4045,.T.);
#5811=ORIENTED_EDGE('',*,*,#4040,.F.);
#5812=ORIENTED_EDGE('',*,*,#4046,.T.);
#5813=ORIENTED_EDGE('',*,*,#4042,.F.);
#5814=ORIENTED_EDGE('',*,*,#4047,.T.);
#5815=ORIENTED_EDGE('',*,*,#4037,.F.);
#5816=ORIENTED_EDGE('',*,*,#4048,.T.);
#5817=ORIENTED_EDGE('',*,*,#4044,.F.);
#5818=ORIENTED_EDGE('',*,*,#4017,.F.);
#5819=ORIENTED_EDGE('',*,*,#4049,.T.);
#5820=ORIENTED_EDGE('',*,*,#4030,.F.);
#5821=ORIENTED_EDGE('',*,*,#4001,.F.);
#5822=ORIENTED_EDGE('',*,*,#4050,.T.);
#5823=ORIENTED_EDGE('',*,*,#4014,.F.);
#5824=ORIENTED_EDGE('',*,*,#3985,.F.);
#5825=ORIENTED_EDGE('',*,*,#4051,.T.);
#5826=ORIENTED_EDGE('',*,*,#3998,.F.);
#5827=ORIENTED_EDGE('',*,*,#4033,.F.);
#5828=ORIENTED_EDGE('',*,*,#4052,.T.);
#5829=ORIENTED_EDGE('',*,*,#4015,.F.);
#5830=ORIENTED_EDGE('',*,*,#4053,.F.);
#5831=ORIENTED_EDGE('',*,*,#3880,.F.);
#5832=ORIENTED_EDGE('',*,*,#4054,.T.);
#5833=ORIENTED_EDGE('',*,*,#4051,.F.);
#5834=ORIENTED_EDGE('',*,*,#4055,.F.);
#5835=ORIENTED_EDGE('',*,*,#3877,.F.);
#5836=ORIENTED_EDGE('',*,*,#4053,.T.);
#5837=ORIENTED_EDGE('',*,*,#3988,.F.);
#5838=ORIENTED_EDGE('',*,*,#4056,.F.);
#5839=ORIENTED_EDGE('',*,*,#3876,.F.);
#5840=ORIENTED_EDGE('',*,*,#4055,.T.);
#5841=ORIENTED_EDGE('',*,*,#3990,.F.);
#5842=ORIENTED_EDGE('',*,*,#4057,.F.);
#5843=ORIENTED_EDGE('',*,*,#3475,.F.);
#5844=ORIENTED_EDGE('',*,*,#4056,.T.);
#5845=ORIENTED_EDGE('',*,*,#3993,.F.);
#5846=ORIENTED_EDGE('',*,*,#4058,.F.);
#5847=ORIENTED_EDGE('',*,*,#3480,.F.);
#5848=ORIENTED_EDGE('',*,*,#4057,.T.);
#5849=ORIENTED_EDGE('',*,*,#3996,.F.);
#5850=ORIENTED_EDGE('',*,*,#4059,.F.);
#5851=ORIENTED_EDGE('',*,*,#3873,.F.);
#5852=ORIENTED_EDGE('',*,*,#4058,.T.);
#5853=ORIENTED_EDGE('',*,*,#3999,.F.);
#5854=ORIENTED_EDGE('',*,*,#4060,.F.);
#5855=ORIENTED_EDGE('',*,*,#3871,.F.);
#5856=ORIENTED_EDGE('',*,*,#4059,.T.);
#5857=ORIENTED_EDGE('',*,*,#4052,.F.);
#5858=ORIENTED_EDGE('',*,*,#4061,.F.);
#5859=ORIENTED_EDGE('',*,*,#3867,.F.);
#5860=ORIENTED_EDGE('',*,*,#4060,.T.);
#5861=ORIENTED_EDGE('',*,*,#4036,.F.);
#5862=ORIENTED_EDGE('',*,*,#4062,.F.);
#5863=ORIENTED_EDGE('',*,*,#3864,.F.);
#5864=ORIENTED_EDGE('',*,*,#4061,.T.);
#5865=ORIENTED_EDGE('',*,*,#4038,.F.);
#5866=ORIENTED_EDGE('',*,*,#4063,.F.);
#5867=ORIENTED_EDGE('',*,*,#3861,.T.);
#5868=ORIENTED_EDGE('',*,*,#4062,.T.);
#5869=ORIENTED_EDGE('',*,*,#4047,.F.);
#5870=ORIENTED_EDGE('',*,*,#4064,.F.);
#5871=ORIENTED_EDGE('',*,*,#3772,.F.);
#5872=ORIENTED_EDGE('',*,*,#3769,.F.);
#5873=ORIENTED_EDGE('',*,*,#3777,.F.);
#5874=ORIENTED_EDGE('',*,*,#3761,.F.);
#5875=ORIENTED_EDGE('',*,*,#3776,.F.);
#5876=ORIENTED_EDGE('',*,*,#4063,.T.);
#5877=ORIENTED_EDGE('',*,*,#4041,.F.);
#5878=ORIENTED_EDGE('',*,*,#4065,.F.);
#5879=ORIENTED_EDGE('',*,*,#3859,.T.);
#5880=ORIENTED_EDGE('',*,*,#4064,.T.);
#5881=ORIENTED_EDGE('',*,*,#4043,.F.);
#5882=ORIENTED_EDGE('',*,*,#4048,.F.);
#5883=ORIENTED_EDGE('',*,*,#4039,.F.);
#5884=ORIENTED_EDGE('',*,*,#4034,.F.);
#5885=ORIENTED_EDGE('',*,*,#4000,.F.);
#5886=ORIENTED_EDGE('',*,*,#3997,.F.);
#5887=ORIENTED_EDGE('',*,*,#3994,.F.);
#5888=ORIENTED_EDGE('',*,*,#3991,.F.);
#5889=ORIENTED_EDGE('',*,*,#3986,.F.);
#5890=ORIENTED_EDGE('',*,*,#4016,.F.);
#5891=ORIENTED_EDGE('',*,*,#4013,.F.);
#5892=ORIENTED_EDGE('',*,*,#4010,.F.);
#5893=ORIENTED_EDGE('',*,*,#4007,.F.);
#5894=ORIENTED_EDGE('',*,*,#4002,.F.);
#5895=ORIENTED_EDGE('',*,*,#4032,.F.);
#5896=ORIENTED_EDGE('',*,*,#4029,.F.);
#5897=ORIENTED_EDGE('',*,*,#4026,.F.);
#5898=ORIENTED_EDGE('',*,*,#4023,.F.);
#5899=ORIENTED_EDGE('',*,*,#4018,.F.);
#5900=ORIENTED_EDGE('',*,*,#4046,.F.);
#5901=ORIENTED_EDGE('',*,*,#4009,.F.);
#5902=ORIENTED_EDGE('',*,*,#4066,.F.);
#5903=ORIENTED_EDGE('',*,*,#3700,.F.);
#5904=ORIENTED_EDGE('',*,*,#3687,.F.);
#5905=ORIENTED_EDGE('',*,*,#3705,.F.);
#5906=ORIENTED_EDGE('',*,*,#3689,.F.);
#5907=ORIENTED_EDGE('',*,*,#3704,.F.);
#5908=ORIENTED_EDGE('',*,*,#4067,.F.);
#5909=ORIENTED_EDGE('',*,*,#4012,.F.);
#5910=ORIENTED_EDGE('',*,*,#4054,.F.);
#5911=ORIENTED_EDGE('',*,*,#3883,.T.);
#5912=ORIENTED_EDGE('',*,*,#4066,.T.);
#5913=ORIENTED_EDGE('',*,*,#4045,.F.);
#5914=ORIENTED_EDGE('',*,*,#4068,.F.);
#5915=ORIENTED_EDGE('',*,*,#3856,.F.);
#5916=ORIENTED_EDGE('',*,*,#4065,.T.);
#5917=ORIENTED_EDGE('',*,*,#4049,.F.);
#5918=ORIENTED_EDGE('',*,*,#4069,.F.);
#5919=ORIENTED_EDGE('',*,*,#3853,.F.);
#5920=ORIENTED_EDGE('',*,*,#4068,.T.);
#5921=ORIENTED_EDGE('',*,*,#4020,.F.);
#5922=ORIENTED_EDGE('',*,*,#4070,.F.);
#5923=ORIENTED_EDGE('',*,*,#3852,.F.);
#5924=ORIENTED_EDGE('',*,*,#4069,.T.);
#5925=ORIENTED_EDGE('',*,*,#4022,.F.);
#5926=ORIENTED_EDGE('',*,*,#4071,.F.);
#5927=ORIENTED_EDGE('',*,*,#3619,.F.);
#5928=ORIENTED_EDGE('',*,*,#4070,.T.);
#5929=ORIENTED_EDGE('',*,*,#4025,.F.);
#5930=ORIENTED_EDGE('',*,*,#4072,.F.);
#5931=ORIENTED_EDGE('',*,*,#3607,.F.);
#5932=ORIENTED_EDGE('',*,*,#4071,.T.);
#5933=ORIENTED_EDGE('',*,*,#4028,.F.);
#5934=ORIENTED_EDGE('',*,*,#4073,.F.);
#5935=ORIENTED_EDGE('',*,*,#3609,.F.);
#5936=ORIENTED_EDGE('',*,*,#4072,.T.);
#5937=ORIENTED_EDGE('',*,*,#4031,.F.);
#5938=ORIENTED_EDGE('',*,*,#4074,.F.);
#5939=ORIENTED_EDGE('',*,*,#3614,.F.);
#5940=ORIENTED_EDGE('',*,*,#4073,.T.);
#5941=ORIENTED_EDGE('',*,*,#4050,.F.);
#5942=ORIENTED_EDGE('',*,*,#4075,.F.);
#5943=ORIENTED_EDGE('',*,*,#3891,.F.);
#5944=ORIENTED_EDGE('',*,*,#4074,.T.);
#5945=ORIENTED_EDGE('',*,*,#4004,.F.);
#5946=ORIENTED_EDGE('',*,*,#4076,.F.);
#5947=ORIENTED_EDGE('',*,*,#3888,.F.);
#5948=ORIENTED_EDGE('',*,*,#4075,.T.);
#5949=ORIENTED_EDGE('',*,*,#4006,.F.);
#5950=ORIENTED_EDGE('',*,*,#4067,.T.);
#5951=ORIENTED_EDGE('',*,*,#3885,.T.);
#5952=ORIENTED_EDGE('',*,*,#4076,.T.);
#5953=PLANE('',#6529);
#5954=PLANE('',#6530);
#5955=PLANE('',#6531);
#5956=PLANE('',#6532);
#5957=PLANE('',#6533);
#5958=PLANE('',#6534);
#5959=PLANE('',#6535);
#5960=PLANE('',#6536);
#5961=PLANE('',#6537);
#5962=PLANE('',#6538);
#5963=PLANE('',#6539);
#5964=PLANE('',#6540);
#5965=PLANE('',#6541);
#5966=PLANE('',#6542);
#5967=PLANE('',#6543);
#5968=PLANE('',#6544);
#5969=PLANE('',#6545);
#5970=PLANE('',#6546);
#5971=PLANE('',#6547);
#5972=PLANE('',#6548);
#5973=PLANE('',#6549);
#5974=PLANE('',#6550);
#5975=PLANE('',#6551);
#5976=PLANE('',#6552);
#5977=PLANE('',#6553);
#5978=PLANE('',#6554);
#5979=PLANE('',#6555);
#5980=PLANE('',#6556);
#5981=PLANE('',#6557);
#5982=PLANE('',#6558);
#5983=PLANE('',#6559);
#5984=PLANE('',#6560);
#5985=PLANE('',#6561);
#5986=PLANE('',#6562);
#5987=PLANE('',#6563);
#5988=PLANE('',#6564);
#5989=PLANE('',#6565);
#5990=PLANE('',#6566);
#5991=PLANE('',#6567);
#5992=PLANE('',#6568);
#5993=PLANE('',#6569);
#5994=PLANE('',#6570);
#5995=PLANE('',#6571);
#5996=PLANE('',#6572);
#5997=PLANE('',#6573);
#5998=PLANE('',#6574);
#5999=PLANE('',#6579);
#6000=PLANE('',#6583);
#6001=PLANE('',#6590);
#6002=PLANE('',#6591);
#6003=PLANE('',#6592);
#6004=PLANE('',#6593);
#6005=PLANE('',#6594);
#6006=PLANE('',#6595);
#6007=PLANE('',#6596);
#6008=PLANE('',#6597);
#6009=PLANE('',#6598);
#6010=PLANE('',#6599);
#6011=PLANE('',#6600);
#6012=PLANE('',#6601);
#6013=PLANE('',#6602);
#6014=PLANE('',#6603);
#6015=PLANE('',#6604);
#6016=PLANE('',#6605);
#6017=PLANE('',#6606);
#6018=PLANE('',#6607);
#6019=PLANE('',#6608);
#6020=PLANE('',#6609);
#6021=PLANE('',#6613);
#6022=PLANE('',#6614);
#6023=PLANE('',#6618);
#6024=PLANE('',#6619);
#6025=PLANE('',#6621);
#6026=PLANE('',#6623);
#6027=PLANE('',#6624);
#6028=PLANE('',#6627);
#6029=PLANE('',#6630);
#6030=PLANE('',#6631);
#6031=PLANE('',#6633);
#6032=PLANE('',#6638);
#6033=PLANE('',#6639);
#6034=PLANE('',#6645);
#6035=PLANE('',#6652);
#6036=PLANE('',#6656);
#6037=PLANE('',#6659);
#6038=PLANE('',#6660);
#6039=PLANE('',#6661);
#6040=PLANE('',#6662);
#6041=PLANE('',#6663);
#6042=PLANE('',#6664);
#6043=PLANE('',#6665);
#6044=PLANE('',#6666);
#6045=PLANE('',#6667);
#6046=PLANE('',#6668);
#6047=PLANE('',#6669);
#6048=PLANE('',#6670);
#6049=PLANE('',#6671);
#6050=PLANE('',#6672);
#6051=PLANE('',#6673);
#6052=PLANE('',#6674);
#6053=PLANE('',#6675);
#6054=PLANE('',#6676);
#6055=PLANE('',#6677);
#6056=PLANE('',#6680);
#6057=PLANE('',#6681);
#6058=PLANE('',#6684);
#6059=PLANE('',#6685);
#6060=PLANE('',#6687);
#6061=PLANE('',#6689);
#6062=PLANE('',#6690);
#6063=PLANE('',#6692);
#6064=PLANE('',#6693);
#6065=PLANE('',#6695);
#6066=PLANE('',#6696);
#6067=PLANE('',#6701);
#6068=PLANE('',#6702);
#6069=PLANE('',#6707);
#6070=PLANE('',#6713);
#6071=PLANE('',#6717);
#6072=PLANE('',#6718);
#6073=PLANE('',#6720);
#6074=PLANE('',#6721);
#6075=PLANE('',#6725);
#6076=PLANE('',#6730);
#6077=PLANE('',#6731);
#6078=PLANE('',#6734);
#6079=PLANE('',#6738);
#6080=PLANE('',#6743);
#6081=PLANE('',#6744);
#6082=PLANE('',#6745);
#6083=PLANE('',#6746);
#6084=PLANE('',#6747);
#6085=PLANE('',#6748);
#6086=PLANE('',#6751);
#6087=PLANE('',#6752);
#6088=PLANE('',#6753);
#6089=PLANE('',#6754);
#6090=PLANE('',#6760);
#6091=PLANE('',#6764);
#6092=PLANE('',#6767);
#6093=PLANE('',#6771);
#6094=PLANE('',#6772);
#6095=PLANE('',#6773);
#6096=PLANE('',#6778);
#6097=PLANE('',#6779);
#6098=PLANE('',#6782);
#6099=PLANE('',#6785);
#6100=PLANE('',#6786);
#6101=PLANE('',#6787);
#6102=PLANE('',#6788);
#6103=PLANE('',#6791);
#6104=PLANE('',#6792);
#6105=PLANE('',#6793);
#6106=PLANE('',#6794);
#6107=PLANE('',#6795);
#6108=PLANE('',#6796);
#6109=PLANE('',#6798);
#6110=PLANE('',#6801);
#6111=PLANE('',#6804);
#6112=PLANE('',#6806);
#6113=PLANE('',#6808);
#6114=PLANE('',#6811);
#6115=PLANE('',#6814);
#6116=PLANE('',#6816);
#6117=PLANE('',#6817);
#6118=PLANE('',#6821);
#6119=PLANE('',#6825);
#6120=PLANE('',#6829);
#6121=PLANE('',#6833);
#6122=PLANE('',#6836);
#6123=PLANE('',#6840);
#6124=PLANE('',#6844);
#6125=PLANE('',#6848);
#6126=PLANE('',#6852);
#6127=PLANE('',#6873);
#6128=PLANE('',#6874);
#6129=PLANE('',#6875);
#6130=PLANE('',#6876);
#6131=PLANE('',#6877);
#6132=PLANE('',#6878);
#6133=PLANE('',#6879);
#6134=PLANE('',#6880);
#6135=PLANE('',#6881);
#6136=PLANE('',#6906);
#6137=PLANE('',#6907);
#6138=PLANE('',#6908);
#6139=PLANE('',#6909);
#6140=PLANE('',#6910);
#6141=PLANE('',#6911);
#6142=PLANE('',#6912);
#6143=PLANE('',#6913);
#6144=PLANE('',#6914);
#6145=ADVANCED_FACE('',(#511),#5953,.T.);
#6146=ADVANCED_FACE('',(#512),#5954,.T.);
#6147=ADVANCED_FACE('',(#513),#5955,.T.);
#6148=ADVANCED_FACE('',(#514),#5956,.T.);
#6149=ADVANCED_FACE('',(#515),#5957,.T.);
#6150=ADVANCED_FACE('',(#516),#5958,.T.);
#6151=ADVANCED_FACE('',(#517),#5959,.T.);
#6152=ADVANCED_FACE('',(#518),#5960,.T.);
#6153=ADVANCED_FACE('',(#519),#5961,.T.);
#6154=ADVANCED_FACE('',(#520),#5962,.T.);
#6155=ADVANCED_FACE('',(#521),#5963,.T.);
#6156=ADVANCED_FACE('',(#522),#5964,.T.);
#6157=ADVANCED_FACE('',(#523),#5965,.T.);
#6158=ADVANCED_FACE('',(#524),#5966,.T.);
#6159=ADVANCED_FACE('',(#525),#5967,.T.);
#6160=ADVANCED_FACE('',(#526),#5968,.T.);
#6161=ADVANCED_FACE('',(#527),#5969,.T.);
#6162=ADVANCED_FACE('',(#528),#5970,.T.);
#6163=ADVANCED_FACE('',(#529),#5971,.T.);
#6164=ADVANCED_FACE('',(#530),#5972,.T.);
#6165=ADVANCED_FACE('',(#531),#5973,.T.);
#6166=ADVANCED_FACE('',(#532),#5974,.T.);
#6167=ADVANCED_FACE('',(#533),#5975,.T.);
#6168=ADVANCED_FACE('',(#534),#5976,.T.);
#6169=ADVANCED_FACE('',(#535),#5977,.T.);
#6170=ADVANCED_FACE('',(#536),#5978,.T.);
#6171=ADVANCED_FACE('',(#537),#5979,.T.);
#6172=ADVANCED_FACE('',(#538),#5980,.T.);
#6173=ADVANCED_FACE('',(#539),#5981,.T.);
#6174=ADVANCED_FACE('',(#540),#5982,.T.);
#6175=ADVANCED_FACE('',(#541),#5983,.T.);
#6176=ADVANCED_FACE('',(#542),#5984,.T.);
#6177=ADVANCED_FACE('',(#543),#5985,.T.);
#6178=ADVANCED_FACE('',(#544),#417,.T.);
#6179=ADVANCED_FACE('',(#545),#418,.T.);
#6180=ADVANCED_FACE('',(#546),#419,.T.);
#6181=ADVANCED_FACE('',(#547),#420,.T.);
#6182=ADVANCED_FACE('',(#548),#421,.T.);
#6183=ADVANCED_FACE('',(#549),#422,.T.);
#6184=ADVANCED_FACE('',(#550),#423,.T.);
#6185=ADVANCED_FACE('',(#551),#5986,.T.);
#6186=ADVANCED_FACE('',(#552),#424,.T.);
#6187=ADVANCED_FACE('',(#553),#425,.T.);
#6188=ADVANCED_FACE('',(#554),#426,.T.);
#6189=ADVANCED_FACE('',(#555),#427,.T.);
#6190=ADVANCED_FACE('',(#556),#428,.T.);
#6191=ADVANCED_FACE('',(#557),#429,.T.);
#6192=ADVANCED_FACE('',(#558),#430,.T.);
#6193=ADVANCED_FACE('',(#559),#5987,.T.);
#6194=ADVANCED_FACE('',(#560),#5988,.F.);
#6195=ADVANCED_FACE('',(#561),#431,.F.);
#6196=ADVANCED_FACE('',(#562),#432,.F.);
#6197=ADVANCED_FACE('',(#563),#433,.F.);
#6198=ADVANCED_FACE('',(#564),#434,.F.);
#6199=ADVANCED_FACE('',(#565),#435,.T.);
#6200=ADVANCED_FACE('',(#566),#436,.T.);
#6201=ADVANCED_FACE('',(#567),#437,.T.);
#6202=ADVANCED_FACE('',(#568),#438,.T.);
#6203=ADVANCED_FACE('',(#569,#225),#5989,.T.);
#6204=ADVANCED_FACE('',(#570),#439,.F.);
#6205=ADVANCED_FACE('',(#571),#440,.F.);
#6206=ADVANCED_FACE('',(#572),#441,.F.);
#6207=ADVANCED_FACE('',(#573),#442,.F.);
#6208=ADVANCED_FACE('',(#574),#443,.T.);
#6209=ADVANCED_FACE('',(#575),#444,.T.);
#6210=ADVANCED_FACE('',(#576),#445,.T.);
#6211=ADVANCED_FACE('',(#577),#446,.T.);
#6212=ADVANCED_FACE('',(#578,#226),#5990,.T.);
#6213=ADVANCED_FACE('',(#579),#5991,.T.);
#6214=ADVANCED_FACE('',(#580),#5992,.T.);
#6215=ADVANCED_FACE('',(#581),#5993,.T.);
#6216=ADVANCED_FACE('',(#582),#5994,.T.);
#6217=ADVANCED_FACE('',(#583),#5995,.T.);
#6218=ADVANCED_FACE('',(#584),#5996,.T.);
#6219=ADVANCED_FACE('',(#585),#5997,.T.);
#6220=ADVANCED_FACE('',(#586,#227,#228,#229,#230,#231,#232,#233,#234),#5998,
 .F.);
#6221=ADVANCED_FACE('',(#587),#5999,.F.);
#6222=ADVANCED_FACE('',(#588),#111,.T.);
#6223=ADVANCED_FACE('',(#589),#6000,.F.);
#6224=ADVANCED_FACE('',(#590),#112,.T.);
#6225=ADVANCED_FACE('',(#591),#113,.T.);
#6226=ADVANCED_FACE('',(#592),#6001,.F.);
#6227=ADVANCED_FACE('',(#593),#6002,.F.);
#6228=ADVANCED_FACE('',(#594),#6003,.F.);
#6229=ADVANCED_FACE('',(#595),#6004,.F.);
#6230=ADVANCED_FACE('',(#596),#6005,.F.);
#6231=ADVANCED_FACE('',(#597),#6006,.F.);
#6232=ADVANCED_FACE('',(#598),#6007,.F.);
#6233=ADVANCED_FACE('',(#599),#6008,.F.);
#6234=ADVANCED_FACE('',(#600),#6009,.F.);
#6235=ADVANCED_FACE('',(#601),#6010,.F.);
#6236=ADVANCED_FACE('',(#602),#6011,.T.);
#6237=ADVANCED_FACE('',(#603),#6012,.T.);
#6238=ADVANCED_FACE('',(#604),#6013,.T.);
#6239=ADVANCED_FACE('',(#605),#6014,.T.);
#6240=ADVANCED_FACE('',(#606),#6015,.T.);
#6241=ADVANCED_FACE('',(#607),#6016,.T.);
#6242=ADVANCED_FACE('',(#608),#6017,.T.);
#6243=ADVANCED_FACE('',(#609),#6018,.T.);
#6244=ADVANCED_FACE('',(#610),#6019,.T.);
#6245=ADVANCED_FACE('',(#611),#6020,.F.);
#6246=ADVANCED_FACE('',(#612),#114,.T.);
#6247=ADVANCED_FACE('',(#613),#6021,.F.);
#6248=ADVANCED_FACE('',(#614),#6022,.F.);
#6249=ADVANCED_FACE('',(#615),#115,.T.);
#6250=ADVANCED_FACE('',(#616),#6023,.F.);
#6251=ADVANCED_FACE('',(#617,#235),#6024,.F.);
#6252=ADVANCED_FACE('',(#618),#6025,.F.);
#6253=ADVANCED_FACE('',(#619,#236),#6026,.F.);
#6254=ADVANCED_FACE('',(#620,#237,#238,#239,#240),#6027,.F.);
#6255=ADVANCED_FACE('',(#621),#6028,.F.);
#6256=ADVANCED_FACE('',(#622),#116,.T.);
#6257=ADVANCED_FACE('',(#623),#6029,.F.);
#6258=ADVANCED_FACE('',(#624,#241),#6030,.F.);
#6259=ADVANCED_FACE('',(#625,#242),#6031,.F.);
#6260=ADVANCED_FACE('',(#626),#117,.F.);
#6261=ADVANCED_FACE('',(#627),#118,.F.);
#6262=ADVANCED_FACE('',(#628),#6032,.T.);
#6263=ADVANCED_FACE('',(#629),#6033,.T.);
#6264=ADVANCED_FACE('',(#630),#119,.F.);
#6265=ADVANCED_FACE('',(#631),#120,.T.);
#6266=ADVANCED_FACE('',(#632),#6034,.T.);
#6267=ADVANCED_FACE('',(#633),#121,.T.);
#6268=ADVANCED_FACE('',(#634),#6035,.T.);
#6269=ADVANCED_FACE('',(#635),#122,.T.);
#6270=ADVANCED_FACE('',(#636,#243,#244,#245,#246),#6036,.T.);
#6271=ADVANCED_FACE('',(#637),#6037,.T.);
#6272=ADVANCED_FACE('',(#638),#6038,.T.);
#6273=ADVANCED_FACE('',(#639),#6039,.T.);
#6274=ADVANCED_FACE('',(#640),#6040,.T.);
#6275=ADVANCED_FACE('',(#641),#6041,.T.);
#6276=ADVANCED_FACE('',(#642),#6042,.T.);
#6277=ADVANCED_FACE('',(#643),#6043,.T.);
#6278=ADVANCED_FACE('',(#644),#6044,.T.);
#6279=ADVANCED_FACE('',(#645),#6045,.T.);
#6280=ADVANCED_FACE('',(#646),#6046,.F.);
#6281=ADVANCED_FACE('',(#647),#6047,.F.);
#6282=ADVANCED_FACE('',(#648),#6048,.F.);
#6283=ADVANCED_FACE('',(#649),#6049,.F.);
#6284=ADVANCED_FACE('',(#650),#6050,.F.);
#6285=ADVANCED_FACE('',(#651),#6051,.F.);
#6286=ADVANCED_FACE('',(#652),#6052,.F.);
#6287=ADVANCED_FACE('',(#653),#6053,.F.);
#6288=ADVANCED_FACE('',(#654),#6054,.F.);
#6289=ADVANCED_FACE('',(#655),#6055,.T.);
#6290=ADVANCED_FACE('',(#656),#123,.T.);
#6291=ADVANCED_FACE('',(#657),#6056,.T.);
#6292=ADVANCED_FACE('',(#658),#6057,.T.);
#6293=ADVANCED_FACE('',(#659),#124,.T.);
#6294=ADVANCED_FACE('',(#660),#6058,.T.);
#6295=ADVANCED_FACE('',(#661,#247),#6059,.T.);
#6296=ADVANCED_FACE('',(#662),#6060,.T.);
#6297=ADVANCED_FACE('',(#663,#248),#6061,.T.);
#6298=ADVANCED_FACE('',(#664),#6062,.T.);
#6299=ADVANCED_FACE('',(#665),#125,.T.);
#6300=ADVANCED_FACE('',(#666),#6063,.T.);
#6301=ADVANCED_FACE('',(#667,#249),#6064,.T.);
#6302=ADVANCED_FACE('',(#668,#250),#6065,.T.);
#6303=ADVANCED_FACE('',(#669),#6066,.T.);
#6304=ADVANCED_FACE('',(#670),#126,.F.);
#6305=ADVANCED_FACE('',(#671),#127,.F.);
#6306=ADVANCED_FACE('',(#672),#6067,.T.);
#6307=ADVANCED_FACE('',(#673),#6068,.T.);
#6308=ADVANCED_FACE('',(#674),#128,.F.);
#6309=ADVANCED_FACE('',(#675),#129,.F.);
#6310=ADVANCED_FACE('',(#676),#6069,.F.);
#6311=ADVANCED_FACE('',(#677),#130,.T.);
#6312=ADVANCED_FACE('',(#678),#6070,.T.);
#6313=ADVANCED_FACE('',(#679),#131,.T.);
#6314=ADVANCED_FACE('',(#680),#6071,.F.);
#6315=ADVANCED_FACE('',(#681),#6072,.F.);
#6316=ADVANCED_FACE('',(#682),#6073,.F.);
#6317=ADVANCED_FACE('',(#683),#6074,.F.);
#6318=ADVANCED_FACE('',(#684),#132,.F.);
#6319=ADVANCED_FACE('',(#685,#251),#6075,.T.);
#6320=ADVANCED_FACE('',(#686),#6076,.T.);
#6321=ADVANCED_FACE('',(#687),#6077,.T.);
#6322=ADVANCED_FACE('',(#688),#133,.T.);
#6323=ADVANCED_FACE('',(#689),#6078,.T.);
#6324=ADVANCED_FACE('',(#690),#134,.T.);
#6325=ADVANCED_FACE('',(#691),#135,.F.);
#6326=ADVANCED_FACE('',(#692),#6079,.F.);
#6327=ADVANCED_FACE('',(#693),#136,.F.);
#6328=ADVANCED_FACE('',(#694),#137,.T.);
#6329=ADVANCED_FACE('',(#695),#6080,.F.);
#6330=ADVANCED_FACE('',(#696),#6081,.F.);
#6331=ADVANCED_FACE('',(#697),#6082,.F.);
#6332=ADVANCED_FACE('',(#698),#6083,.F.);
#6333=ADVANCED_FACE('',(#699),#6084,.F.);
#6334=ADVANCED_FACE('',(#700),#6085,.F.);
#6335=ADVANCED_FACE('',(#701),#138,.T.);
#6336=ADVANCED_FACE('',(#702),#6086,.F.);
#6337=ADVANCED_FACE('',(#703),#6087,.T.);
#6338=ADVANCED_FACE('',(#704),#6088,.T.);
#6339=ADVANCED_FACE('',(#705),#6089,.T.);
#6340=ADVANCED_FACE('',(#706),#139,.T.);
#6341=ADVANCED_FACE('',(#707),#6090,.F.);
#6342=ADVANCED_FACE('',(#708),#140,.T.);
#6343=ADVANCED_FACE('',(#709),#6091,.T.);
#6344=ADVANCED_FACE('',(#710),#141,.F.);
#6345=ADVANCED_FACE('',(#711),#6092,.F.);
#6346=ADVANCED_FACE('',(#712),#142,.T.);
#6347=ADVANCED_FACE('',(#713),#6093,.F.);
#6348=ADVANCED_FACE('',(#714),#6094,.F.);
#6349=ADVANCED_FACE('',(#715),#6095,.F.);
#6350=ADVANCED_FACE('',(#716),#143,.T.);
#6351=ADVANCED_FACE('',(#717),#144,.F.);
#6352=ADVANCED_FACE('',(#718),#6096,.T.);
#6353=ADVANCED_FACE('',(#719),#6097,.T.);
#6354=ADVANCED_FACE('',(#720),#145,.T.);
#6355=ADVANCED_FACE('',(#721),#6098,.T.);
#6356=ADVANCED_FACE('',(#722),#146,.T.);
#6357=ADVANCED_FACE('',(#723),#6099,.T.);
#6358=ADVANCED_FACE('',(#724),#6100,.T.);
#6359=ADVANCED_FACE('',(#725),#6101,.T.);
#6360=ADVANCED_FACE('',(#726),#6102,.T.);
#6361=ADVANCED_FACE('',(#727),#147,.F.);
#6362=ADVANCED_FACE('',(#728),#6103,.T.);
#6363=ADVANCED_FACE('',(#729),#6104,.T.);
#6364=ADVANCED_FACE('',(#730),#6105,.T.);
#6365=ADVANCED_FACE('',(#731),#6106,.T.);
#6366=ADVANCED_FACE('',(#732),#6107,.T.);
#6367=ADVANCED_FACE('',(#733),#6108,.T.);
#6368=ADVANCED_FACE('',(#734),#15,.T.);
#6369=ADVANCED_FACE('',(#735),#6109,.T.);
#6370=ADVANCED_FACE('',(#736),#16,.T.);
#6371=ADVANCED_FACE('',(#737),#447,.T.);
#6372=ADVANCED_FACE('',(#738),#17,.F.);
#6373=ADVANCED_FACE('',(#739),#6110,.T.);
#6374=ADVANCED_FACE('',(#740),#18,.F.);
#6375=ADVANCED_FACE('',(#741),#448,.T.);
#6376=ADVANCED_FACE('',(#742),#19,.T.);
#6377=ADVANCED_FACE('',(#743),#6111,.T.);
#6378=ADVANCED_FACE('',(#744),#20,.T.);
#6379=ADVANCED_FACE('',(#745),#6112,.T.);
#6380=ADVANCED_FACE('',(#746),#21,.T.);
#6381=ADVANCED_FACE('',(#747),#6113,.T.);
#6382=ADVANCED_FACE('',(#748),#22,.T.);
#6383=ADVANCED_FACE('',(#749),#449,.T.);
#6384=ADVANCED_FACE('',(#750),#23,.F.);
#6385=ADVANCED_FACE('',(#751),#6114,.T.);
#6386=ADVANCED_FACE('',(#752),#24,.F.);
#6387=ADVANCED_FACE('',(#753),#450,.T.);
#6388=ADVANCED_FACE('',(#754),#25,.T.);
#6389=ADVANCED_FACE('',(#755),#6115,.T.);
#6390=ADVANCED_FACE('',(#756),#26,.T.);
#6391=ADVANCED_FACE('',(#757),#6116,.T.);
#6392=ADVANCED_FACE('',(#758),#6117,.T.);
#6393=ADVANCED_FACE('',(#759),#148,.T.);
#6394=ADVANCED_FACE('',(#760),#6118,.T.);
#6395=ADVANCED_FACE('',(#761),#149,.T.);
#6396=ADVANCED_FACE('',(#762),#6119,.T.);
#6397=ADVANCED_FACE('',(#763),#150,.T.);
#6398=ADVANCED_FACE('',(#764),#6120,.T.);
#6399=ADVANCED_FACE('',(#765),#151,.T.);
#6400=ADVANCED_FACE('',(#766),#6121,.T.);
#6401=ADVANCED_FACE('',(#767),#152,.F.);
#6402=ADVANCED_FACE('',(#768),#6122,.T.);
#6403=ADVANCED_FACE('',(#769),#153,.T.);
#6404=ADVANCED_FACE('',(#770),#6123,.T.);
#6405=ADVANCED_FACE('',(#771),#154,.T.);
#6406=ADVANCED_FACE('',(#772),#6124,.T.);
#6407=ADVANCED_FACE('',(#773),#155,.T.);
#6408=ADVANCED_FACE('',(#774),#6125,.T.);
#6409=ADVANCED_FACE('',(#775),#156,.T.);
#6410=ADVANCED_FACE('',(#776,#252),#6126,.T.);
#6411=ADVANCED_FACE('',(#777),#451,.T.);
#6412=ADVANCED_FACE('',(#778),#452,.T.);
#6413=ADVANCED_FACE('',(#779),#157,.F.);
#6414=ADVANCED_FACE('',(#780),#453,.T.);
#6415=ADVANCED_FACE('',(#781),#454,.T.);
#6416=ADVANCED_FACE('',(#782),#158,.F.);
#6417=ADVANCED_FACE('',(#783),#455,.T.);
#6418=ADVANCED_FACE('',(#784),#159,.F.);
#6419=ADVANCED_FACE('',(#785),#456,.T.);
#6420=ADVANCED_FACE('',(#786),#160,.F.);
#6421=ADVANCED_FACE('',(#787),#457,.T.);
#6422=ADVANCED_FACE('',(#788),#458,.T.);
#6423=ADVANCED_FACE('',(#789),#161,.F.);
#6424=ADVANCED_FACE('',(#790),#459,.T.);
#6425=ADVANCED_FACE('',(#791),#460,.T.);
#6426=ADVANCED_FACE('',(#792),#162,.F.);
#6427=ADVANCED_FACE('',(#793),#461,.T.);
#6428=ADVANCED_FACE('',(#794),#462,.T.);
#6429=ADVANCED_FACE('',(#795),#163,.F.);
#6430=ADVANCED_FACE('',(#796),#164,.F.);
#6431=ADVANCED_FACE('',(#797),#463,.T.);
#6432=ADVANCED_FACE('',(#798),#464,.T.);
#6433=ADVANCED_FACE('',(#799),#465,.T.);
#6434=ADVANCED_FACE('',(#800),#466,.T.);
#6435=ADVANCED_FACE('',(#801),#6127,.T.);
#6436=ADVANCED_FACE('',(#802),#467,.T.);
#6437=ADVANCED_FACE('',(#803),#468,.T.);
#6438=ADVANCED_FACE('',(#804),#469,.T.);
#6439=ADVANCED_FACE('',(#805),#6128,.T.);
#6440=ADVANCED_FACE('',(#806),#470,.T.);
#6441=ADVANCED_FACE('',(#807),#471,.T.);
#6442=ADVANCED_FACE('',(#808),#472,.T.);
#6443=ADVANCED_FACE('',(#809),#6129,.T.);
#6444=ADVANCED_FACE('',(#810),#473,.T.);
#6445=ADVANCED_FACE('',(#811),#6130,.T.);
#6446=ADVANCED_FACE('',(#812),#474,.T.);
#6447=ADVANCED_FACE('',(#813),#6131,.T.);
#6448=ADVANCED_FACE('',(#814),#6132,.T.);
#6449=ADVANCED_FACE('',(#815),#475,.T.);
#6450=ADVANCED_FACE('',(#816),#6133,.T.);
#6451=ADVANCED_FACE('',(#817),#476,.T.);
#6452=ADVANCED_FACE('',(#818),#477,.T.);
#6453=ADVANCED_FACE('',(#819),#478,.T.);
#6454=ADVANCED_FACE('',(#820),#6134,.T.);
#6455=ADVANCED_FACE('',(#821),#479,.T.);
#6456=ADVANCED_FACE('',(#822),#480,.T.);
#6457=ADVANCED_FACE('',(#823),#481,.T.);
#6458=ADVANCED_FACE('',(#824),#6135,.T.);
#6459=ADVANCED_FACE('',(#825),#482,.T.);
#6460=ADVANCED_FACE('',(#826),#483,.F.);
#6461=ADVANCED_FACE('',(#827),#484,.F.);
#6462=ADVANCED_FACE('',(#828),#165,.T.);
#6463=ADVANCED_FACE('',(#829),#485,.F.);
#6464=ADVANCED_FACE('',(#830),#486,.F.);
#6465=ADVANCED_FACE('',(#831),#166,.T.);
#6466=ADVANCED_FACE('',(#832),#487,.F.);
#6467=ADVANCED_FACE('',(#833),#167,.T.);
#6468=ADVANCED_FACE('',(#834),#488,.F.);
#6469=ADVANCED_FACE('',(#835),#168,.T.);
#6470=ADVANCED_FACE('',(#836),#489,.F.);
#6471=ADVANCED_FACE('',(#837),#490,.F.);
#6472=ADVANCED_FACE('',(#838),#169,.T.);
#6473=ADVANCED_FACE('',(#839),#491,.F.);
#6474=ADVANCED_FACE('',(#840),#492,.F.);
#6475=ADVANCED_FACE('',(#841),#170,.T.);
#6476=ADVANCED_FACE('',(#842),#493,.F.);
#6477=ADVANCED_FACE('',(#843),#494,.F.);
#6478=ADVANCED_FACE('',(#844),#171,.T.);
#6479=ADVANCED_FACE('',(#845),#172,.T.);
#6480=ADVANCED_FACE('',(#846),#495,.F.);
#6481=ADVANCED_FACE('',(#847),#496,.F.);
#6482=ADVANCED_FACE('',(#848),#497,.F.);
#6483=ADVANCED_FACE('',(#849),#498,.F.);
#6484=ADVANCED_FACE('',(#850),#6136,.F.);
#6485=ADVANCED_FACE('',(#851),#499,.F.);
#6486=ADVANCED_FACE('',(#852),#500,.F.);
#6487=ADVANCED_FACE('',(#853),#501,.F.);
#6488=ADVANCED_FACE('',(#854),#6137,.F.);
#6489=ADVANCED_FACE('',(#855),#502,.F.);
#6490=ADVANCED_FACE('',(#856),#503,.F.);
#6491=ADVANCED_FACE('',(#857),#504,.F.);
#6492=ADVANCED_FACE('',(#858),#6138,.F.);
#6493=ADVANCED_FACE('',(#859),#27,.F.);
#6494=ADVANCED_FACE('',(#860),#6139,.F.);
#6495=ADVANCED_FACE('',(#861),#28,.F.);
#6496=ADVANCED_FACE('',(#862),#6140,.F.);
#6497=ADVANCED_FACE('',(#863),#6141,.F.);
#6498=ADVANCED_FACE('',(#864),#29,.F.);
#6499=ADVANCED_FACE('',(#865),#6142,.F.);
#6500=ADVANCED_FACE('',(#866),#505,.F.);
#6501=ADVANCED_FACE('',(#867),#506,.F.);
#6502=ADVANCED_FACE('',(#868),#507,.F.);
#6503=ADVANCED_FACE('',(#869),#6143,.F.);
#6504=ADVANCED_FACE('',(#870),#508,.F.);
#6505=ADVANCED_FACE('',(#871),#509,.F.);
#6506=ADVANCED_FACE('',(#872),#510,.F.);
#6507=ADVANCED_FACE('',(#873),#6144,.F.);
#6508=ADVANCED_FACE('',(#874),#30,.F.);
#6509=CLOSED_SHELL('',(#6145,#6146,#6147,#6148,#6149,#6150,#6151,#6152,
#6153,#6154,#6155,#6156,#6157,#6158,#6159,#6160,#6161,#6162,#6163,#6164,
#6165,#6166,#6167,#6168,#6169,#6170,#6171,#6172,#6173,#6174,#6175,#6176,
#6177,#6178,#6179,#6180,#6181,#6182,#6183,#6184,#6185,#6186,#6187,#6188,
#6189,#6190,#6191,#6192,#6193,#6194,#6195,#6196,#6197,#6198,#6199,#6200,
#6201,#6202,#6203,#6204,#6205,#6206,#6207,#6208,#6209,#6210,#6211,#6212,
#6213,#6214,#6215,#6216,#6217,#6218,#6219,#6220,#6221,#6222,#6223,#6224,
#6225,#6226,#6227,#6228,#6229,#6230,#6231,#6232,#6233,#6234,#6235,#6236,
#6237,#6238,#6239,#6240,#6241,#6242,#6243,#6244,#6245,#6246,#6247,#6248,
#6249,#6250,#6251,#6252,#6253,#6254,#6255,#6256,#6257,#6258,#6259,#6260,
#6261,#6262,#6263,#6264,#6265,#6266,#6267,#6268,#6269,#6270,#6271,#6272,
#6273,#6274,#6275,#6276,#6277,#6278,#6279,#6280,#6281,#6282,#6283,#6284,
#6285,#6286,#6287,#6288,#6289,#6290,#6291,#6292,#6293,#6294,#6295,#6296,
#6297,#6298,#6299,#6300,#6301,#6302,#6303,#6304,#6305,#6306,#6307,#6308,
#6309,#6310,#6311,#6312,#6313,#6314,#6315,#6316,#6317,#6318,#6319,#6320,
#6321,#6322,#6323,#6324,#6325,#6326,#6327,#6328,#6329,#6330,#6331,#6332,
#6333,#6334,#6335,#6336,#6337,#6338,#6339,#6340,#6341,#6342,#6343,#6344,
#6345,#6346,#6347,#6348,#6349,#6350,#6351,#6352,#6353,#6354,#6355,#6356,
#6357,#6358,#6359,#6360,#6361,#6362,#6363,#6364,#6365,#6366,#6367,#6368,
#6369,#6370,#6371,#6372,#6373,#6374,#6375,#6376,#6377,#6378,#6379,#6380,
#6381,#6382,#6383,#6384,#6385,#6386,#6387,#6388,#6389,#6390,#6391,#6392,
#6393,#6394,#6395,#6396,#6397,#6398,#6399,#6400,#6401,#6402,#6403,#6404,
#6405,#6406,#6407,#6408,#6409,#6410,#6411,#6412,#6413,#6414,#6415,#6416,
#6417,#6418,#6419,#6420,#6421,#6422,#6423,#6424,#6425,#6426,#6427,#6428,
#6429,#6430,#6431,#6432,#6433,#6434,#6435,#6436,#6437,#6438,#6439,#6440,
#6441,#6442,#6443,#6444,#6445,#6446,#6447,#6448,#6449,#6450,#6451,#6452,
#6453,#6454,#6455,#6456,#6457,#6458,#6459,#6460,#6461,#6462,#6463,#6464,
#6465,#6466,#6467,#6468,#6469,#6470,#6471,#6472,#6473,#6474,#6475,#6476,
#6477,#6478,#6479,#6480,#6481,#6482,#6483,#6484,#6485,#6486,#6487,#6488,
#6489,#6490,#6491,#6492,#6493,#6494,#6495,#6496,#6497,#6498,#6499,#6500,
#6501,#6502,#6503,#6504,#6505,#6506,#6507,#6508));
#6510=DERIVED_UNIT_ELEMENT(#6512,1.);
#6511=DERIVED_UNIT_ELEMENT(#14833,-3.);
#6512=(
MASS_UNIT()
NAMED_UNIT(*)
SI_UNIT($,.GRAM.)
);
#6513=DERIVED_UNIT((#6510,#6511));
#6514=MEASURE_REPRESENTATION_ITEM('density measure',
POSITIVE_RATIO_MEASURE(0.),#6513);
#6515=PROPERTY_DEFINITION_REPRESENTATION(#6520,#6517);
#6516=PROPERTY_DEFINITION_REPRESENTATION(#6521,#6518);
#6517=REPRESENTATION('material name',(#6519),#14830);
#6518=REPRESENTATION('density',(#6514),#14830);
#6519=DESCRIPTIVE_REPRESENTATION_ITEM('-','-');
#6520=PROPERTY_DEFINITION('material property','material name',#14840);
#6521=PROPERTY_DEFINITION('material property','density of part',#14840);
#6522=DATE_TIME_ROLE('creation_date');
#6523=APPLIED_DATE_AND_TIME_ASSIGNMENT(#6524,#6522,(#14840));
#6524=DATE_AND_TIME(#6525,#6526);
#6525=CALENDAR_DATE(2023,24,12);
#6526=LOCAL_TIME(0,0,0.,#6527);
#6527=COORDINATED_UNIVERSAL_TIME_OFFSET(0,0,.BEHIND.);
#6528=AXIS2_PLACEMENT_3D('placement',#8331,#6915,#6916);
#6529=AXIS2_PLACEMENT_3D('',#8332,#6917,#6918);
#6530=AXIS2_PLACEMENT_3D('',#8341,#6923,#6924);
#6531=AXIS2_PLACEMENT_3D('',#8347,#6928,#6929);
#6532=AXIS2_PLACEMENT_3D('',#8353,#6933,#6934);
#6533=AXIS2_PLACEMENT_3D('',#8359,#6938,#6939);
#6534=AXIS2_PLACEMENT_3D('',#8365,#6943,#6944);
#6535=AXIS2_PLACEMENT_3D('',#8371,#6948,#6949);
#6536=AXIS2_PLACEMENT_3D('',#8377,#6953,#6954);
#6537=AXIS2_PLACEMENT_3D('',#8380,#6957,#6958);
#6538=AXIS2_PLACEMENT_3D('',#8381,#6959,#6960);
#6539=AXIS2_PLACEMENT_3D('',#8390,#6965,#6966);
#6540=AXIS2_PLACEMENT_3D('',#8396,#6970,#6971);
#6541=AXIS2_PLACEMENT_3D('',#8402,#6975,#6976);
#6542=AXIS2_PLACEMENT_3D('',#8408,#6980,#6981);
#6543=AXIS2_PLACEMENT_3D('',#8414,#6985,#6986);
#6544=AXIS2_PLACEMENT_3D('',#8420,#6990,#6991);
#6545=AXIS2_PLACEMENT_3D('',#8426,#6995,#6996);
#6546=AXIS2_PLACEMENT_3D('',#8432,#7000,#7001);
#6547=AXIS2_PLACEMENT_3D('',#8438,#7005,#7006);
#6548=AXIS2_PLACEMENT_3D('',#8444,#7010,#7011);
#6549=AXIS2_PLACEMENT_3D('',#8450,#7015,#7016);
#6550=AXIS2_PLACEMENT_3D('',#8453,#7019,#7020);
#6551=AXIS2_PLACEMENT_3D('',#8454,#7021,#7022);
#6552=AXIS2_PLACEMENT_3D('',#8463,#7027,#7028);
#6553=AXIS2_PLACEMENT_3D('',#8469,#7032,#7033);
#6554=AXIS2_PLACEMENT_3D('',#8475,#7037,#7038);
#6555=AXIS2_PLACEMENT_3D('',#8481,#7042,#7043);
#6556=AXIS2_PLACEMENT_3D('',#8487,#7047,#7048);
#6557=AXIS2_PLACEMENT_3D('',#8493,#7052,#7053);
#6558=AXIS2_PLACEMENT_3D('',#8499,#7057,#7058);
#6559=AXIS2_PLACEMENT_3D('',#8505,#7062,#7063);
#6560=AXIS2_PLACEMENT_3D('',#8511,#7067,#7068);
#6561=AXIS2_PLACEMENT_3D('',#8514,#7071,#7072);
#6562=AXIS2_PLACEMENT_3D('',#8667,#7081,#7082);
#6563=AXIS2_PLACEMENT_3D('',#8810,#7093,#7094);
#6564=AXIS2_PLACEMENT_3D('',#8813,#7097,#7098);
#6565=AXIS2_PLACEMENT_3D('',#8982,#7107,#7108);
#6566=AXIS2_PLACEMENT_3D('',#9151,#7117,#7118);
#6567=AXIS2_PLACEMENT_3D('',#9152,#7119,#7120);
#6568=AXIS2_PLACEMENT_3D('',#9161,#7125,#7126);
#6569=AXIS2_PLACEMENT_3D('',#9167,#7130,#7131);
#6570=AXIS2_PLACEMENT_3D('',#9173,#7135,#7136);
#6571=AXIS2_PLACEMENT_3D('',#9179,#7140,#7141);
#6572=AXIS2_PLACEMENT_3D('',#9185,#7145,#7146);
#6573=AXIS2_PLACEMENT_3D('',#9188,#7149,#7150);
#6574=AXIS2_PLACEMENT_3D('',#9189,#7151,#7152);
#6575=AXIS2_PLACEMENT_3D('',#9196,#7155,#7156);
#6576=AXIS2_PLACEMENT_3D('',#9200,#7158,#7159);
#6577=AXIS2_PLACEMENT_3D('',#9210,#7164,#7165);
#6578=AXIS2_PLACEMENT_3D('',#9213,#7167,#7168);
#6579=AXIS2_PLACEMENT_3D('',#9214,#7169,#7170);
#6580=AXIS2_PLACEMENT_3D('',#9215,#7171,#7172);
#6581=AXIS2_PLACEMENT_3D('',#9218,#7173,#7174);
#6582=AXIS2_PLACEMENT_3D('',#9222,#7176,#7177);
#6583=AXIS2_PLACEMENT_3D('',#9224,#7179,#7180);
#6584=AXIS2_PLACEMENT_3D('',#9230,#7184,#7185);
#6585=AXIS2_PLACEMENT_3D('',#9232,#7186,#7187);
#6586=AXIS2_PLACEMENT_3D('',#9234,#7188,#7189);
#6587=AXIS2_PLACEMENT_3D('',#9236,#7191,#7192);
#6588=AXIS2_PLACEMENT_3D('',#9239,#7193,#7194);
#6589=AXIS2_PLACEMENT_3D('',#9243,#7196,#7197);
#6590=AXIS2_PLACEMENT_3D('',#9245,#7199,#7200);
#6591=AXIS2_PLACEMENT_3D('',#9248,#7203,#7204);
#6592=AXIS2_PLACEMENT_3D('',#9257,#7209,#7210);
#6593=AXIS2_PLACEMENT_3D('',#9263,#7214,#7215);
#6594=AXIS2_PLACEMENT_3D('',#9269,#7219,#7220);
#6595=AXIS2_PLACEMENT_3D('',#9272,#7223,#7224);
#6596=AXIS2_PLACEMENT_3D('',#9281,#7229,#7230);
#6597=AXIS2_PLACEMENT_3D('',#9287,#7234,#7235);
#6598=AXIS2_PLACEMENT_3D('',#9293,#7239,#7240);
#6599=AXIS2_PLACEMENT_3D('',#9299,#7244,#7245);
#6600=AXIS2_PLACEMENT_3D('',#9302,#7248,#7249);
#6601=AXIS2_PLACEMENT_3D('',#9311,#7254,#7255);
#6602=AXIS2_PLACEMENT_3D('',#9317,#7259,#7260);
#6603=AXIS2_PLACEMENT_3D('',#9323,#7264,#7265);
#6604=AXIS2_PLACEMENT_3D('',#9326,#7268,#7269);
#6605=AXIS2_PLACEMENT_3D('',#9335,#7274,#7275);
#6606=AXIS2_PLACEMENT_3D('',#9341,#7279,#7280);
#6607=AXIS2_PLACEMENT_3D('',#9347,#7284,#7285);
#6608=AXIS2_PLACEMENT_3D('',#9353,#7289,#7290);
#6609=AXIS2_PLACEMENT_3D('',#9356,#7293,#7294);
#6610=AXIS2_PLACEMENT_3D('',#9365,#7299,#7300);
#6611=AXIS2_PLACEMENT_3D('',#9367,#7301,#7302);
#6612=AXIS2_PLACEMENT_3D('',#9369,#7303,#7304);
#6613=AXIS2_PLACEMENT_3D('',#9371,#7306,#7307);
#6614=AXIS2_PLACEMENT_3D('',#9377,#7311,#7312);
#6615=AXIS2_PLACEMENT_3D('',#9386,#7317,#7318);
#6616=AXIS2_PLACEMENT_3D('',#9388,#7319,#7320);
#6617=AXIS2_PLACEMENT_3D('',#9390,#7321,#7322);
#6618=AXIS2_PLACEMENT_3D('',#9392,#7324,#7325);
#6619=AXIS2_PLACEMENT_3D('',#9398,#7329,#7330);
#6620=AXIS2_PLACEMENT_3D('',#9402,#7332,#7333);
#6621=AXIS2_PLACEMENT_3D('',#9406,#7336,#7337);
#6622=AXIS2_PLACEMENT_3D('',#9415,#7342,#7343);
#6623=AXIS2_PLACEMENT_3D('',#9420,#7347,#7348);
#6624=AXIS2_PLACEMENT_3D('',#9424,#7351,#7352);
#6625=AXIS2_PLACEMENT_3D('',#9428,#7354,#7355);
#6626=AXIS2_PLACEMENT_3D('',#9432,#7357,#7358);
#6627=AXIS2_PLACEMENT_3D('',#9434,#7360,#7361);
#6628=AXIS2_PLACEMENT_3D('',#9438,#7364,#7365);
#6629=AXIS2_PLACEMENT_3D('',#9440,#7366,#7367);
#6630=AXIS2_PLACEMENT_3D('',#9442,#7369,#7370);
#6631=AXIS2_PLACEMENT_3D('',#9446,#7373,#7374);
#6632=AXIS2_PLACEMENT_3D('',#9450,#7376,#7377);
#6633=AXIS2_PLACEMENT_3D('',#9452,#7379,#7380);
#6634=AXIS2_PLACEMENT_3D('',#9454,#7382,#7383);
#6635=AXIS2_PLACEMENT_3D('',#9458,#7385,#7386);
#6636=AXIS2_PLACEMENT_3D('',#9460,#7388,#7389);
#6637=AXIS2_PLACEMENT_3D('',#9464,#7391,#7392);
#6638=AXIS2_PLACEMENT_3D('',#9466,#7394,#7395);
#6639=AXIS2_PLACEMENT_3D('',#9470,#7398,#7399);
#6640=AXIS2_PLACEMENT_3D('',#9474,#7402,#7403);
#6641=AXIS2_PLACEMENT_3D('',#9477,#7405,#7406);
#6642=AXIS2_PLACEMENT_3D('',#9478,#7407,#7408);
#6643=AXIS2_PLACEMENT_3D('',#9481,#7409,#7410);
#6644=AXIS2_PLACEMENT_3D('',#9485,#7412,#7413);
#6645=AXIS2_PLACEMENT_3D('',#9487,#7415,#7416);
#6646=AXIS2_PLACEMENT_3D('',#9495,#7420,#7421);
#6647=AXIS2_PLACEMENT_3D('',#9503,#7425,#7426);
#6648=AXIS2_PLACEMENT_3D('',#9511,#7430,#7431);
#6649=AXIS2_PLACEMENT_3D('',#9517,#7435,#7436);
#6650=AXIS2_PLACEMENT_3D('',#9520,#7437,#7438);
#6651=AXIS2_PLACEMENT_3D('',#9524,#7440,#7441);
#6652=AXIS2_PLACEMENT_3D('',#9526,#7443,#7444);
#6653=AXIS2_PLACEMENT_3D('',#9532,#7448,#7449);
#6654=AXIS2_PLACEMENT_3D('',#9534,#7450,#7451);
#6655=AXIS2_PLACEMENT_3D('',#9537,#7453,#7454);
#6656=AXIS2_PLACEMENT_3D('',#9538,#7455,#7456);
#6657=AXIS2_PLACEMENT_3D('',#9542,#7458,#7459);
#6658=AXIS2_PLACEMENT_3D('',#9546,#7461,#7462);
#6659=AXIS2_PLACEMENT_3D('',#9584,#7482,#7483);
#6660=AXIS2_PLACEMENT_3D('',#9590,#7487,#7488);
#6661=AXIS2_PLACEMENT_3D('',#9594,#7491,#7492);
#6662=AXIS2_PLACEMENT_3D('',#9598,#7495,#7496);
#6663=AXIS2_PLACEMENT_3D('',#9600,#7498,#7499);
#6664=AXIS2_PLACEMENT_3D('',#9606,#7503,#7504);
#6665=AXIS2_PLACEMENT_3D('',#9610,#7507,#7508);
#6666=AXIS2_PLACEMENT_3D('',#9614,#7511,#7512);
#6667=AXIS2_PLACEMENT_3D('',#9618,#7515,#7516);
#6668=AXIS2_PLACEMENT_3D('',#9620,#7518,#7519);
#6669=AXIS2_PLACEMENT_3D('',#9626,#7523,#7524);
#6670=AXIS2_PLACEMENT_3D('',#9630,#7527,#7528);
#6671=AXIS2_PLACEMENT_3D('',#9634,#7531,#7532);
#6672=AXIS2_PLACEMENT_3D('',#9636,#7534,#7535);
#6673=AXIS2_PLACEMENT_3D('',#9642,#7539,#7540);
#6674=AXIS2_PLACEMENT_3D('',#9646,#7543,#7544);
#6675=AXIS2_PLACEMENT_3D('',#9650,#7547,#7548);
#6676=AXIS2_PLACEMENT_3D('',#9654,#7551,#7552);
#6677=AXIS2_PLACEMENT_3D('',#9656,#7554,#7555);
#6678=AXIS2_PLACEMENT_3D('',#9662,#7559,#7560);
#6679=AXIS2_PLACEMENT_3D('',#9665,#7562,#7563);
#6680=AXIS2_PLACEMENT_3D('',#9666,#7564,#7565);
#6681=AXIS2_PLACEMENT_3D('',#9670,#7568,#7569);
#6682=AXIS2_PLACEMENT_3D('',#9676,#7573,#7574);
#6683=AXIS2_PLACEMENT_3D('',#9679,#7576,#7577);
#6684=AXIS2_PLACEMENT_3D('',#9680,#7578,#7579);
#6685=AXIS2_PLACEMENT_3D('',#9684,#7582,#7583);
#6686=AXIS2_PLACEMENT_3D('',#9688,#7585,#7586);
#6687=AXIS2_PLACEMENT_3D('',#9690,#7588,#7589);
#6688=AXIS2_PLACEMENT_3D('',#9703,#7596,#7597);
#6689=AXIS2_PLACEMENT_3D('',#9707,#7600,#7601);
#6690=AXIS2_PLACEMENT_3D('',#9709,#7603,#7604);
#6691=AXIS2_PLACEMENT_3D('',#9711,#7606,#7607);
#6692=AXIS2_PLACEMENT_3D('',#9713,#7609,#7610);
#6693=AXIS2_PLACEMENT_3D('',#9715,#7612,#7613);
#6694=AXIS2_PLACEMENT_3D('',#9717,#7614,#7615);
#6695=AXIS2_PLACEMENT_3D('',#9719,#7617,#7618);
#6696=AXIS2_PLACEMENT_3D('',#9720,#7619,#7620);
#6697=AXIS2_PLACEMENT_3D('',#9726,#7624,#7625);
#6698=AXIS2_PLACEMENT_3D('',#9728,#7626,#7627);
#6699=AXIS2_PLACEMENT_3D('',#9730,#7629,#7630);
#6700=AXIS2_PLACEMENT_3D('',#9733,#7632,#7633);
#6701=AXIS2_PLACEMENT_3D('',#9734,#7634,#7635);
#6702=AXIS2_PLACEMENT_3D('',#9741,#7640,#7641);
#6703=AXIS2_PLACEMENT_3D('',#9743,#7643,#7644);
#6704=AXIS2_PLACEMENT_3D('',#9746,#7646,#7647);
#6705=AXIS2_PLACEMENT_3D('',#9747,#7648,#7649);
#6706=AXIS2_PLACEMENT_3D('',#9749,#7650,#7651);
#6707=AXIS2_PLACEMENT_3D('',#9751,#7653,#7654);
#6708=AXIS2_PLACEMENT_3D('',#9754,#7655,#7656);
#6709=AXIS2_PLACEMENT_3D('',#9758,#7658,#7659);
#6710=AXIS2_PLACEMENT_3D('',#9768,#7664,#7665);
#6711=AXIS2_PLACEMENT_3D('',#9772,#7668,#7669);
#6712=AXIS2_PLACEMENT_3D('',#9776,#7671,#7672);
#6713=AXIS2_PLACEMENT_3D('',#9778,#7674,#7675);
#6714=AXIS2_PLACEMENT_3D('',#9782,#7678,#7679);
#6715=AXIS2_PLACEMENT_3D('',#9785,#7680,#7681);
#6716=AXIS2_PLACEMENT_3D('',#9789,#7683,#7684);
#6717=AXIS2_PLACEMENT_3D('',#9791,#7686,#7687);
#6718=AXIS2_PLACEMENT_3D('',#9797,#7691,#7692);
#6719=AXIS2_PLACEMENT_3D('',#9805,#7696,#7697);
#6720=AXIS2_PLACEMENT_3D('',#9809,#7700,#7701);
#6721=AXIS2_PLACEMENT_3D('',#9813,#7704,#7705);
#6722=AXIS2_PLACEMENT_3D('',#9819,#7708,#7709);
#6723=AXIS2_PLACEMENT_3D('',#9823,#7712,#7713);
#6724=AXIS2_PLACEMENT_3D('',#9825,#7714,#7715);
#6725=AXIS2_PLACEMENT_3D('',#9827,#7717,#7718);
#6726=AXIS2_PLACEMENT_3D('',#9831,#7720,#7721);
#6727=AXIS2_PLACEMENT_3D('',#9834,#7723,#7724);
#6728=AXIS2_PLACEMENT_3D('',#9839,#7726,#7727);
#6729=AXIS2_PLACEMENT_3D('',#9843,#7729,#7730);
#6730=AXIS2_PLACEMENT_3D('',#9847,#7733,#7734);
#6731=AXIS2_PLACEMENT_3D('',#9852,#7738,#7739);
#6732=AXIS2_PLACEMENT_3D('',#9856,#7742,#7743);
#6733=AXIS2_PLACEMENT_3D('',#9858,#7744,#7745);
#6734=AXIS2_PLACEMENT_3D('',#9860,#7747,#7748);
#6735=AXIS2_PLACEMENT_3D('',#9862,#7750,#7751);
#6736=AXIS2_PLACEMENT_3D('',#9864,#7753,#7754);
#6737=AXIS2_PLACEMENT_3D('',#9868,#7756,#7757);
#6738=AXIS2_PLACEMENT_3D('',#9870,#7759,#7760);
#6739=AXIS2_PLACEMENT_3D('',#9874,#7763,#7764);
#6740=AXIS2_PLACEMENT_3D('',#9877,#7766,#7767);
#6741=AXIS2_PLACEMENT_3D('',#9878,#7768,#7769);
#6742=AXIS2_PLACEMENT_3D('',#9881,#7771,#7772);
#6743=AXIS2_PLACEMENT_3D('',#9882,#7773,#7774);
#6744=AXIS2_PLACEMENT_3D('',#9886,#7777,#7778);
#6745=AXIS2_PLACEMENT_3D('',#9888,#7780,#7781);
#6746=AXIS2_PLACEMENT_3D('',#9892,#7784,#7785);
#6747=AXIS2_PLACEMENT_3D('',#9896,#7788,#7789);
#6748=AXIS2_PLACEMENT_3D('',#9898,#7791,#7792);
#6749=AXIS2_PLACEMENT_3D('',#9902,#7795,#7796);
#6750=AXIS2_PLACEMENT_3D('',#9905,#7798,#7799);
#6751=AXIS2_PLACEMENT_3D('',#9906,#7800,#7801);
#6752=AXIS2_PLACEMENT_3D('',#9908,#7803,#7804);
#6753=AXIS2_PLACEMENT_3D('',#9918,#7810,#7811);
#6754=AXIS2_PLACEMENT_3D('',#9920,#7813,#7814);
#6755=AXIS2_PLACEMENT_3D('',#9923,#7815,#7816);
#6756=AXIS2_PLACEMENT_3D('',#9926,#7818,#7819);
#6757=AXIS2_PLACEMENT_3D('',#9934,#7823,#7824);
#6758=AXIS2_PLACEMENT_3D('',#9938,#7827,#7828);
#6759=AXIS2_PLACEMENT_3D('',#9942,#7830,#7831);
#6760=AXIS2_PLACEMENT_3D('',#9944,#7833,#7834);
#6761=AXIS2_PLACEMENT_3D('',#9948,#7837,#7838);
#6762=AXIS2_PLACEMENT_3D('',#9951,#7839,#7840);
#6763=AXIS2_PLACEMENT_3D('',#9955,#7842,#7843);
#6764=AXIS2_PLACEMENT_3D('',#9957,#7845,#7846);
#6765=AXIS2_PLACEMENT_3D('',#9963,#7850,#7851);
#6766=AXIS2_PLACEMENT_3D('',#9964,#7852,#7853);
#6767=AXIS2_PLACEMENT_3D('',#9965,#7854,#7855);
#6768=AXIS2_PLACEMENT_3D('',#9966,#7856,#7857);
#6769=AXIS2_PLACEMENT_3D('',#9969,#7858,#7859);
#6770=AXIS2_PLACEMENT_3D('',#9973,#7861,#7862);
#6771=AXIS2_PLACEMENT_3D('',#9975,#7864,#7865);
#6772=AXIS2_PLACEMENT_3D('',#9984,#7871,#7872);
#6773=AXIS2_PLACEMENT_3D('',#9987,#7875,#7876);
#6774=AXIS2_PLACEMENT_3D('',#9991,#7879,#7880);
#6775=AXIS2_PLACEMENT_3D('',#9994,#7882,#7883);
#6776=AXIS2_PLACEMENT_3D('',#9995,#7884,#7885);
#6777=AXIS2_PLACEMENT_3D('',#9999,#7887,#7888);
#6778=AXIS2_PLACEMENT_3D('',#10001,#7890,#7891);
#6779=AXIS2_PLACEMENT_3D('',#10005,#7894,#7895);
#6780=AXIS2_PLACEMENT_3D('',#10009,#7898,#7899);
#6781=AXIS2_PLACEMENT_3D('',#10012,#7901,#7902);
#6782=AXIS2_PLACEMENT_3D('',#10013,#7903,#7904);
#6783=AXIS2_PLACEMENT_3D('',#10017,#7907,#7908);
#6784=AXIS2_PLACEMENT_3D('',#10020,#7910,#7911);
#6785=AXIS2_PLACEMENT_3D('',#10021,#7912,#7913);
#6786=AXIS2_PLACEMENT_3D('',#10027,#7917,#7918);
#6787=AXIS2_PLACEMENT_3D('',#10031,#7921,#7922);
#6788=AXIS2_PLACEMENT_3D('',#10033,#7924,#7925);
#6789=AXIS2_PLACEMENT_3D('',#10037,#7928,#7929);
#6790=AXIS2_PLACEMENT_3D('',#10038,#7930,#7931);
#6791=AXIS2_PLACEMENT_3D('',#10039,#7932,#7933);
#6792=AXIS2_PLACEMENT_3D('',#10043,#7936,#7937);
#6793=AXIS2_PLACEMENT_3D('',#10047,#7940,#7941);
#6794=AXIS2_PLACEMENT_3D('',#10051,#7944,#7945);
#6795=AXIS2_PLACEMENT_3D('',#10053,#7947,#7948);
#6796=AXIS2_PLACEMENT_3D('',#10063,#7954,#7955);
#6797=AXIS2_PLACEMENT_3D('',#10168,#7958,#7959);
#6798=AXIS2_PLACEMENT_3D('',#10170,#7961,#7962);
#6799=AXIS2_PLACEMENT_3D('',#10209,#7966,#7967);
#6800=AXIS2_PLACEMENT_3D('',#10314,#7970,#7971);
#6801=AXIS2_PLACEMENT_3D('',#10316,#7973,#7974);
#6802=AXIS2_PLACEMENT_3D('',#10358,#7978,#7979);
#6803=AXIS2_PLACEMENT_3D('',#10428,#7982,#7983);
#6804=AXIS2_PLACEMENT_3D('',#10430,#7985,#7986);
#6805=AXIS2_PLACEMENT_3D('',#10536,#7990,#7991);
#6806=AXIS2_PLACEMENT_3D('',#10538,#7993,#7994);
#6807=AXIS2_PLACEMENT_3D('',#10644,#7998,#7999);
#6808=AXIS2_PLACEMENT_3D('',#10646,#8001,#8002);
#6809=AXIS2_PLACEMENT_3D('',#10685,#8006,#8007);
#6810=AXIS2_PLACEMENT_3D('',#10790,#8010,#8011);
#6811=AXIS2_PLACEMENT_3D('',#10792,#8013,#8014);
#6812=AXIS2_PLACEMENT_3D('',#10834,#8018,#8019);
#6813=AXIS2_PLACEMENT_3D('',#10904,#8022,#8023);
#6814=AXIS2_PLACEMENT_3D('',#10906,#8025,#8026);
#6815=AXIS2_PLACEMENT_3D('',#11012,#8030,#8031);
#6816=AXIS2_PLACEMENT_3D('',#11014,#8033,#8034);
#6817=AXIS2_PLACEMENT_3D('',#11017,#8037,#8038);
#6818=AXIS2_PLACEMENT_3D('',#11023,#8042,#8043);
#6819=AXIS2_PLACEMENT_3D('',#11025,#8044,#8045);
#6820=AXIS2_PLACEMENT_3D('',#11027,#8046,#8047);
#6821=AXIS2_PLACEMENT_3D('',#11029,#8049,#8050);
#6822=AXIS2_PLACEMENT_3D('',#11035,#8054,#8055);
#6823=AXIS2_PLACEMENT_3D('',#11036,#8056,#8057);
#6824=AXIS2_PLACEMENT_3D('',#11037,#8058,#8059);
#6825=AXIS2_PLACEMENT_3D('',#11038,#8060,#8061);
#6826=AXIS2_PLACEMENT_3D('',#11039,#8062,#8063);
#6827=AXIS2_PLACEMENT_3D('',#11041,#8064,#8065);
#6828=AXIS2_PLACEMENT_3D('',#11043,#8066,#8067);
#6829=AXIS2_PLACEMENT_3D('',#11045,#8069,#8070);
#6830=AXIS2_PLACEMENT_3D('',#11051,#8074,#8075);
#6831=AXIS2_PLACEMENT_3D('',#11053,#8076,#8077);
#6832=AXIS2_PLACEMENT_3D('',#11055,#8078,#8079);
#6833=AXIS2_PLACEMENT_3D('',#11057,#8081,#8082);
#6834=AXIS2_PLACEMENT_3D('',#11062,#8086,#8087);
#6835=AXIS2_PLACEMENT_3D('',#11063,#8088,#8089);
#6836=AXIS2_PLACEMENT_3D('',#11064,#8090,#8091);
#6837=AXIS2_PLACEMENT_3D('',#11070,#8095,#8096);
#6838=AXIS2_PLACEMENT_3D('',#11072,#8097,#8098);
#6839=AXIS2_PLACEMENT_3D('',#11074,#8099,#8100);
#6840=AXIS2_PLACEMENT_3D('',#11076,#8102,#8103);
#6841=AXIS2_PLACEMENT_3D('',#11082,#8107,#8108);
#6842=AXIS2_PLACEMENT_3D('',#11083,#8109,#8110);
#6843=AXIS2_PLACEMENT_3D('',#11084,#8111,#8112);
#6844=AXIS2_PLACEMENT_3D('',#11085,#8113,#8114);
#6845=AXIS2_PLACEMENT_3D('',#11086,#8115,#8116);
#6846=AXIS2_PLACEMENT_3D('',#11088,#8117,#8118);
#6847=AXIS2_PLACEMENT_3D('',#11090,#8119,#8120);
#6848=AXIS2_PLACEMENT_3D('',#11092,#8122,#8123);
#6849=AXIS2_PLACEMENT_3D('',#11098,#8127,#8128);
#6850=AXIS2_PLACEMENT_3D('',#11099,#8129,#8130);
#6851=AXIS2_PLACEMENT_3D('',#11100,#8131,#8132);
#6852=AXIS2_PLACEMENT_3D('',#11101,#8133,#8134);
#6853=AXIS2_PLACEMENT_3D('',#11287,#8135,#8136);
#6854=AXIS2_PLACEMENT_3D('',#11296,#8137,#8138);
#6855=AXIS2_PLACEMENT_3D('',#11299,#8139,#8140);
#6856=AXIS2_PLACEMENT_3D('',#11493,#8143,#8144);
#6857=AXIS2_PLACEMENT_3D('',#11506,#8146,#8147);
#6858=AXIS2_PLACEMENT_3D('',#11552,#8149,#8150);
#6859=AXIS2_PLACEMENT_3D('',#11567,#8151,#8152);
#6860=AXIS2_PLACEMENT_3D('',#11570,#8153,#8154);
#6861=AXIS2_PLACEMENT_3D('',#11623,#8157,#8158);
#6862=AXIS2_PLACEMENT_3D('',#11640,#8159,#8160);
#6863=AXIS2_PLACEMENT_3D('',#11836,#8163,#8164);
#6864=AXIS2_PLACEMENT_3D('',#11845,#8165,#8166);
#6865=AXIS2_PLACEMENT_3D('',#11848,#8167,#8168);
#6866=AXIS2_PLACEMENT_3D('',#12033,#8171,#8172);
#6867=AXIS2_PLACEMENT_3D('',#12045,#8174,#8175);
#6868=AXIS2_PLACEMENT_3D('',#12091,#8177,#8178);
#6869=AXIS2_PLACEMENT_3D('',#12156,#8179,#8180);
#6870=AXIS2_PLACEMENT_3D('',#12167,#8181,#8182);
#6871=AXIS2_PLACEMENT_3D('',#12176,#8183,#8184);
#6872=AXIS2_PLACEMENT_3D('',#12187,#8187,#8188);
#6873=AXIS2_PLACEMENT_3D('',#12462,#8191,#8192);
#6874=AXIS2_PLACEMENT_3D('',#12546,#8196,#8197);
#6875=AXIS2_PLACEMENT_3D('',#12633,#8200,#8201);
#6876=AXIS2_PLACEMENT_3D('',#12664,#8204,#8205);
#6877=AXIS2_PLACEMENT_3D('',#12695,#8208,#8209);
#6878=AXIS2_PLACEMENT_3D('',#12696,#8210,#8211);
#6879=AXIS2_PLACEMENT_3D('',#12727,#8214,#8215);
#6880=AXIS2_PLACEMENT_3D('',#12810,#8218,#8219);
#6881=AXIS2_PLACEMENT_3D('',#12897,#8222,#8223);
#6882=AXIS2_PLACEMENT_3D('',#13102,#8225,#8226);
#6883=AXIS2_PLACEMENT_3D('',#13149,#8227,#8228);
#6884=AXIS2_PLACEMENT_3D('',#13158,#8229,#8230);
#6885=AXIS2_PLACEMENT_3D('',#13161,#8231,#8232);
#6886=AXIS2_PLACEMENT_3D('',#13190,#8235,#8236);
#6887=AXIS2_PLACEMENT_3D('',#13392,#8237,#8238);
#6888=AXIS2_PLACEMENT_3D('',#13465,#8240,#8241);
#6889=AXIS2_PLACEMENT_3D('',#13517,#8243,#8244);
#6890=AXIS2_PLACEMENT_3D('',#13534,#8245,#8246);
#6891=AXIS2_PLACEMENT_3D('',#13537,#8247,#8248);
#6892=AXIS2_PLACEMENT_3D('',#13590,#8251,#8252);
#6893=AXIS2_PLACEMENT_3D('',#13607,#8253,#8254);
#6894=AXIS2_PLACEMENT_3D('',#13853,#8257,#8258);
#6895=AXIS2_PLACEMENT_3D('',#13900,#8259,#8260);
#6896=AXIS2_PLACEMENT_3D('',#13909,#8261,#8262);
#6897=AXIS2_PLACEMENT_3D('',#13912,#8263,#8264);
#6898=AXIS2_PLACEMENT_3D('',#13941,#8267,#8268);
#6899=AXIS2_PLACEMENT_3D('',#14134,#8269,#8270);
#6900=AXIS2_PLACEMENT_3D('',#14206,#8272,#8273);
#6901=AXIS2_PLACEMENT_3D('',#14258,#8275,#8276);
#6902=AXIS2_PLACEMENT_3D('',#14325,#8277,#8278);
#6903=AXIS2_PLACEMENT_3D('',#14336,#8279,#8280);
#6904=AXIS2_PLACEMENT_3D('',#14345,#8281,#8282);
#6905=AXIS2_PLACEMENT_3D('',#14416,#8285,#8286);
#6906=AXIS2_PLACEMENT_3D('',#14579,#8289,#8290);
#6907=AXIS2_PLACEMENT_3D('',#14633,#8296,#8297);
#6908=AXIS2_PLACEMENT_3D('',#14686,#8302,#8303);
#6909=AXIS2_PLACEMENT_3D('',#14695,#8306,#8307);
#6910=AXIS2_PLACEMENT_3D('',#14704,#8310,#8311);
#6911=AXIS2_PLACEMENT_3D('',#14705,#8312,#8313);
#6912=AXIS2_PLACEMENT_3D('',#14714,#8316,#8317);
#6913=AXIS2_PLACEMENT_3D('',#14767,#8322,#8323);
#6914=AXIS2_PLACEMENT_3D('',#14820,#8328,#8329);
#6915=DIRECTION('axis',(0.,0.,1.));
#6916=DIRECTION('refdir',(1.,0.,0.));
#6917=DIRECTION('center_axis',(0.,-0.0149237109735,-0.999888635224333));
#6918=DIRECTION('ref_axis',(1.,0.,0.));
#6919=DIRECTION('',(-1.,0.,0.));
#6920=DIRECTION('',(0.,-0.999888635224333,0.0149237109735));
#6921=DIRECTION('',(1.,0.,0.));
#6922=DIRECTION('',(0.,-0.999888635224333,0.0149237109735));
#6923=DIRECTION('center_axis',(-1.,0.,0.));
#6924=DIRECTION('ref_axis',(0.,-0.0149237109734832,-0.999888635224333));
#6925=DIRECTION('',(0.,0.0149237109734972,0.999888635224333));
#6926=DIRECTION('',(0.,-0.0149237109734832,-0.999888635224333));
#6927=DIRECTION('',(0.,-0.999888635224333,0.0149237109735));
#6928=DIRECTION('center_axis',(0.,0.0149237109735,0.999888635224333));
#6929=DIRECTION('ref_axis',(-1.,0.,0.));
#6930=DIRECTION('',(1.,0.,0.));
#6931=DIRECTION('',(-1.,0.,0.));
#6932=DIRECTION('',(0.,-0.999888635224333,0.0149237109735));
#6933=DIRECTION('center_axis',(1.,0.,0.));
#6934=DIRECTION('ref_axis',(0.,0.0149237109734832,0.999888635224333));
#6935=DIRECTION('',(0.,-0.0149237109734972,-0.999888635224333));
#6936=DIRECTION('',(0.,0.0149237109734832,0.999888635224333));
#6937=DIRECTION('',(0.,-0.999888635224333,0.0149237109735));
#6938=DIRECTION('center_axis',(0.,-0.0149237109735,-0.999888635224333));
#6939=DIRECTION('ref_axis',(1.,0.,0.));
#6940=DIRECTION('',(-1.,0.,0.));
#6941=DIRECTION('',(1.,0.,0.));
#6942=DIRECTION('',(0.,-0.999888635224333,0.0149237109735));
#6943=DIRECTION('center_axis',(1.,0.,0.));
#6944=DIRECTION('ref_axis',(0.,0.0149237109734982,0.999888635224333));
#6945=DIRECTION('',(0.,-0.0149237109734972,-0.999888635224333));
#6946=DIRECTION('',(0.,0.0149237109734982,0.999888635224333));
#6947=DIRECTION('',(0.,-0.999888635224333,0.0149237109735));
#6948=DIRECTION('center_axis',(0.,-0.0149237109735,-0.999888635224333));
#6949=DIRECTION('ref_axis',(1.,0.,0.));
#6950=DIRECTION('',(-1.,0.,0.));
#6951=DIRECTION('',(1.,0.,0.));
#6952=DIRECTION('',(0.,-0.999888635224333,0.0149237109735));
#6953=DIRECTION('center_axis',(-1.,0.,0.));
#6954=DIRECTION('ref_axis',(0.,-0.0149237109734982,-0.999888635224333));
#6955=DIRECTION('',(0.,0.0149237109734972,0.999888635224333));
#6956=DIRECTION('',(0.,-0.0149237109734982,-0.999888635224333));
#6957=DIRECTION('center_axis',(0.,-0.999888635224333,0.0149237109735));
#6958=DIRECTION('ref_axis',(0.,-0.0149237109735,-0.999888635224333));
#6959=DIRECTION('center_axis',(0.,0.0149237109735,0.999888635224333));
#6960=DIRECTION('ref_axis',(-1.,0.,0.));
#6961=DIRECTION('',(1.,0.,0.));
#6962=DIRECTION('',(0.,-0.999888635224333,0.0149237109735));
#6963=DIRECTION('',(-1.,0.,0.));
#6964=DIRECTION('',(0.,-0.999888635224333,0.0149237109735));
#6965=DIRECTION('center_axis',(1.,0.,0.));
#6966=DIRECTION('ref_axis',(0.,0.0149237109734832,0.999888635224333));
#6967=DIRECTION('',(0.,-0.0149237109734972,-0.999888635224333));
#6968=DIRECTION('',(0.,0.0149237109734832,0.999888635224333));
#6969=DIRECTION('',(0.,-0.999888635224333,0.0149237109735));
#6970=DIRECTION('center_axis',(0.,-0.0149237109735,-0.999888635224333));
#6971=DIRECTION('ref_axis',(1.,0.,0.));
#6972=DIRECTION('',(-1.,0.,0.));
#6973=DIRECTION('',(1.,0.,0.));
#6974=DIRECTION('',(0.,-0.999888635224333,0.0149237109735));
#6975=DIRECTION('center_axis',(1.,0.,0.));
#6976=DIRECTION('ref_axis',(0.,0.0149237109734978,0.999888635224333));
#6977=DIRECTION('',(0.,-0.0149237109734972,-0.999888635224333));
#6978=DIRECTION('',(0.,0.0149237109734978,0.999888635224333));
#6979=DIRECTION('',(0.,-0.999888635224333,0.0149237109735));
#6980=DIRECTION('center_axis',(0.,0.0149237109735,0.999888635224333));
#6981=DIRECTION('ref_axis',(-1.,0.,0.));
#6982=DIRECTION('',(1.,0.,0.));
#6983=DIRECTION('',(-1.,0.,0.));
#6984=DIRECTION('',(0.,-0.999888635224333,0.0149237109735));
#6985=DIRECTION('center_axis',(1.,0.,0.));
#6986=DIRECTION('ref_axis',(0.,0.0149237109734999,0.999888635224333));
#6987=DIRECTION('',(0.,-0.0149237109734972,-0.999888635224333));
#6988=DIRECTION('',(0.,0.0149237109734999,0.999888635224333));
#6989=DIRECTION('',(0.,-0.999888635224333,0.0149237109735));
#6990=DIRECTION('center_axis',(0.,-0.0149237109735,-0.999888635224333));
#6991=DIRECTION('ref_axis',(1.,0.,0.));
#6992=DIRECTION('',(-1.,0.,0.));
#6993=DIRECTION('',(1.,0.,0.));
#6994=DIRECTION('',(0.,-0.999888635224333,0.0149237109735));
#6995=DIRECTION('center_axis',(1.,0.,0.));
#6996=DIRECTION('ref_axis',(0.,0.0149237109734974,0.999888635224333));
#6997=DIRECTION('',(0.,-0.0149237109734972,-0.999888635224333));
#6998=DIRECTION('',(0.,0.0149237109734974,0.999888635224333));
#6999=DIRECTION('',(0.,-0.999888635224333,0.0149237109735));
#7000=DIRECTION('center_axis',(0.,0.0149237109735,0.999888635224333));
#7001=DIRECTION('ref_axis',(-1.,0.,0.));
#7002=DIRECTION('',(1.,0.,0.));
#7003=DIRECTION('',(-1.,0.,0.));
#7004=DIRECTION('',(0.,-0.999888635224333,0.0149237109735));
#7005=DIRECTION('center_axis',(1.,0.,0.));
#7006=DIRECTION('ref_axis',(0.,0.0149237109734999,0.999888635224333));
#7007=DIRECTION('',(0.,-0.0149237109734972,-0.999888635224333));
#7008=DIRECTION('',(0.,0.0149237109734999,0.999888635224333));
#7009=DIRECTION('',(0.,-0.999888635224333,0.0149237109735));
#7010=DIRECTION('center_axis',(0.,-0.0149237109735,-0.999888635224333));
#7011=DIRECTION('ref_axis',(1.,0.,0.));
#7012=DIRECTION('',(-1.,0.,0.));
#7013=DIRECTION('',(1.,0.,0.));
#7014=DIRECTION('',(0.,-0.999888635224333,0.0149237109735));
#7015=DIRECTION('center_axis',(-1.,0.,0.));
#7016=DIRECTION('ref_axis',(0.,-0.0149237109734965,-0.999888635224333));
#7017=DIRECTION('',(0.,0.0149237109734972,0.999888635224333));
#7018=DIRECTION('',(0.,-0.0149237109734965,-0.999888635224333));
#7019=DIRECTION('center_axis',(0.,-0.999888635224333,0.0149237109735));
#7020=DIRECTION('ref_axis',(0.,-0.0149237109735,-0.999888635224333));
#7021=DIRECTION('center_axis',(0.,0.0149237109735,0.999888635224333));
#7022=DIRECTION('ref_axis',(-1.,0.,0.));
#7023=DIRECTION('',(1.,0.,0.));
#7024=DIRECTION('',(0.,-0.999888635224333,0.0149237109735));
#7025=DIRECTION('',(-1.,0.,0.));
#7026=DIRECTION('',(0.,-0.999888635224333,0.0149237109735));
#7027=DIRECTION('center_axis',(1.,0.,0.));
#7028=DIRECTION('ref_axis',(0.,0.0149237109734832,0.999888635224333));
#7029=DIRECTION('',(0.,-0.0149237109734972,-0.999888635224333));
#7030=DIRECTION('',(0.,0.0149237109734832,0.999888635224333));
#7031=DIRECTION('',(0.,-0.999888635224333,0.0149237109735));
#7032=DIRECTION('center_axis',(0.,-0.0149237109735,-0.999888635224333));
#7033=DIRECTION('ref_axis',(1.,0.,0.));
#7034=DIRECTION('',(-1.,0.,0.));
#7035=DIRECTION('',(1.,0.,0.));
#7036=DIRECTION('',(0.,-0.999888635224333,0.0149237109735));
#7037=DIRECTION('center_axis',(1.,0.,0.));
#7038=DIRECTION('ref_axis',(0.,0.0149237109734999,0.999888635224333));
#7039=DIRECTION('',(0.,-0.0149237109734972,-0.999888635224333));
#7040=DIRECTION('',(0.,0.0149237109734999,0.999888635224333));
#7041=DIRECTION('',(0.,-0.999888635224333,0.0149237109735));
#7042=DIRECTION('center_axis',(0.,0.0149237109735,0.999888635224333));
#7043=DIRECTION('ref_axis',(-1.,0.,0.));
#7044=DIRECTION('',(1.,0.,0.));
#7045=DIRECTION('',(-1.,0.,0.));
#7046=DIRECTION('',(0.,-0.999888635224333,0.0149237109735));
#7047=DIRECTION('center_axis',(1.,0.,0.));
#7048=DIRECTION('ref_axis',(0.,0.0149237109734999,0.999888635224333));
#7049=DIRECTION('',(0.,-0.0149237109734972,-0.999888635224333));
#7050=DIRECTION('',(0.,0.0149237109734999,0.999888635224333));
#7051=DIRECTION('',(0.,-0.999888635224333,0.0149237109735));
#7052=DIRECTION('center_axis',(0.,-0.0149237109735,-0.999888635224333));
#7053=DIRECTION('ref_axis',(1.,0.,0.));
#7054=DIRECTION('',(-1.,0.,0.));
#7055=DIRECTION('',(1.,0.,0.));
#7056=DIRECTION('',(0.,-0.999888635224333,0.0149237109735));
#7057=DIRECTION('center_axis',(1.,0.,0.));
#7058=DIRECTION('ref_axis',(0.,0.0149237109734967,0.999888635224333));
#7059=DIRECTION('',(0.,-0.0149237109734972,-0.999888635224333));
#7060=DIRECTION('',(0.,0.0149237109734967,0.999888635224333));
#7061=DIRECTION('',(0.,-0.999888635224333,0.0149237109735));
#7062=DIRECTION('center_axis',(0.,-0.0149237109735,-0.999888635224333));
#7063=DIRECTION('ref_axis',(1.,0.,0.));
#7064=DIRECTION('',(-1.,0.,0.));
#7065=DIRECTION('',(1.,0.,0.));
#7066=DIRECTION('',(0.,-0.999888635224333,0.0149237109735));
#7067=DIRECTION('center_axis',(-1.,0.,0.));
#7068=DIRECTION('ref_axis',(0.,-0.0149237109734965,-0.999888635224333));
#7069=DIRECTION('',(0.,0.0149237109734972,0.999888635224333));
#7070=DIRECTION('',(0.,-0.0149237109734965,-0.999888635224333));
#7071=DIRECTION('center_axis',(0.,-0.999888635224333,0.0149237109735));
#7072=DIRECTION('ref_axis',(0.,-0.0149237109735,-0.999888635224333));
#7073=DIRECTION('',(0.,-0.999888635224333,0.0149237109735));
#7074=DIRECTION('',(0.,-0.999888635224333,0.0149237109735));
#7075=DIRECTION('',(0.,-0.999888635224333,0.0149237109735));
#7076=DIRECTION('',(0.,-0.999888635224333,0.0149237109735));
#7077=DIRECTION('',(0.,-0.999888635224333,0.0149237109735));
#7078=DIRECTION('',(0.,-0.999888635224333,0.0149237109735));
#7079=DIRECTION('',(0.,-0.999888635224333,0.0149237109735));
#7080=DIRECTION('',(0.,-0.999888635224333,0.0149237109735));
#7081=DIRECTION('center_axis',(0.0780742057599657,-0.0148781570990041,-0.996836525633109));
#7082=DIRECTION('ref_axis',(0.996947550473419,0.00116515688125102,0.0780655110435559));
#7083=DIRECTION('',(-0.996947550473419,-0.00116515688124708,-0.0780655110435559));
#7084=DIRECTION('',(0.996947550473419,0.00116515688125102,0.0780655110435559));
#7085=DIRECTION('',(0.,-0.999888635224333,0.0149237109735));
#7086=DIRECTION('',(0.,-0.999888635224333,0.0149237109735));
#7087=DIRECTION('',(0.,-0.999888635224333,0.0149237109735));
#7088=DIRECTION('',(0.,-0.999888635224333,0.0149237109735));
#7089=DIRECTION('',(0.,-0.999888635224333,0.0149237109735));
#7090=DIRECTION('',(0.,-0.999888635224333,0.0149237109735));
#7091=DIRECTION('',(0.,-0.999888635224333,0.0149237109735));
#7092=DIRECTION('',(0.,-0.999888635224333,0.0149237109735));
#7093=DIRECTION('center_axis',(-0.0850564988837563,0.0148696293817482,0.996265168576964));
#7094=DIRECTION('ref_axis',(-0.996376129781137,-0.00126935860576061,-0.085047026585839));
#7095=DIRECTION('',(0.996376129781137,0.00126935860575877,0.0850470265858391));
#7096=DIRECTION('',(-0.996376129781137,-0.00126935860576061,-0.085047026585839));
#7097=DIRECTION('center_axis',(-2.30532861966921E-15,0.999888635224333,
-0.0149237109734987));
#7098=DIRECTION('ref_axis',(0.,0.0149237109734987,0.999888635224333));
#7099=DIRECTION('',(0.,-0.999888635224333,0.0149237109735));
#7100=DIRECTION('',(0.,-0.999888635224333,0.0149237109735));
#7101=DIRECTION('',(0.,-0.999888635224333,0.0149237109735));
#7102=DIRECTION('',(0.,-0.999888635224333,0.0149237109735));
#7103=DIRECTION('',(0.,-0.999888635224333,0.0149237109735));
#7104=DIRECTION('',(0.,-0.999888635224333,0.0149237109735));
#7105=DIRECTION('',(0.,-0.999888635224333,0.0149237109735));
#7106=DIRECTION('',(0.,-0.999888635224333,0.0149237109735));
#7107=DIRECTION('center_axis',(-1.82839854367956E-15,-0.999888635224333,
0.0149237109734972));
#7108=DIRECTION('ref_axis',(0.,-0.0149237109734972,-0.999888635224333));
#7109=DIRECTION('',(0.,-0.999888635224333,0.0149237109735));
#7110=DIRECTION('',(0.,-0.999888635224333,0.0149237109735));
#7111=DIRECTION('',(0.,-0.999888635224333,0.0149237109735));
#7112=DIRECTION('',(0.,-0.999888635224333,0.0149237109735));
#7113=DIRECTION('',(0.,-0.999888635224333,0.0149237109735));
#7114=DIRECTION('',(0.,-0.999888635224333,0.0149237109735));
#7115=DIRECTION('',(0.,-0.999888635224333,0.0149237109735));
#7116=DIRECTION('',(0.,-0.999888635224333,0.0149237109735));
#7117=DIRECTION('center_axis',(-1.93595139919012E-15,-0.999888635224333,
0.0149237109734973));
#7118=DIRECTION('ref_axis',(0.,-0.0149237109734973,-0.999888635224333));
#7119=DIRECTION('center_axis',(0.,0.0149237109735,0.999888635224333));
#7120=DIRECTION('ref_axis',(-1.,0.,0.));
#7121=DIRECTION('',(1.,0.,0.));
#7122=DIRECTION('',(0.,-0.999888635224333,0.0149237109735));
#7123=DIRECTION('',(-1.,0.,0.));
#7124=DIRECTION('',(0.,-0.999888635224333,0.0149237109735));
#7125=DIRECTION('center_axis',(1.,0.,0.));
#7126=DIRECTION('ref_axis',(0.,0.014923710973496,0.999888635224333));
#7127=DIRECTION('',(0.,-0.0149237109734972,-0.999888635224333));
#7128=DIRECTION('',(0.,0.014923710973496,0.999888635224333));
#7129=DIRECTION('',(0.,-0.999888635224333,0.0149237109735));
#7130=DIRECTION('center_axis',(0.,0.0149237109735,0.999888635224333));
#7131=DIRECTION('ref_axis',(-1.,0.,0.));
#7132=DIRECTION('',(1.,0.,0.));
#7133=DIRECTION('',(-1.,0.,0.));
#7134=DIRECTION('',(0.,-0.999888635224333,0.0149237109735));
#7135=DIRECTION('center_axis',(1.,0.,0.));
#7136=DIRECTION('ref_axis',(0.,0.0149237109734999,0.999888635224333));
#7137=DIRECTION('',(0.,-0.0149237109734972,-0.999888635224333));
#7138=DIRECTION('',(0.,0.0149237109734999,0.999888635224333));
#7139=DIRECTION('',(0.,-0.999888635224333,0.0149237109735));
#7140=DIRECTION('center_axis',(0.,-0.0149237109735,-0.999888635224333));
#7141=DIRECTION('ref_axis',(1.,0.,0.));
#7142=DIRECTION('',(-1.,0.,0.));
#7143=DIRECTION('',(1.,0.,0.));
#7144=DIRECTION('',(0.,-0.999888635224333,0.0149237109735));
#7145=DIRECTION('center_axis',(-1.,0.,0.));
#7146=DIRECTION('ref_axis',(0.,-0.0149237109734965,-0.999888635224333));
#7147=DIRECTION('',(0.,0.0149237109734972,0.999888635224333));
#7148=DIRECTION('',(0.,-0.0149237109734965,-0.999888635224333));
#7149=DIRECTION('center_axis',(0.,-0.999888635224333,0.0149237109735));
#7150=DIRECTION('ref_axis',(0.,-0.0149237109735,-0.999888635224333));
#7151=DIRECTION('center_axis',(0.,0.999888635224333,-0.0149237109734972));
#7152=DIRECTION('ref_axis',(0.,0.0149237109734972,0.999888635224333));
#7153=DIRECTION('',(-1.,0.,0.));
#7154=DIRECTION('',(0.0173565627694208,-0.0149214629181888,-0.999738015518672));
#7155=DIRECTION('center_axis',(0.,0.999888635224333,-0.0149237109734972));
#7156=DIRECTION('ref_axis',(0.,0.0149237109734972,0.999888635224333));
#7157=DIRECTION('',(1.,0.,0.));
#7158=DIRECTION('center_axis',(0.,0.999888635224333,-0.0149237109734972));
#7159=DIRECTION('ref_axis',(-2.40405898039608E-15,0.0149237109734972,0.999888635224333));
#7160=DIRECTION('',(0.0173565627694208,0.0149214629181888,0.999738015518672));
#7161=DIRECTION('',(-0.0173565627694208,0.0149214629181888,0.999738015518672));
#7162=DIRECTION('',(1.,0.,0.));
#7163=DIRECTION('',(-0.0173565627694214,-0.0149214629181888,-0.999738015518672));
#7164=DIRECTION('center_axis',(0.,-0.999888635224333,0.0149237109734972));
#7165=DIRECTION('ref_axis',(1.22566246538412E-14,-0.0149237109734972,-0.999888635224333));
#7166=DIRECTION('',(-1.,0.,0.));
#7167=DIRECTION('center_axis',(0.,-0.999888635224333,0.0149237109734972));
#7168=DIRECTION('ref_axis',(0.,-0.0149237109734972,-0.999888635224333));
#7169=DIRECTION('center_axis',(0.,0.999888635224333,-0.0149237109734972));
#7170=DIRECTION('ref_axis',(0.,0.0149237109734972,0.999888635224333));
#7171=DIRECTION('center_axis',(0.,-1.,0.));
#7172=DIRECTION('ref_axis',(0.707106781186535,0.,0.70710678118656));
#7173=DIRECTION('center_axis',(0.837166200015888,0.546948584010378,0.));
#7174=DIRECTION('ref_axis',(0.546948584010378,-0.837166200015888,3.7952181953403E-17));
#7175=DIRECTION('',(0.,-1.,0.));
#7176=DIRECTION('center_axis',(0.837166200015887,-0.54694858401038,0.));
#7177=DIRECTION('ref_axis',(0.54694858401038,0.837166200015887,3.79521819534032E-17));
#7178=DIRECTION('',(0.,1.,0.));
#7179=DIRECTION('center_axis',(0.,0.,-1.));
#7180=DIRECTION('ref_axis',(1.,0.,0.));
#7181=DIRECTION('',(0.546948584010378,-0.837166200015888,0.));
#7182=DIRECTION('',(0.,1.,0.));
#7183=DIRECTION('',(-0.54694858401038,-0.837166200015887,0.));
#7184=DIRECTION('center_axis',(0.,1.,0.));
#7185=DIRECTION('ref_axis',(-0.70710678118656,0.,0.707106781186535));
#7186=DIRECTION('center_axis',(0.837166200015887,-0.54694858401038,0.));
#7187=DIRECTION('ref_axis',(-0.54694858401038,-0.837166200015887,-3.79521819534032E-17));
#7188=DIRECTION('center_axis',(0.837166200015888,0.546948584010378,0.));
#7189=DIRECTION('ref_axis',(-0.546948584010378,0.837166200015888,-3.7952181953403E-17));
#7190=DIRECTION('',(0.,-1.,0.));
#7191=DIRECTION('center_axis',(0.,1.,0.));
#7192=DIRECTION('ref_axis',(-0.707106781186546,0.,-0.707106781186549));
#7193=DIRECTION('center_axis',(0.837166200015887,-0.54694858401038,0.));
#7194=DIRECTION('ref_axis',(-0.54694858401038,-0.837166200015887,-3.79521819534032E-17));
#7195=DIRECTION('',(0.,1.,0.));
#7196=DIRECTION('center_axis',(0.837166200015888,0.546948584010378,0.));
#7197=DIRECTION('ref_axis',(-0.546948584010378,0.837166200015888,7.59043639068061E-17));
#7198=DIRECTION('',(0.,-1.,0.));
#7199=DIRECTION('center_axis',(1.,0.,0.));
#7200=DIRECTION('ref_axis',(0.,0.,1.));
#7201=DIRECTION('',(0.,0.,1.));
#7202=DIRECTION('',(0.,0.,-1.));
#7203=DIRECTION('center_axis',(0.,1.,0.));
#7204=DIRECTION('ref_axis',(-1.,0.,0.));
#7205=DIRECTION('',(1.,0.,0.));
#7206=DIRECTION('',(0.,0.,1.));
#7207=DIRECTION('',(-1.,0.,0.));
#7208=DIRECTION('',(0.,0.,1.));
#7209=DIRECTION('center_axis',(1.,-1.2335811384724E-16,0.));
#7210=DIRECTION('ref_axis',(1.2335811384724E-16,1.,0.));
#7211=DIRECTION('',(-1.2335811384724E-16,-1.,0.));
#7212=DIRECTION('',(1.2335811384724E-16,1.,0.));
#7213=DIRECTION('',(0.,0.,1.));
#7214=DIRECTION('center_axis',(3.22973970800046E-15,-1.,0.));
#7215=DIRECTION('ref_axis',(1.,3.22973970800045E-15,0.));
#7216=DIRECTION('',(-1.,-3.22973970800045E-15,0.));
#7217=DIRECTION('',(1.,3.22973970800045E-15,0.));
#7218=DIRECTION('',(0.,0.,1.));
#7219=DIRECTION('center_axis',(-1.,2.87835598976892E-16,0.));
#7220=DIRECTION('ref_axis',(-2.87835598976892E-16,-1.,0.));
#7221=DIRECTION('',(2.87835598976892E-16,1.,0.));
#7222=DIRECTION('',(-2.87835598976892E-16,-1.,0.));
#7223=DIRECTION('center_axis',(0.,-1.,0.));
#7224=DIRECTION('ref_axis',(1.,0.,0.));
#7225=DIRECTION('',(-1.,0.,0.));
#7226=DIRECTION('',(0.,0.,1.));
#7227=DIRECTION('',(1.,0.,0.));
#7228=DIRECTION('',(0.,0.,1.));
#7229=DIRECTION('center_axis',(1.,0.,0.));
#7230=DIRECTION('ref_axis',(0.,1.,0.));
#7231=DIRECTION('',(0.,-1.,0.));
#7232=DIRECTION('',(0.,0.,1.));
#7233=DIRECTION('',(0.,1.,0.));
#7234=DIRECTION('center_axis',(0.851658316704544,0.524097425664334,0.));
#7235=DIRECTION('ref_axis',(-0.524097425664334,0.851658316704544,0.));
#7236=DIRECTION('',(0.524097425664334,-0.851658316704544,0.));
#7237=DIRECTION('',(0.,0.,1.));
#7238=DIRECTION('',(-0.524097425664334,0.851658316704544,0.));
#7239=DIRECTION('center_axis',(0.,1.,0.));
#7240=DIRECTION('ref_axis',(-1.,0.,0.));
#7241=DIRECTION('',(1.,0.,0.));
#7242=DIRECTION('',(0.,0.,1.));
#7243=DIRECTION('',(-1.,0.,0.));
#7244=DIRECTION('center_axis',(-1.,1.80036166155431E-16,0.));
#7245=DIRECTION('ref_axis',(-1.80036166155431E-16,-1.,0.));
#7246=DIRECTION('',(1.80036166155431E-16,1.,0.));
#7247=DIRECTION('',(-1.80036166155431E-16,-1.,0.));
#7248=DIRECTION('center_axis',(0.,1.,0.));
#7249=DIRECTION('ref_axis',(-1.,0.,0.));
#7250=DIRECTION('',(-1.,0.,0.));
#7251=DIRECTION('',(0.,0.,1.));
#7252=DIRECTION('',(1.,0.,0.));
#7253=DIRECTION('',(0.,0.,1.));
#7254=DIRECTION('center_axis',(-1.,-1.2335811384724E-16,0.));
#7255=DIRECTION('ref_axis',(1.2335811384724E-16,-1.,0.));
#7256=DIRECTION('',(1.2335811384724E-16,-1.,0.));
#7257=DIRECTION('',(0.,0.,1.));
#7258=DIRECTION('',(-1.2335811384724E-16,1.,0.));
#7259=DIRECTION('center_axis',(-3.22973970800046E-15,-1.,0.));
#7260=DIRECTION('ref_axis',(1.,-3.22973970800045E-15,0.));
#7261=DIRECTION('',(1.,-3.22973970800045E-15,0.));
#7262=DIRECTION('',(0.,0.,1.));
#7263=DIRECTION('',(-1.,3.22973970800045E-15,0.));
#7264=DIRECTION('center_axis',(1.,2.87835598976892E-16,0.));
#7265=DIRECTION('ref_axis',(-2.87835598976892E-16,1.,0.));
#7266=DIRECTION('',(-2.87835598976892E-16,1.,0.));
#7267=DIRECTION('',(2.87835598976892E-16,-1.,0.));
#7268=DIRECTION('center_axis',(0.,-1.,0.));
#7269=DIRECTION('ref_axis',(1.,0.,0.));
#7270=DIRECTION('',(1.,0.,0.));
#7271=DIRECTION('',(0.,0.,1.));
#7272=DIRECTION('',(-1.,0.,0.));
#7273=DIRECTION('',(0.,0.,1.));
#7274=DIRECTION('center_axis',(-1.,0.,0.));
#7275=DIRECTION('ref_axis',(0.,-1.,0.));
#7276=DIRECTION('',(0.,-1.,0.));
#7277=DIRECTION('',(0.,1.,0.));
#7278=DIRECTION('',(0.,0.,1.));
#7279=DIRECTION('center_axis',(-0.851658316704544,0.524097425664334,0.));
#7280=DIRECTION('ref_axis',(-0.524097425664334,-0.851658316704544,0.));
#7281=DIRECTION('',(-0.524097425664334,-0.851658316704544,0.));
#7282=DIRECTION('',(0.524097425664334,0.851658316704544,0.));
#7283=DIRECTION('',(0.,0.,1.));
#7284=DIRECTION('center_axis',(0.,1.,0.));
#7285=DIRECTION('ref_axis',(-1.,0.,0.));
#7286=DIRECTION('',(-1.,0.,0.));
#7287=DIRECTION('',(1.,0.,0.));
#7288=DIRECTION('',(0.,0.,1.));
#7289=DIRECTION('center_axis',(1.,1.80036166155431E-16,0.));
#7290=DIRECTION('ref_axis',(-1.80036166155431E-16,1.,0.));
#7291=DIRECTION('',(-1.80036166155431E-16,1.,0.));
#7292=DIRECTION('',(1.80036166155431E-16,-1.,0.));
#7293=DIRECTION('center_axis',(2.60285620217677E-15,1.,0.));
#7294=DIRECTION('ref_axis',(0.,0.,-1.));
#7295=DIRECTION('',(0.,0.,1.));
#7296=DIRECTION('',(-1.,2.60285620217677E-15,0.));
#7297=DIRECTION('',(0.,0.,-1.));
#7298=DIRECTION('',(-1.,2.60285620217677E-15,0.));
#7299=DIRECTION('center_axis',(1.,-2.60285620217677E-15,0.));
#7300=DIRECTION('ref_axis',(2.60285620217677E-15,1.,0.));
#7301=DIRECTION('center_axis',(-1.,0.,0.));
#7302=DIRECTION('ref_axis',(2.60285620217677E-15,1.,0.));
#7303=DIRECTION('center_axis',(1.,0.,0.));
#7304=DIRECTION('ref_axis',(2.60285620217677E-15,1.,0.));
#7305=DIRECTION('',(-1.,2.60285620217677E-15,0.));
#7306=DIRECTION('center_axis',(-2.60285620217677E-15,-1.,-1.0449157878825E-15));
#7307=DIRECTION('ref_axis',(-2.72347125714399E-30,-1.0449157878825E-15,
1.));
#7308=DIRECTION('',(0.,1.0449157878825E-15,-1.));
#7309=DIRECTION('',(0.,-1.0449157878825E-15,1.));
#7310=DIRECTION('',(1.,-2.60285620217677E-15,0.));
#7311=DIRECTION('center_axis',(2.60285620217677E-15,1.,0.));
#7312=DIRECTION('ref_axis',(0.,0.,-1.));
#7313=DIRECTION('',(0.,0.,1.));
#7314=DIRECTION('',(-1.,2.60285620217677E-15,0.));
#7315=DIRECTION('',(0.,0.,-1.));
#7316=DIRECTION('',(-1.,2.60285620217677E-15,0.));
#7317=DIRECTION('center_axis',(1.,-2.60285620217677E-15,0.));
#7318=DIRECTION('ref_axis',(2.60285620217677E-15,1.,0.));
#7319=DIRECTION('center_axis',(-1.,0.,0.));
#7320=DIRECTION('ref_axis',(2.60285620217677E-15,1.,0.));
#7321=DIRECTION('center_axis',(1.,0.,0.));
#7322=DIRECTION('ref_axis',(2.60285620217677E-15,1.,0.));
#7323=DIRECTION('',(-1.,2.60285620217677E-15,0.));
#7324=DIRECTION('center_axis',(-2.60285620217677E-15,-1.,-1.0449157878825E-15));
#7325=DIRECTION('ref_axis',(-2.72347125714399E-30,-1.0449157878825E-15,
1.));
#7326=DIRECTION('',(0.,1.0449157878825E-15,-1.));
#7327=DIRECTION('',(0.,-1.0449157878825E-15,1.));
#7328=DIRECTION('',(1.,-2.60285620217677E-15,0.));
#7329=DIRECTION('center_axis',(0.,0.,-1.));
#7330=DIRECTION('ref_axis',(1.,0.,0.));
#7331=DIRECTION('',(0.,-1.,0.));
#7332=DIRECTION('center_axis',(0.,0.,-1.));
#7333=DIRECTION('ref_axis',(-1.,0.,0.));
#7334=DIRECTION('',(0.546948584010378,-0.837166200015888,0.));
#7335=DIRECTION('',(0.,1.,0.));
#7336=DIRECTION('center_axis',(-1.,0.,0.));
#7337=DIRECTION('ref_axis',(0.,0.,-1.));
#7338=DIRECTION('',(0.,0.,1.));
#7339=DIRECTION('',(0.,1.,0.));
#7340=DIRECTION('',(0.,1.,0.));
#7341=DIRECTION('',(0.,0.,-1.));
#7342=DIRECTION('center_axis',(1.,0.,0.));
#7343=DIRECTION('ref_axis',(2.60285620217677E-15,1.,0.));
#7344=DIRECTION('',(0.,-1.0449157878825E-15,1.));
#7345=DIRECTION('',(0.,1.,0.));
#7346=DIRECTION('',(0.,0.,-1.));
#7347=DIRECTION('center_axis',(0.,0.,-1.));
#7348=DIRECTION('ref_axis',(1.,0.,0.));
#7349=DIRECTION('',(0.,-1.,0.));
#7350=DIRECTION('',(1.,-2.60285620217677E-15,0.));
#7351=DIRECTION('center_axis',(0.,0.,1.));
#7352=DIRECTION('ref_axis',(-1.,0.,0.));
#7353=DIRECTION('',(-0.546948584010378,0.837166200015888,0.));
#7354=DIRECTION('center_axis',(0.,0.,1.));
#7355=DIRECTION('ref_axis',(-1.,0.,0.));
#7356=DIRECTION('',(0.,1.,0.));
#7357=DIRECTION('center_axis',(0.,0.,1.));
#7358=DIRECTION('ref_axis',(-0.837166200015886,0.546948584010381,0.));
#7359=DIRECTION('',(0.54694858401038,0.837166200015887,0.));
#7360=DIRECTION('center_axis',(2.60285620217677E-15,1.,0.));
#7361=DIRECTION('ref_axis',(0.,0.,-1.));
#7362=DIRECTION('',(0.,0.,-1.));
#7363=DIRECTION('',(-1.,2.60285620217677E-15,0.));
#7364=DIRECTION('center_axis',(1.,-2.60285620217677E-15,0.));
#7365=DIRECTION('ref_axis',(2.60285620217677E-15,1.,0.));
#7366=DIRECTION('center_axis',(1.,0.,0.));
#7367=DIRECTION('ref_axis',(2.60285620217677E-15,1.,0.));
#7368=DIRECTION('',(-1.,2.60285620217677E-15,0.));
#7369=DIRECTION('center_axis',(-2.60285620217677E-15,-1.,-1.0449157878825E-15));
#7370=DIRECTION('ref_axis',(-2.72347125714399E-30,-1.0449157878825E-15,
1.));
#7371=DIRECTION('',(0.,-1.0449157878825E-15,1.));
#7372=DIRECTION('',(-1.,2.60285620217677E-15,0.));
#7373=DIRECTION('center_axis',(0.,0.,-1.));
#7374=DIRECTION('ref_axis',(1.,0.,0.));
#7375=DIRECTION('',(-0.54694858401038,-0.837166200015887,0.));
#7376=DIRECTION('center_axis',(0.,0.,-1.));
#7377=DIRECTION('ref_axis',(-0.837166200015886,0.546948584010381,0.));
#7378=DIRECTION('',(0.,-1.,0.));
#7379=DIRECTION('center_axis',(0.,0.,-1.));
#7380=DIRECTION('ref_axis',(1.,0.,0.));
#7381=DIRECTION('',(0.,-1.,0.));
#7382=DIRECTION('center_axis',(0.,0.,1.));
#7383=DIRECTION('ref_axis',(-1.,0.,0.));
#7384=DIRECTION('',(0.,0.,1.));
#7385=DIRECTION('center_axis',(0.,0.,-1.));
#7386=DIRECTION('ref_axis',(-1.,0.,0.));
#7387=DIRECTION('',(0.,0.,1.));
#7388=DIRECTION('center_axis',(0.,0.,1.));
#7389=DIRECTION('ref_axis',(-1.,0.,0.));
#7390=DIRECTION('',(0.,0.,1.));
#7391=DIRECTION('center_axis',(0.,0.,-1.));
#7392=DIRECTION('ref_axis',(-1.,0.,0.));
#7393=DIRECTION('',(0.,0.,1.));
#7394=DIRECTION('center_axis',(-1.,0.,0.));
#7395=DIRECTION('ref_axis',(0.,-1.,0.));
#7396=DIRECTION('',(0.,-1.,0.));
#7397=DIRECTION('',(0.,0.,1.));
#7398=DIRECTION('center_axis',(-1.,0.,0.));
#7399=DIRECTION('ref_axis',(0.,-1.,0.));
#7400=DIRECTION('',(0.,0.,1.));
#7401=DIRECTION('',(0.,-1.,0.));
#7402=DIRECTION('center_axis',(0.,0.,1.));
#7403=DIRECTION('ref_axis',(-0.837166200015886,0.546948584010381,0.));
#7404=DIRECTION('',(0.,0.,1.));
#7405=DIRECTION('center_axis',(0.,0.,-1.));
#7406=DIRECTION('ref_axis',(-0.837166200015886,0.546948584010381,0.));
#7407=DIRECTION('center_axis',(0.,-1.,0.));
#7408=DIRECTION('ref_axis',(-0.707106781186548,0.,0.707106781186548));
#7409=DIRECTION('center_axis',(-0.837166200015887,0.54694858401038,0.));
#7410=DIRECTION('ref_axis',(-0.54694858401038,-0.837166200015887,0.));
#7411=DIRECTION('',(0.,-1.,0.));
#7412=DIRECTION('center_axis',(-0.837166200015891,-0.546948584010374,0.));
#7413=DIRECTION('ref_axis',(-0.546948584010374,0.837166200015891,0.));
#7414=DIRECTION('',(0.,1.,0.));
#7415=DIRECTION('center_axis',(-1.,0.,0.));
#7416=DIRECTION('ref_axis',(0.,0.,-1.));
#7417=DIRECTION('',(0.,0.,1.));
#7418=DIRECTION('',(0.,1.,0.));
#7419=DIRECTION('',(0.,-1.0449157878825E-15,1.));
#7420=DIRECTION('center_axis',(1.,0.,0.));
#7421=DIRECTION('ref_axis',(-2.60285620217677E-15,1.,0.));
#7422=DIRECTION('',(0.,0.,-1.));
#7423=DIRECTION('',(0.,1.,0.));
#7424=DIRECTION('',(0.,-1.0449157878825E-15,1.));
#7425=DIRECTION('center_axis',(1.,0.,0.));
#7426=DIRECTION('ref_axis',(-2.60285620217677E-15,1.,0.));
#7427=DIRECTION('',(0.,0.,-1.));
#7428=DIRECTION('',(0.,1.,0.));
#7429=DIRECTION('',(0.,-1.0449157878825E-15,1.));
#7430=DIRECTION('center_axis',(1.,0.,0.));
#7431=DIRECTION('ref_axis',(-2.60285620217677E-15,1.,0.));
#7432=DIRECTION('',(0.,0.,-1.));
#7433=DIRECTION('',(0.,1.,0.));
#7434=DIRECTION('',(0.,0.,-1.));
#7435=DIRECTION('center_axis',(0.,1.,0.));
#7436=DIRECTION('ref_axis',(0.70710678118656,0.,0.707106781186535));
#7437=DIRECTION('center_axis',(-0.837166200015891,-0.546948584010374,0.));
#7438=DIRECTION('ref_axis',(0.546948584010374,-0.837166200015891,-3.79521819534028E-17));
#7439=DIRECTION('',(0.,1.,0.));
#7440=DIRECTION('center_axis',(-0.837166200015887,0.54694858401038,0.));
#7441=DIRECTION('ref_axis',(0.54694858401038,0.837166200015887,-3.79521819534032E-17));
#7442=DIRECTION('',(0.,-1.,0.));
#7443=DIRECTION('center_axis',(1.,0.,0.));
#7444=DIRECTION('ref_axis',(0.,0.,1.));
#7445=DIRECTION('',(0.,0.,1.));
#7446=DIRECTION('',(0.,-1.,0.));
#7447=DIRECTION('',(0.,0.,-1.));
#7448=DIRECTION('center_axis',(0.,1.,0.));
#7449=DIRECTION('ref_axis',(0.707106781186546,0.,-0.707106781186549));
#7450=DIRECTION('center_axis',(-0.837166200015891,-0.546948584010374,0.));
#7451=DIRECTION('ref_axis',(0.546948584010374,-0.837166200015891,-3.79521819534028E-17));
#7452=DIRECTION('',(0.,1.,0.));
#7453=DIRECTION('center_axis',(-0.837166200015887,0.54694858401038,0.));
#7454=DIRECTION('ref_axis',(0.54694858401038,0.837166200015887,7.59043639068063E-17));
#7455=DIRECTION('center_axis',(0.,0.,-1.));
#7456=DIRECTION('ref_axis',(1.,0.,0.));
#7457=DIRECTION('',(0.546948584010374,-0.837166200015891,0.));
#7458=DIRECTION('center_axis',(0.,0.,1.));
#7459=DIRECTION('ref_axis',(1.,0.,0.));
#7460=DIRECTION('',(2.60640262950094E-15,-1.,0.));
#7461=DIRECTION('center_axis',(0.,0.,1.));
#7462=DIRECTION('ref_axis',(0.837166200015888,-0.546948584010379,0.));
#7463=DIRECTION('',(-0.54694858401038,-0.837166200015887,0.));
#7464=DIRECTION('',(-1.,0.,0.));
#7465=DIRECTION('',(0.,-1.,0.));
#7466=DIRECTION('',(0.524097425664334,-0.851658316704544,0.));
#7467=DIRECTION('',(1.,0.,0.));
#7468=DIRECTION('',(1.80036166155431E-16,1.,0.));
#7469=DIRECTION('',(1.,0.,0.));
#7470=DIRECTION('',(2.87835598976892E-16,1.,0.));
#7471=DIRECTION('',(-1.,-3.22973970800045E-15,0.));
#7472=DIRECTION('',(-1.2335811384724E-16,-1.,0.));
#7473=DIRECTION('',(1.,0.,0.));
#7474=DIRECTION('',(-1.80036166155431E-16,1.,0.));
#7475=DIRECTION('',(-1.,0.,0.));
#7476=DIRECTION('',(-0.524097425664334,-0.851658316704544,0.));
#7477=DIRECTION('',(0.,-1.,0.));
#7478=DIRECTION('',(-1.,0.,0.));
#7479=DIRECTION('',(1.2335811384724E-16,-1.,0.));
#7480=DIRECTION('',(1.,-3.22973970800045E-15,0.));
#7481=DIRECTION('',(-2.87835598976892E-16,1.,0.));
#7482=DIRECTION('center_axis',(0.,-1.,0.));
#7483=DIRECTION('ref_axis',(1.,0.,0.));
#7484=DIRECTION('',(1.,0.,0.));
#7485=DIRECTION('',(0.,0.,1.));
#7486=DIRECTION('',(0.,0.,1.));
#7487=DIRECTION('center_axis',(1.,1.2335811384724E-16,0.));
#7488=DIRECTION('ref_axis',(-1.2335811384724E-16,1.,0.));
#7489=DIRECTION('',(-1.2335811384724E-16,1.,0.));
#7490=DIRECTION('',(0.,0.,1.));
#7491=DIRECTION('center_axis',(3.22973970800046E-15,1.,0.));
#7492=DIRECTION('ref_axis',(-1.,3.22973970800045E-15,0.));
#7493=DIRECTION('',(-1.,3.22973970800045E-15,0.));
#7494=DIRECTION('',(0.,0.,1.));
#7495=DIRECTION('center_axis',(-1.,-2.87835598976892E-16,0.));
#7496=DIRECTION('ref_axis',(2.87835598976892E-16,-1.,0.));
#7497=DIRECTION('',(2.87835598976892E-16,-1.,0.));
#7498=DIRECTION('center_axis',(0.,1.,0.));
#7499=DIRECTION('ref_axis',(-1.,0.,0.));
#7500=DIRECTION('',(-1.,0.,0.));
#7501=DIRECTION('',(0.,0.,1.));
#7502=DIRECTION('',(0.,0.,1.));
#7503=DIRECTION('center_axis',(1.,0.,0.));
#7504=DIRECTION('ref_axis',(0.,1.,0.));
#7505=DIRECTION('',(0.,1.,0.));
#7506=DIRECTION('',(0.,0.,1.));
#7507=DIRECTION('center_axis',(0.851658316704544,-0.524097425664334,0.));
#7508=DIRECTION('ref_axis',(0.524097425664334,0.851658316704544,0.));
#7509=DIRECTION('',(0.524097425664334,0.851658316704544,0.));
#7510=DIRECTION('',(0.,0.,1.));
#7511=DIRECTION('center_axis',(0.,-1.,0.));
#7512=DIRECTION('ref_axis',(1.,0.,0.));
#7513=DIRECTION('',(1.,0.,0.));
#7514=DIRECTION('',(0.,0.,1.));
#7515=DIRECTION('center_axis',(-1.,-1.80036166155431E-16,0.));
#7516=DIRECTION('ref_axis',(1.80036166155431E-16,-1.,0.));
#7517=DIRECTION('',(1.80036166155431E-16,-1.,0.));
#7518=DIRECTION('center_axis',(0.,-1.,0.));
#7519=DIRECTION('ref_axis',(1.,0.,0.));
#7520=DIRECTION('',(-1.,0.,0.));
#7521=DIRECTION('',(0.,0.,1.));
#7522=DIRECTION('',(0.,0.,1.));
#7523=DIRECTION('center_axis',(-1.,1.2335811384724E-16,0.));
#7524=DIRECTION('ref_axis',(-1.2335811384724E-16,-1.,0.));
#7525=DIRECTION('',(1.2335811384724E-16,1.,0.));
#7526=DIRECTION('',(0.,0.,1.));
#7527=DIRECTION('center_axis',(-3.22973970800046E-15,1.,0.));
#7528=DIRECTION('ref_axis',(-1.,-3.22973970800045E-15,0.));
#7529=DIRECTION('',(1.,3.22973970800045E-15,0.));
#7530=DIRECTION('',(0.,0.,1.));
#7531=DIRECTION('center_axis',(1.,-2.87835598976892E-16,0.));
#7532=DIRECTION('ref_axis',(2.87835598976892E-16,1.,0.));
#7533=DIRECTION('',(-2.87835598976892E-16,-1.,0.));
#7534=DIRECTION('center_axis',(0.,1.,0.));
#7535=DIRECTION('ref_axis',(-1.,0.,0.));
#7536=DIRECTION('',(1.,0.,0.));
#7537=DIRECTION('',(0.,0.,1.));
#7538=DIRECTION('',(0.,0.,1.));
#7539=DIRECTION('center_axis',(-1.,0.,0.));
#7540=DIRECTION('ref_axis',(0.,-1.,0.));
#7541=DIRECTION('',(0.,1.,0.));
#7542=DIRECTION('',(0.,0.,1.));
#7543=DIRECTION('center_axis',(-0.851658316704544,-0.524097425664334,0.));
#7544=DIRECTION('ref_axis',(0.524097425664334,-0.851658316704544,0.));
#7545=DIRECTION('',(-0.524097425664334,0.851658316704544,0.));
#7546=DIRECTION('',(0.,0.,1.));
#7547=DIRECTION('center_axis',(0.,-1.,0.));
#7548=DIRECTION('ref_axis',(1.,0.,0.));
#7549=DIRECTION('',(-1.,0.,0.));
#7550=DIRECTION('',(0.,0.,1.));
#7551=DIRECTION('center_axis',(1.,-1.80036166155431E-16,0.));
#7552=DIRECTION('ref_axis',(1.80036166155431E-16,1.,0.));
#7553=DIRECTION('',(-1.80036166155431E-16,-1.,0.));
#7554=DIRECTION('center_axis',(2.60285620217677E-15,-1.,0.));
#7555=DIRECTION('ref_axis',(0.,0.,-1.));
#7556=DIRECTION('',(1.,2.60285620217677E-15,0.));
#7557=DIRECTION('',(0.,0.,1.));
#7558=DIRECTION('',(-1.,-2.60285620217677E-15,0.));
#7559=DIRECTION('center_axis',(1.,2.60285620217677E-15,0.));
#7560=DIRECTION('ref_axis',(-2.60285620217677E-15,1.,0.));
#7561=DIRECTION('',(1.,2.60285620217677E-15,0.));
#7562=DIRECTION('center_axis',(-1.,-2.60640262950094E-15,0.));
#7563=DIRECTION('ref_axis',(-2.60285620217677E-15,1.,0.));
#7564=DIRECTION('center_axis',(-2.60285620217677E-15,1.,1.0449157878825E-15));
#7565=DIRECTION('ref_axis',(2.72347125714399E-30,-1.0449157878825E-15,1.));
#7566=DIRECTION('',(1.,2.60285620217677E-15,0.));
#7567=DIRECTION('',(-2.72347125714399E-30,1.0449157878825E-15,-1.));
#7568=DIRECTION('center_axis',(2.60285620217677E-15,-1.,0.));
#7569=DIRECTION('ref_axis',(0.,0.,-1.));
#7570=DIRECTION('',(1.,2.60285620217677E-15,0.));
#7571=DIRECTION('',(0.,0.,1.));
#7572=DIRECTION('',(-1.,-2.60285620217677E-15,0.));
#7573=DIRECTION('center_axis',(1.,2.60285620217677E-15,0.));
#7574=DIRECTION('ref_axis',(-2.60285620217677E-15,1.,0.));
#7575=DIRECTION('',(1.,2.60285620217677E-15,0.));
#7576=DIRECTION('center_axis',(-1.,-2.60640262950094E-15,0.));
#7577=DIRECTION('ref_axis',(-2.60285620217677E-15,1.,0.));
#7578=DIRECTION('center_axis',(-2.60285620217677E-15,1.,1.0449157878825E-15));
#7579=DIRECTION('ref_axis',(2.72347125714399E-30,-1.0449157878825E-15,1.));
#7580=DIRECTION('',(1.,2.60285620217677E-15,0.));
#7581=DIRECTION('',(-2.72347125714399E-30,1.0449157878825E-15,-1.));
#7582=DIRECTION('center_axis',(0.,0.,1.));
#7583=DIRECTION('ref_axis',(-1.,0.,0.));
#7584=DIRECTION('',(0.54694858401038,0.837166200015887,0.));
#7585=DIRECTION('center_axis',(0.,0.,-1.));
#7586=DIRECTION('ref_axis',(0.837166200015888,-0.546948584010379,0.));
#7587=DIRECTION('',(-2.60640262950094E-15,1.,0.));
#7588=DIRECTION('center_axis',(1.,2.60640262950094E-15,0.));
#7589=DIRECTION('ref_axis',(-2.60640262950094E-15,1.,0.));
#7590=DIRECTION('',(0.,0.,1.));
#7591=DIRECTION('',(-2.60640262950094E-15,1.,0.));
#7592=DIRECTION('',(0.,0.,1.));
#7593=DIRECTION('',(-2.60640262950094E-15,1.,0.));
#7594=DIRECTION('',(-2.60640262950094E-15,1.,0.));
#7595=DIRECTION('',(0.,0.,1.));
#7596=DIRECTION('center_axis',(-1.,-2.60640262950094E-15,0.));
#7597=DIRECTION('ref_axis',(-2.60285620217677E-15,1.,0.));
#7598=DIRECTION('',(-2.72347125714399E-30,1.0449157878825E-15,-1.));
#7599=DIRECTION('',(-2.60640262950094E-15,1.,0.));
#7600=DIRECTION('center_axis',(0.,0.,1.));
#7601=DIRECTION('ref_axis',(-1.,0.,0.));
#7602=DIRECTION('',(-1.,-2.60285620217677E-15,0.));
#7603=DIRECTION('center_axis',(2.60285620217677E-15,-1.,0.));
#7604=DIRECTION('ref_axis',(0.,0.,-1.));
#7605=DIRECTION('',(1.,2.60285620217677E-15,0.));
#7606=DIRECTION('center_axis',(1.,2.60285620217677E-15,0.));
#7607=DIRECTION('ref_axis',(-2.60285620217677E-15,1.,0.));
#7608=DIRECTION('',(1.,2.60285620217677E-15,0.));
#7609=DIRECTION('center_axis',(-2.60285620217677E-15,1.,1.0449157878825E-15));
#7610=DIRECTION('ref_axis',(2.72347125714399E-30,-1.0449157878825E-15,1.));
#7611=DIRECTION('',(1.,2.60285620217677E-15,0.));
#7612=DIRECTION('center_axis',(0.,0.,1.));
#7613=DIRECTION('ref_axis',(-1.,0.,0.));
#7614=DIRECTION('center_axis',(0.,0.,-1.));
#7615=DIRECTION('ref_axis',(1.,0.,0.));
#7616=DIRECTION('',(-0.546948584010374,0.837166200015891,0.));
#7617=DIRECTION('center_axis',(0.,0.,1.));
#7618=DIRECTION('ref_axis',(-1.,0.,0.));
#7619=DIRECTION('center_axis',(1.,2.60640262950094E-15,0.));
#7620=DIRECTION('ref_axis',(-2.60640262950094E-15,1.,0.));
#7621=DIRECTION('',(0.,0.,1.));
#7622=DIRECTION('',(0.,1.,0.));
#7623=DIRECTION('',(0.,0.,1.));
#7624=DIRECTION('center_axis',(0.,0.,1.));
#7625=DIRECTION('ref_axis',(0.837166200015888,-0.546948584010379,0.));
#7626=DIRECTION('center_axis',(0.,0.,-1.));
#7627=DIRECTION('ref_axis',(0.837166200015888,-0.546948584010379,0.));
#7628=DIRECTION('',(0.,0.,1.));
#7629=DIRECTION('center_axis',(0.,0.,1.));
#7630=DIRECTION('ref_axis',(0.837166200015888,-0.546948584010379,0.));
#7631=DIRECTION('',(0.,0.,1.));
#7632=DIRECTION('center_axis',(0.,0.,-1.));
#7633=DIRECTION('ref_axis',(0.837166200015888,-0.546948584010379,0.));
#7634=DIRECTION('center_axis',(0.837166200015887,-0.54694858401038,0.));
#7635=DIRECTION('ref_axis',(0.54694858401038,0.837166200015887,0.));
#7636=DIRECTION('',(0.54694858401038,0.837166200015887,0.));
#7637=DIRECTION('',(0.54694858401038,0.837166200015887,0.));
#7638=DIRECTION('',(0.,0.,1.));
#7639=DIRECTION('',(0.54694858401038,0.837166200015887,0.));
#7640=DIRECTION('center_axis',(0.,0.,1.));
#7641=DIRECTION('ref_axis',(-1.,0.,0.));
#7642=DIRECTION('',(-0.546948584010374,0.837166200015891,0.));
#7643=DIRECTION('center_axis',(0.,0.,1.));
#7644=DIRECTION('ref_axis',(1.,0.,0.));
#7645=DIRECTION('',(0.,0.,1.));
#7646=DIRECTION('center_axis',(0.,0.,-1.));
#7647=DIRECTION('ref_axis',(1.,0.,0.));
#7648=DIRECTION('center_axis',(0.,0.,1.));
#7649=DIRECTION('ref_axis',(1.,0.,0.));
#7650=DIRECTION('center_axis',(0.,0.,-1.));
#7651=DIRECTION('ref_axis',(1.,0.,0.));
#7652=DIRECTION('',(0.,0.,1.));
#7653=DIRECTION('center_axis',(-0.999849329969523,0.,-0.0173584953119703));
#7654=DIRECTION('ref_axis',(0.0173584953119703,0.,-0.999849329969523));
#7655=DIRECTION('center_axis',(-0.999849329969523,0.,-0.0173584953119703));
#7656=DIRECTION('ref_axis',(0.0173584953119703,-4.4402229891528E-15,-0.999849329969523));
#7657=DIRECTION('',(0.,-1.,0.));
#7658=DIRECTION('center_axis',(-0.999849329969523,0.,-0.0173584953119703));
#7659=DIRECTION('ref_axis',(0.0173584953119703,0.,-0.999849329969523));
#7660=DIRECTION('',(-0.0173565627694208,-0.0149214629181888,0.999738015518672));
#7661=DIRECTION('',(0.,-1.,0.));
#7662=DIRECTION('',(-0.0173584953119703,0.,0.999849329969523));
#7663=DIRECTION('',(0.,-1.,0.));
#7664=DIRECTION('center_axis',(0.999849329969523,0.,0.0173584953119703));
#7665=DIRECTION('ref_axis',(-0.0173584953119703,-4.9952508627969E-16,0.999849329969523));
#7666=DIRECTION('',(-0.0122752344664288,0.707053505266327,0.707053505266323));
#7667=DIRECTION('',(0.,1.,0.));
#7668=DIRECTION('center_axis',(1.,0.,0.));
#7669=DIRECTION('ref_axis',(0.,0.707106781186561,0.707106781186534));
#7670=DIRECTION('',(-1.,0.,0.));
#7671=DIRECTION('center_axis',(0.999849329969523,0.,-0.0173584953119703));
#7672=DIRECTION('ref_axis',(0.0173584953119703,1.92409662863288E-14,0.999849329969523));
#7673=DIRECTION('',(1.,0.,0.));
#7674=DIRECTION('center_axis',(0.,0.,1.));
#7675=DIRECTION('ref_axis',(0.,-1.,0.));
#7676=DIRECTION('',(0.,1.,0.));
#7677=DIRECTION('',(1.,0.,0.));
#7678=DIRECTION('center_axis',(1.,0.,0.));
#7679=DIRECTION('ref_axis',(0.,0.,-1.));
#7680=DIRECTION('center_axis',(-0.999849329969523,0.,0.0173584953119709));
#7681=DIRECTION('ref_axis',(-0.0173584953119709,0.,-0.999849329969523));
#7682=DIRECTION('',(1.,0.,0.));
#7683=DIRECTION('center_axis',(0.999849329969523,0.,0.0173584953119703));
#7684=DIRECTION('ref_axis',(0.0173584953119703,0.,-0.999849329969523));
#7685=DIRECTION('',(1.,0.,0.));
#7686=DIRECTION('center_axis',(0.,1.,0.));
#7687=DIRECTION('ref_axis',(0.,0.,-1.));
#7688=DIRECTION('',(0.0173584953119709,0.,0.999849329969523));
#7689=DIRECTION('',(0.0173584953119703,0.,-0.999849329969523));
#7690=DIRECTION('',(1.,0.,0.));
#7691=DIRECTION('center_axis',(-0.999849329969523,0.,0.0173584953119709));
#7692=DIRECTION('ref_axis',(-0.0173584953119709,0.,-0.999849329969523));
#7693=DIRECTION('',(0.,-1.,0.));
#7694=DIRECTION('',(0.0173584953119709,0.,0.999849329969523));
#7695=DIRECTION('',(0.,-1.,0.));
#7696=DIRECTION('center_axis',(0.999849329969523,0.,-0.0173584953119709));
#7697=DIRECTION('ref_axis',(0.0173584953119709,-4.9952508627969E-16,0.999849329969523));
#7698=DIRECTION('',(0.0122752344664292,0.707053505266327,0.707053505266323));
#7699=DIRECTION('',(0.,1.,0.));
#7700=DIRECTION('center_axis',(0.,0.,1.));
#7701=DIRECTION('ref_axis',(-1.,0.,0.));
#7702=DIRECTION('',(0.,-1.,0.));
#7703=DIRECTION('',(1.,0.,0.));
#7704=DIRECTION('center_axis',(0.999849329969523,0.,0.0173584953119703));
#7705=DIRECTION('ref_axis',(-0.0173584953119703,0.,0.999849329969523));
#7706=DIRECTION('',(0.,-1.,0.));
#7707=DIRECTION('',(0.0122752344664288,-0.707053505266327,-0.707053505266323));
#7708=DIRECTION('center_axis',(-0.999849329969523,0.,-0.0173584953119703));
#7709=DIRECTION('ref_axis',(-0.0173584953119703,-4.9952508627969E-16,0.999849329969523));
#7710=DIRECTION('',(0.,-1.,0.));
#7711=DIRECTION('',(0.0173584953119703,0.,-0.999849329969523));
#7712=DIRECTION('center_axis',(-1.,0.,0.));
#7713=DIRECTION('ref_axis',(0.,0.,-1.));
#7714=DIRECTION('center_axis',(0.999849329969523,0.,-0.0173584953119703));
#7715=DIRECTION('ref_axis',(-0.0173584953119703,0.,-0.999849329969523));
#7716=DIRECTION('',(1.,0.,0.));
#7717=DIRECTION('center_axis',(0.,0.999888635224333,0.0149237109734972));
#7718=DIRECTION('ref_axis',(0.,-0.0149237109734972,0.999888635224333));
#7719=DIRECTION('',(-0.0173565627694208,0.0149214629181888,-0.999738015518672));
#7720=DIRECTION('center_axis',(0.,-0.999888635224333,-0.0149237109734972));
#7721=DIRECTION('ref_axis',(-2.40405898039608E-15,-0.0149237109734972,0.999888635224333));
#7722=DIRECTION('',(-1.,0.,0.));
#7723=DIRECTION('center_axis',(0.,-0.999888635224333,-0.0149237109734972));
#7724=DIRECTION('ref_axis',(0.,-0.0149237109734972,0.999888635224333));
#7725=DIRECTION('',(0.0173565627694208,0.0149214629181888,-0.999738015518672));
#7726=DIRECTION('center_axis',(0.,0.999888635224333,0.0149237109734972));
#7727=DIRECTION('ref_axis',(0.,0.0149237109734972,-0.999888635224333));
#7728=DIRECTION('',(1.,0.,0.));
#7729=DIRECTION('center_axis',(0.,0.999888635224333,0.0149237109734972));
#7730=DIRECTION('ref_axis',(1.22566246538412E-14,0.0149237109734972,-0.999888635224333));
#7731=DIRECTION('',(0.0173565627694214,-0.0149214629181888,0.999738015518672));
#7732=DIRECTION('',(-1.,0.,0.));
#7733=DIRECTION('center_axis',(0.,0.,-1.));
#7734=DIRECTION('ref_axis',(0.,1.,0.));
#7735=DIRECTION('',(-1.,0.,0.));
#7736=DIRECTION('',(-1.,0.,0.));
#7737=DIRECTION('',(0.,-1.,0.));
#7738=DIRECTION('center_axis',(0.,0.707106781186546,-0.707106781186549));
#7739=DIRECTION('ref_axis',(0.,0.707106781186549,0.707106781186546));
#7740=DIRECTION('',(-0.0122752344664288,-0.707053505266327,-0.707053505266323));
#7741=DIRECTION('',(1.,0.,0.));
#7742=DIRECTION('center_axis',(-1.,0.,0.));
#7743=DIRECTION('ref_axis',(0.,-0.707106781186548,0.707106781186547));
#7744=DIRECTION('center_axis',(-0.999849329969523,0.,0.0173584953119703));
#7745=DIRECTION('ref_axis',(0.0173584953119703,-4.9952508627969E-16,0.999849329969523));
#7746=DIRECTION('',(1.,0.,0.));
#7747=DIRECTION('center_axis',(0.,0.707106781186546,-0.707106781186549));
#7748=DIRECTION('ref_axis',(0.,0.707106781186549,0.707106781186546));
#7749=DIRECTION('',(1.,0.,0.));
#7750=DIRECTION('center_axis',(-1.,0.,0.));
#7751=DIRECTION('ref_axis',(0.,-0.707106781186548,0.707106781186547));
#7752=DIRECTION('',(1.,0.,0.));
#7753=DIRECTION('center_axis',(0.,1.,0.));
#7754=DIRECTION('ref_axis',(0.999849329969523,0.,-0.0173584953119699));
#7755=DIRECTION('',(0.,-1.,0.));
#7756=DIRECTION('center_axis',(0.,1.,0.));
#7757=DIRECTION('ref_axis',(0.999849329969523,0.,-0.0173584953119699));
#7758=DIRECTION('',(0.,-1.,0.));
#7759=DIRECTION('center_axis',(0.,0.,1.));
#7760=DIRECTION('ref_axis',(-1.,0.,0.));
#7761=DIRECTION('',(0.,-1.,0.));
#7762=DIRECTION('',(1.,0.,0.));
#7763=DIRECTION('center_axis',(0.,1.,0.));
#7764=DIRECTION('ref_axis',(0.,0.,-1.));
#7765=DIRECTION('',(0.,-1.,0.));
#7766=DIRECTION('center_axis',(0.,1.,0.));
#7767=DIRECTION('ref_axis',(0.,0.,-1.));
#7768=DIRECTION('center_axis',(0.,1.,0.));
#7769=DIRECTION('ref_axis',(0.,0.,1.));
#7770=DIRECTION('',(0.,-1.,0.));
#7771=DIRECTION('center_axis',(0.,-1.,0.));
#7772=DIRECTION('ref_axis',(0.,0.,1.));
#7773=DIRECTION('center_axis',(-1.14705760553114E-14,0.,1.));
#7774=DIRECTION('ref_axis',(-1.,0.,-1.14705760553114E-14));
#7775=DIRECTION('',(-1.,0.,0.));
#7776=DIRECTION('',(0.,-1.,0.));
#7777=DIRECTION('center_axis',(0.,0.,1.));
#7778=DIRECTION('ref_axis',(-1.,0.,0.));
#7779=DIRECTION('',(-1.,0.,0.));
#7780=DIRECTION('center_axis',(0.999849329969523,0.,0.0173584953119703));
#7781=DIRECTION('ref_axis',(-0.0173584953119703,0.,0.999849329969523));
#7782=DIRECTION('',(0.,-1.,0.));
#7783=DIRECTION('',(0.0173584953119703,0.,-0.999849329969523));
#7784=DIRECTION('center_axis',(0.,0.,-1.));
#7785=DIRECTION('ref_axis',(1.,0.,0.));
#7786=DIRECTION('',(0.,-1.,0.));
#7787=DIRECTION('',(-1.,0.,0.));
#7788=DIRECTION('center_axis',(-0.999849329969523,0.,0.0173584953119709));
#7789=DIRECTION('ref_axis',(-0.0173584953119709,0.,-0.999849329969523));
#7790=DIRECTION('',(0.0173584953119709,0.,0.999849329969523));
#7791=DIRECTION('center_axis',(0.,0.,-1.));
#7792=DIRECTION('ref_axis',(1.,0.,0.));
#7793=DIRECTION('',(0.,-1.,0.));
#7794=DIRECTION('',(-1.,0.,0.));
#7795=DIRECTION('center_axis',(0.,1.,0.));
#7796=DIRECTION('ref_axis',(-0.999849329969523,0.,0.0173584953119706));
#7797=DIRECTION('',(0.,-1.,0.));
#7798=DIRECTION('center_axis',(0.,-1.,0.));
#7799=DIRECTION('ref_axis',(-0.999849329969523,0.,0.0173584953119706));
#7800=DIRECTION('center_axis',(0.999849329969523,0.,-0.0173584953119703));
#7801=DIRECTION('ref_axis',(0.0173584953119703,0.,0.999849329969523));
#7802=DIRECTION('',(-0.0173584953119703,0.,-0.999849329969523));
#7803=DIRECTION('center_axis',(0.,1.,0.));
#7804=DIRECTION('ref_axis',(-1.,0.,0.));
#7805=DIRECTION('',(-1.,0.,0.));
#7806=DIRECTION('',(0.,0.,1.));
#7807=DIRECTION('',(-1.,0.,0.));
#7808=DIRECTION('',(0.,0.,1.));
#7809=DIRECTION('',(-1.,0.,0.));
#7810=DIRECTION('center_axis',(0.,1.,0.));
#7811=DIRECTION('ref_axis',(-1.,0.,0.));
#7812=DIRECTION('',(-1.,0.,0.));
#7813=DIRECTION('center_axis',(-0.999849329969523,0.,0.0173584953119703));
#7814=DIRECTION('ref_axis',(0.0173584953119703,0.,0.999849329969523));
#7815=DIRECTION('center_axis',(0.999849329969523,0.,-0.0173584953119703));
#7816=DIRECTION('ref_axis',(0.0173584953119703,-1.92409662863288E-14,0.999849329969523));
#7817=DIRECTION('',(0.,1.,0.));
#7818=DIRECTION('center_axis',(0.999849329969523,0.,-0.0173584953119703));
#7819=DIRECTION('ref_axis',(-0.0173584953119703,0.,-0.999849329969523));
#7820=DIRECTION('',(0.,1.,0.));
#7821=DIRECTION('',(0.0173584953119703,0.,0.999849329969523));
#7822=DIRECTION('',(0.,1.,0.));
#7823=DIRECTION('center_axis',(-0.999849329969523,0.,0.0173584953119703));
#7824=DIRECTION('ref_axis',(0.0173584953119703,4.9952508627969E-16,0.999849329969523));
#7825=DIRECTION('',(0.0122752344664288,-0.707053505266327,0.707053505266323));
#7826=DIRECTION('',(0.,-1.,0.));
#7827=DIRECTION('center_axis',(-1.,0.,0.));
#7828=DIRECTION('ref_axis',(0.,-0.707106781186561,0.707106781186534));
#7829=DIRECTION('',(1.,0.,0.));
#7830=DIRECTION('center_axis',(-0.999849329969523,0.,-0.0173584953119703));
#7831=DIRECTION('ref_axis',(0.0173584953119703,2.81214122646344E-14,-0.999849329969523));
#7832=DIRECTION('',(-1.,0.,0.));
#7833=DIRECTION('center_axis',(0.,0.,-1.));
#7834=DIRECTION('ref_axis',(0.,1.,0.));
#7835=DIRECTION('',(0.,-1.,0.));
#7836=DIRECTION('',(1.,0.,0.));
#7837=DIRECTION('center_axis',(-1.,0.,0.));
#7838=DIRECTION('ref_axis',(0.,0.,-1.));
#7839=DIRECTION('center_axis',(-0.999849329969523,0.,0.0173584953119709));
#7840=DIRECTION('ref_axis',(-0.0173584953119709,0.,-0.999849329969523));
#7841=DIRECTION('',(1.,0.,0.));
#7842=DIRECTION('center_axis',(0.999849329969523,0.,0.0173584953119703));
#7843=DIRECTION('ref_axis',(0.0173584953119703,0.,-0.999849329969523));
#7844=DIRECTION('',(1.,0.,0.));
#7845=DIRECTION('center_axis',(0.,1.,0.));
#7846=DIRECTION('ref_axis',(0.,0.,-1.));
#7847=DIRECTION('',(-0.0173584953119709,0.,-0.999849329969523));
#7848=DIRECTION('',(-1.,0.,0.));
#7849=DIRECTION('',(-0.0173584953119703,0.,0.999849329969523));
#7850=DIRECTION('center_axis',(1.,0.,0.));
#7851=DIRECTION('ref_axis',(0.,0.,-1.));
#7852=DIRECTION('center_axis',(-0.999849329969523,0.,-0.0173584953119703));
#7853=DIRECTION('ref_axis',(0.0173584953119703,0.,-0.999849329969523));
#7854=DIRECTION('center_axis',(0.,0.999888635224333,-0.0149237109734972));
#7855=DIRECTION('ref_axis',(0.,0.0149237109734972,0.999888635224333));
#7856=DIRECTION('center_axis',(1.,0.,0.));
#7857=DIRECTION('ref_axis',(0.,0.707106781186548,0.707106781186547));
#7858=DIRECTION('center_axis',(-0.999849329969523,0.,-0.0173584953119703));
#7859=DIRECTION('ref_axis',(-0.0173584953119703,4.9952508627969E-16,0.999849329969523));
#7860=DIRECTION('',(-1.,0.,0.));
#7861=DIRECTION('center_axis',(0.999849329969523,0.,0.0173584953119703));
#7862=DIRECTION('ref_axis',(-0.0173584953119703,4.9952508627969E-16,0.999849329969523));
#7863=DIRECTION('',(1.,0.,0.));
#7864=DIRECTION('center_axis',(0.,0.,1.));
#7865=DIRECTION('ref_axis',(0.,-1.,0.));
#7866=DIRECTION('',(-1.,0.,0.));
#7867=DIRECTION('',(0.,1.,0.));
#7868=DIRECTION('',(0.,-1.,0.));
#7869=DIRECTION('',(-1.,0.,0.));
#7870=DIRECTION('',(0.,1.,0.));
#7871=DIRECTION('center_axis',(0.,0.707106781186546,0.707106781186549));
#7872=DIRECTION('ref_axis',(0.,-0.707106781186549,0.707106781186546));
#7873=DIRECTION('',(-0.0122752344664288,-0.707053505266327,0.707053505266323));
#7874=DIRECTION('',(0.0122752344664288,0.707053505266327,-0.707053505266323));
#7875=DIRECTION('center_axis',(0.,0.707106781186546,0.707106781186549));
#7876=DIRECTION('ref_axis',(0.,-0.707106781186549,0.707106781186546));
#7877=DIRECTION('',(1.,0.,0.));
#7878=DIRECTION('',(-0.0122752344664292,0.707053505266327,-0.707053505266323));
#7879=DIRECTION('center_axis',(1.,0.,0.));
#7880=DIRECTION('ref_axis',(0.,0.707106781186548,0.707106781186547));
#7881=DIRECTION('',(-1.,0.,0.));
#7882=DIRECTION('center_axis',(0.999849329969523,0.,-0.0173584953119709));
#7883=DIRECTION('ref_axis',(0.0173584953119709,4.9952508627969E-16,0.999849329969523));
#7884=DIRECTION('center_axis',(0.,1.,0.));
#7885=DIRECTION('ref_axis',(0.999849329969523,0.,-0.0173584953119699));
#7886=DIRECTION('',(0.,1.,0.));
#7887=DIRECTION('center_axis',(0.,-1.,0.));
#7888=DIRECTION('ref_axis',(0.999849329969523,0.,-0.0173584953119699));
#7889=DIRECTION('',(0.,1.,0.));
#7890=DIRECTION('center_axis',(0.999849329969523,0.,-0.0173584953119709));
#7891=DIRECTION('ref_axis',(-0.0173584953119709,0.,-0.999849329969523));
#7892=DIRECTION('',(0.,1.,0.));
#7893=DIRECTION('',(-0.0173584953119709,0.,-0.999849329969523));
#7894=DIRECTION('center_axis',(0.,0.,1.));
#7895=DIRECTION('ref_axis',(1.,0.,0.));
#7896=DIRECTION('',(0.,1.,0.));
#7897=DIRECTION('',(1.,0.,0.));
#7898=DIRECTION('center_axis',(0.,1.,0.));
#7899=DIRECTION('ref_axis',(-0.999849329969523,0.,0.0173584953119706));
#7900=DIRECTION('',(0.,1.,0.));
#7901=DIRECTION('center_axis',(0.,1.,0.));
#7902=DIRECTION('ref_axis',(-0.999849329969523,0.,0.0173584953119706));
#7903=DIRECTION('center_axis',(0.,0.,1.));
#7904=DIRECTION('ref_axis',(1.,0.,0.));
#7905=DIRECTION('',(0.,1.,0.));
#7906=DIRECTION('',(1.,0.,0.));
#7907=DIRECTION('center_axis',(0.,1.,0.));
#7908=DIRECTION('ref_axis',(0.,0.,1.));
#7909=DIRECTION('',(0.,1.,0.));
#7910=DIRECTION('center_axis',(0.,1.,0.));
#7911=DIRECTION('ref_axis',(0.,0.,1.));
#7912=DIRECTION('center_axis',(0.999849329969523,0.,-0.0173584953119709));
#7913=DIRECTION('ref_axis',(-0.0173584953119709,0.,-0.999849329969523));
#7914=DIRECTION('',(0.,1.,0.));
#7915=DIRECTION('',(-0.0173584953119709,0.,-0.999849329969523));
#7916=DIRECTION('',(0.,1.,0.));
#7917=DIRECTION('center_axis',(-0.999849329969523,0.,-0.0173584953119703));
#7918=DIRECTION('ref_axis',(-0.0173584953119703,0.,0.999849329969523));
#7919=DIRECTION('',(0.,1.,0.));
#7920=DIRECTION('',(-0.0173584953119703,0.,0.999849329969523));
#7921=DIRECTION('center_axis',(1.14705760553114E-14,0.,-1.));
#7922=DIRECTION('ref_axis',(-1.,0.,-1.14705760553114E-14));
#7923=DIRECTION('',(1.,1.5182537088891E-16,0.));
#7924=DIRECTION('center_axis',(0.,0.,-1.));
#7925=DIRECTION('ref_axis',(-1.,0.,0.));
#7926=DIRECTION('',(-1.,0.,0.));
#7927=DIRECTION('',(0.,1.,0.));
#7928=DIRECTION('center_axis',(0.,1.,0.));
#7929=DIRECTION('ref_axis',(0.,0.,-1.));
#7930=DIRECTION('center_axis',(0.,-1.,0.));
#7931=DIRECTION('ref_axis',(0.,0.,-1.));
#7932=DIRECTION('center_axis',(0.,0.,-1.));
#7933=DIRECTION('ref_axis',(-1.,0.,0.));
#7934=DIRECTION('',(-1.,0.,0.));
#7935=DIRECTION('',(0.,1.,0.));
#7936=DIRECTION('center_axis',(-0.999849329969523,0.,-0.0173584953119703));
#7937=DIRECTION('ref_axis',(-0.0173584953119703,0.,0.999849329969523));
#7938=DIRECTION('',(-0.0173584953119703,0.,0.999849329969523));
#7939=DIRECTION('',(0.,1.,0.));
#7940=DIRECTION('center_axis',(0.,0.,-1.));
#7941=DIRECTION('ref_axis',(-1.,0.,0.));
#7942=DIRECTION('',(1.,1.5182537088891E-16,0.));
#7943=DIRECTION('',(0.,1.,0.));
#7944=DIRECTION('center_axis',(0.999849329969523,0.,0.0173584953119703));
#7945=DIRECTION('ref_axis',(0.0173584953119703,0.,-0.999849329969523));
#7946=DIRECTION('',(0.0173584953119703,0.,-0.999849329969523));
#7947=DIRECTION('center_axis',(0.,-1.,0.));
#7948=DIRECTION('ref_axis',(1.,0.,0.));
#7949=DIRECTION('',(1.,1.5182537088891E-16,0.));
#7950=DIRECTION('',(0.,0.,1.));
#7951=DIRECTION('',(1.,0.,0.));
#7952=DIRECTION('',(0.,0.,1.));
#7953=DIRECTION('',(1.,1.5182537088891E-16,0.));
#7954=DIRECTION('center_axis',(0.,-1.,0.));
#7955=DIRECTION('ref_axis',(1.,0.,0.));
#7956=DIRECTION('',(1.,1.5182537088891E-16,0.));
#7957=DIRECTION('',(0.,0.,1.));
#7958=DIRECTION('center_axis',(-8.74987224407805E-17,8.83909128121162E-17,
-1.));
#7959=DIRECTION('ref_axis',(0.663193293135993,0.748448165165388,8.12745063082874E-18));
#7960=DIRECTION('',(0.,0.,1.));
#7961=DIRECTION('center_axis',(1.,-3.99199332799893E-16,0.));
#7962=DIRECTION('ref_axis',(3.99199332799893E-16,1.,0.));
#7963=DIRECTION('',(3.98976281081786E-16,1.,0.));
#7964=DIRECTION('',(3.99199332799893E-16,1.,0.));
#7965=DIRECTION('',(0.,0.,1.));
#7966=DIRECTION('center_axis',(-2.13827742558441E-15,-3.11875646622881E-16,
-1.));
#7967=DIRECTION('ref_axis',(0.0176199646007381,0.999844756373443,-3.49503602461819E-16));
#7968=DIRECTION('',(0.,0.,1.));
#7969=DIRECTION('',(0.,0.,1.));
#7970=DIRECTION('center_axis',(-2.52284709318859E-16,-3.67864590902222E-17,
1.));
#7971=DIRECTION('ref_axis',(0.997834734482785,-0.0657711385006337,2.4931895864148E-16));
#7972=DIRECTION('',(0.,0.,1.));
#7973=DIRECTION('center_axis',(1.,0.,0.));
#7974=DIRECTION('ref_axis',(0.,1.,0.));
#7975=DIRECTION('',(0.,1.,0.));
#7976=DIRECTION('',(0.,1.,0.));
#7977=DIRECTION('',(0.,0.,1.));
#7978=DIRECTION('center_axis',(-2.12393344001039E-16,3.09272866227721E-17,
1.));
#7979=DIRECTION('ref_axis',(0.997834734445219,0.0657711390705658,2.09899333139667E-16));
#7980=DIRECTION('',(0.,0.,1.));
#7981=DIRECTION('',(0.,0.,1.));
#7982=DIRECTION('center_axis',(-1.05938027448445E-15,1.54158064750584E-16,
-1.));
#7983=DIRECTION('ref_axis',(-0.0176199643958118,0.999844756377054,1.72800375412147E-16));
#7984=DIRECTION('',(0.,0.,1.));
#7985=DIRECTION('center_axis',(1.,3.99199332799893E-16,0.));
#7986=DIRECTION('ref_axis',(-3.99199332799893E-16,1.,0.));
#7987=DIRECTION('',(-3.98976281081786E-16,1.,0.));
#7988=DIRECTION('',(-3.99199332799893E-16,1.,0.));
#7989=DIRECTION('',(0.,0.,1.));
#7990=DIRECTION('center_axis',(7.58089726239953E-18,5.23294550502491E-18,
-1.));
#7991=DIRECTION('ref_axis',(-0.663193229811287,0.748448221276845,-1.11101098504374E-18));
#7992=DIRECTION('',(0.,0.,1.));
#7993=DIRECTION('center_axis',(0.,1.,0.));
#7994=DIRECTION('ref_axis',(-1.,0.,0.));
#7995=DIRECTION('',(-1.,-1.5182537088891E-16,0.));
#7996=DIRECTION('',(-1.,0.,0.));
#7997=DIRECTION('',(0.,0.,1.));
#7998=DIRECTION('center_axis',(8.15159184002764E-17,-7.58013772548745E-17,
-1.));
#7999=DIRECTION('ref_axis',(0.663193293136052,0.748448165165336,-2.67259135652725E-18));
#8000=DIRECTION('',(0.,0.,1.));
#8001=DIRECTION('center_axis',(-1.,5.58879065919851E-15,0.));
#8002=DIRECTION('ref_axis',(-5.58879065919851E-15,-1.,0.));
#8003=DIRECTION('',(-7.97952562163572E-16,-1.,0.));
#8004=DIRECTION('',(-5.58879065919851E-15,-1.,0.));
#8005=DIRECTION('',(0.,0.,1.));
#8006=DIRECTION('center_axis',(1.39076530307023E-15,2.02471999567734E-16,
-1.));
#8007=DIRECTION('ref_axis',(0.0176199653389447,0.999844756360433,2.26945803512315E-16));
#8008=DIRECTION('',(0.,0.,1.));
#8009=DIRECTION('',(0.,0.,1.));
#8010=DIRECTION('center_axis',(7.94338285747988E-16,1.15850852735236E-16,
1.));
#8011=DIRECTION('ref_axis',(0.997834734467979,-0.0657711387252664,-7.84998689930403E-16));
#8012=DIRECTION('',(0.,0.,1.));
#8013=DIRECTION('center_axis',(-1.,-2.60650475831005E-15,0.));
#8014=DIRECTION('ref_axis',(2.60650475831005E-15,-1.,0.));
#8015=DIRECTION('',(0.,-1.,0.));
#8016=DIRECTION('',(2.60650475831005E-15,-1.,0.));
#8017=DIRECTION('',(0.,0.,1.));
#8018=DIRECTION('center_axis',(-2.25099290856514E-16,3.28224978750478E-17,
1.));
#8019=DIRECTION('ref_axis',(0.997834734481596,0.0657711385186755,2.22453118069537E-16));
#8020=DIRECTION('',(0.,0.,1.));
#8021=DIRECTION('',(0.,0.,1.));
#8022=DIRECTION('center_axis',(-1.89990933963687E-16,2.75678104224501E-17,
-1.));
#8023=DIRECTION('ref_axis',(-0.0176199650702282,0.999844756365169,3.0911164315456E-17));
#8024=DIRECTION('',(0.,0.,1.));
#8025=DIRECTION('center_axis',(-1.,0.,0.));
#8026=DIRECTION('ref_axis',(0.,-1.,0.));
#8027=DIRECTION('',(3.98976281081786E-16,-1.,0.));
#8028=DIRECTION('',(0.,-1.,0.));
#8029=DIRECTION('',(0.,0.,1.));
#8030=DIRECTION('center_axis',(-9.09738996845718E-18,-1.52176004542076E-17,
-1.));
#8031=DIRECTION('ref_axis',(-0.663193229809521,0.74844822127841,-5.35625855605937E-18));
#8032=DIRECTION('',(0.,0.,1.));
#8033=DIRECTION('center_axis',(-1.51860086373243E-16,-1.,0.));
#8034=DIRECTION('ref_axis',(1.,-1.51860086373243E-16,0.));
#8035=DIRECTION('',(1.,0.,0.));
#8036=DIRECTION('',(1.,-1.51860086373243E-16,0.));
#8037=DIRECTION('center_axis',(0.837166200015891,0.546948584010374,0.));
#8038=DIRECTION('ref_axis',(-0.546948584010374,0.837166200015891,0.));
#8039=DIRECTION('',(-0.546948584010374,0.837166200015891,0.));
#8040=DIRECTION('',(0.,0.,1.));
#8041=DIRECTION('',(-0.546948584010379,0.837166200015888,0.));
#8042=DIRECTION('center_axis',(0.,0.,1.));
#8043=DIRECTION('ref_axis',(1.,0.,0.));
#8044=DIRECTION('center_axis',(0.,0.,1.));
#8045=DIRECTION('ref_axis',(1.,0.,0.));
#8046=DIRECTION('center_axis',(0.,0.,1.));
#8047=DIRECTION('ref_axis',(1.,0.,0.));
#8048=DIRECTION('',(0.,0.,1.));
#8049=DIRECTION('center_axis',(1.,-6.38362049730858E-15,0.));
#8050=DIRECTION('ref_axis',(6.38362049730858E-15,1.,0.));
#8051=DIRECTION('',(7.97952562163572E-16,1.,0.));
#8052=DIRECTION('',(6.38362049730858E-15,1.,0.));
#8053=DIRECTION('',(0.,0.,1.));
#8054=DIRECTION('center_axis',(0.,0.,1.));
#8055=DIRECTION('ref_axis',(0.,-1.,0.));
#8056=DIRECTION('center_axis',(0.,0.,-1.));
#8057=DIRECTION('ref_axis',(0.,-1.,0.));
#8058=DIRECTION('center_axis',(0.,0.,1.));
#8059=DIRECTION('ref_axis',(0.,-1.,0.));
#8060=DIRECTION('center_axis',(0.,-1.,0.));
#8061=DIRECTION('ref_axis',(1.,0.,0.));
#8062=DIRECTION('center_axis',(0.,0.,1.));
#8063=DIRECTION('ref_axis',(-1.,0.,0.));
#8064=DIRECTION('center_axis',(0.,0.,-1.));
#8065=DIRECTION('ref_axis',(-1.,0.,0.));
#8066=DIRECTION('center_axis',(0.,0.,1.));
#8067=DIRECTION('ref_axis',(-1.,0.,0.));
#8068=DIRECTION('',(0.,0.,1.));
#8069=DIRECTION('center_axis',(-1.,-3.98976281081786E-16,0.));
#8070=DIRECTION('ref_axis',(3.98976281081786E-16,-1.,0.));
#8071=DIRECTION('',(3.98976281081786E-16,-1.,0.));
#8072=DIRECTION('',(3.98976281081786E-16,-1.,0.));
#8073=DIRECTION('',(0.,0.,1.));
#8074=DIRECTION('center_axis',(0.,0.,1.));
#8075=DIRECTION('ref_axis',(-0.837166200015889,0.546948584010378,0.));
#8076=DIRECTION('center_axis',(0.,0.,1.));
#8077=DIRECTION('ref_axis',(-0.837166200015887,0.54694858401038,0.));
#8078=DIRECTION('center_axis',(0.,0.,1.));
#8079=DIRECTION('ref_axis',(-0.837166200015889,0.546948584010378,0.));
#8080=DIRECTION('',(0.,0.,1.));
#8081=DIRECTION('center_axis',(-0.837166200015887,0.54694858401038,0.));
#8082=DIRECTION('ref_axis',(-0.54694858401038,-0.837166200015887,0.));
#8083=DIRECTION('',(0.,0.,1.));
#8084=DIRECTION('',(-0.54694858401038,-0.837166200015887,0.));
#8085=DIRECTION('',(-0.54694858401038,-0.837166200015887,0.));
#8086=DIRECTION('center_axis',(0.,0.,1.));
#8087=DIRECTION('ref_axis',(-0.837166200015886,0.546948584010381,0.));
#8088=DIRECTION('center_axis',(0.,0.,-1.));
#8089=DIRECTION('ref_axis',(-0.837166200015887,0.54694858401038,0.));
#8090=DIRECTION('center_axis',(-0.837166200015888,-0.546948584010378,0.));
#8091=DIRECTION('ref_axis',(0.546948584010378,-0.837166200015888,0.));
#8092=DIRECTION('',(0.546948584010378,-0.837166200015888,0.));
#8093=DIRECTION('',(0.,0.,1.));
#8094=DIRECTION('',(0.546948584010381,-0.837166200015887,0.));
#8095=DIRECTION('center_axis',(0.,0.,1.));
#8096=DIRECTION('ref_axis',(-1.,0.,0.));
#8097=DIRECTION('center_axis',(0.,0.,1.));
#8098=DIRECTION('ref_axis',(-1.,0.,0.));
#8099=DIRECTION('center_axis',(0.,0.,1.));
#8100=DIRECTION('ref_axis',(-1.,0.,0.));
#8101=DIRECTION('',(0.,0.,1.));
#8102=DIRECTION('center_axis',(-1.,3.98976281081786E-16,0.));
#8103=DIRECTION('ref_axis',(-3.98976281081786E-16,-1.,0.));
#8104=DIRECTION('',(-3.98976281081786E-16,-1.,0.));
#8105=DIRECTION('',(-3.98976281081786E-16,-1.,0.));
#8106=DIRECTION('',(0.,0.,1.));
#8107=DIRECTION('center_axis',(0.,0.,1.));
#8108=DIRECTION('ref_axis',(0.,1.,0.));
#8109=DIRECTION('center_axis',(0.,0.,-1.));
#8110=DIRECTION('ref_axis',(0.,1.,0.));
#8111=DIRECTION('center_axis',(0.,0.,1.));
#8112=DIRECTION('ref_axis',(0.,1.,0.));
#8113=DIRECTION('center_axis',(0.,1.,0.));
#8114=DIRECTION('ref_axis',(-1.,0.,0.));
#8115=DIRECTION('center_axis',(0.,0.,1.));
#8116=DIRECTION('ref_axis',(1.,0.,0.));
#8117=DIRECTION('center_axis',(0.,0.,-1.));
#8118=DIRECTION('ref_axis',(1.,0.,0.));
#8119=DIRECTION('center_axis',(0.,0.,1.));
#8120=DIRECTION('ref_axis',(1.,0.,0.));
#8121=DIRECTION('',(0.,0.,1.));
#8122=DIRECTION('center_axis',(1.,0.,0.));
#8123=DIRECTION('ref_axis',(0.,1.,0.));
#8124=DIRECTION('',(-3.98976281081786E-16,1.,0.));
#8125=DIRECTION('',(0.,1.,0.));
#8126=DIRECTION('',(0.,0.,1.));
#8127=DIRECTION('center_axis',(0.,0.,1.));
#8128=DIRECTION('ref_axis',(0.837166200015888,-0.546948584010378,0.));
#8129=DIRECTION('center_axis',(0.,0.,1.));
#8130=DIRECTION('ref_axis',(0.837166200015887,-0.54694858401038,0.));
#8131=DIRECTION('center_axis',(0.,0.,1.));
#8132=DIRECTION('ref_axis',(0.837166200015888,-0.546948584010378,0.));
#8133=DIRECTION('center_axis',(0.,0.,1.));
#8134=DIRECTION('ref_axis',(1.,0.,0.));
#8135=DIRECTION('center_axis',(5.95205042956015E-16,1.,0.));
#8136=DIRECTION('ref_axis',(0.,0.,-1.));
#8137=DIRECTION('center_axis',(4.30346158109341E-32,-1.,-4.20956787386955E-31));
#8138=DIRECTION('ref_axis',(-0.670186382519545,0.,-0.742192840631979));
#8139=DIRECTION('center_axis',(-5.95205042956034E-16,1.,0.));
#8140=DIRECTION('ref_axis',(0.,0.,-1.));
#8141=DIRECTION('',(4.30346158109341E-32,-1.,-4.20956787386955E-31));
#8142=DIRECTION('',(-4.30346158109341E-32,1.,4.20956787386955E-31));
#8143=DIRECTION('center_axis',(-3.98976281081786E-16,1.,4.20956787386955E-31));
#8144=DIRECTION('ref_axis',(0.664030787682591,0.,-0.747705231364365));
#8145=DIRECTION('',(3.98976281081786E-16,-1.,-4.20906910946419E-31));
#8146=DIRECTION('center_axis',(0.,-1.,0.));
#8147=DIRECTION('ref_axis',(0.,0.,-1.));
#8148=DIRECTION('',(-3.98976281081786E-16,1.,4.20956787386955E-31));
#8149=DIRECTION('center_axis',(1.,-2.38267546444719E-15,0.));
#8150=DIRECTION('ref_axis',(0.,0.,-1.));
#8151=DIRECTION('center_axis',(-1.,-1.10083080108613E-31,-1.00380842539718E-30));
#8152=DIRECTION('ref_axis',(0.,0.667453417595599,-0.744651552969545));
#8153=DIRECTION('center_axis',(1.,0.,0.));
#8154=DIRECTION('ref_axis',(0.,0.,-1.));
#8155=DIRECTION('',(-1.,-1.10083080108613E-31,-1.00380842539718E-30));
#8156=DIRECTION('',(1.,1.10083080108613E-31,1.00380842539718E-30));
#8157=DIRECTION('center_axis',(1.19258769133331E-15,1.,0.));
#8158=DIRECTION('ref_axis',(0.,0.,-1.));
#8159=DIRECTION('center_axis',(-3.98976281081786E-16,-1.,-4.20956787386955E-31));
#8160=DIRECTION('ref_axis',(-0.66403078768259,7.91914944056617E-16,-0.747705231364365));
#8161=DIRECTION('',(-3.98976281081786E-16,-1.,-4.20956787386955E-31));
#8162=DIRECTION('',(3.98976281081786E-16,1.,4.2090691094642E-31));
#8163=DIRECTION('center_axis',(0.,-1.,0.));
#8164=DIRECTION('ref_axis',(0.,0.,-1.));
#8165=DIRECTION('center_axis',(4.30346158109341E-32,1.,4.20956787386955E-31));
#8166=DIRECTION('ref_axis',(0.670186382519545,0.,-0.742192840631979));
#8167=DIRECTION('center_axis',(5.95205042956016E-16,-1.,0.));
#8168=DIRECTION('ref_axis',(0.,0.,-1.));
#8169=DIRECTION('',(4.30346158109341E-32,1.,4.20956787386955E-31));
#8170=DIRECTION('',(-4.30346158109341E-32,-1.,-4.20956787386955E-31));
#8171=DIRECTION('center_axis',(3.98976281081786E-16,-1.,-4.20956787386955E-31));
#8172=DIRECTION('ref_axis',(-0.664030787682591,0.,-0.747705231364365));
#8173=DIRECTION('',(-3.98976281081786E-16,1.,4.20906910946419E-31));
#8174=DIRECTION('center_axis',(0.,1.,0.));
#8175=DIRECTION('ref_axis',(0.,0.,-1.));
#8176=DIRECTION('',(3.98976281081786E-16,-1.,-4.20956787386955E-31));
#8177=DIRECTION('center_axis',(-1.,0.,0.));
#8178=DIRECTION('ref_axis',(0.,0.,-1.));
#8179=DIRECTION('center_axis',(-1.1925876913333E-15,-1.,0.));
#8180=DIRECTION('ref_axis',(0.,0.,-1.));
#8181=DIRECTION('center_axis',(1.,0.,0.));
#8182=DIRECTION('ref_axis',(0.,-0.994040447894786,-0.109011870679912));
#8183=DIRECTION('center_axis',(7.97952562163572E-16,1.,4.20956787386956E-31));
#8184=DIRECTION('ref_axis',(0.664030787682591,0.,-0.747705231364365));
#8185=DIRECTION('',(7.97952562163572E-16,1.,4.20956787386956E-31));
#8186=DIRECTION('',(-7.97952562163572E-16,-1.,-4.26730983545664E-31));
#8187=DIRECTION('center_axis',(1.,1.5182537088891E-16,1.00380842539718E-30));
#8188=DIRECTION('ref_axis',(0.,-0.667453417595599,-0.744651552969545));
#8189=DIRECTION('',(1.,1.5182537088891E-16,1.00380842539718E-30));
#8190=DIRECTION('',(-1.,-1.5182537088891E-16,-1.00262898006294E-30));
#8191=DIRECTION('center_axis',(0.992998587474546,-3.9618288355006E-16,0.118126226019277));
#8192=DIRECTION('ref_axis',(0.118126226019277,0.,-0.992998587474546));
#8193=DIRECTION('',(0.117821370189149,-0.0717973974590128,-0.990435893152537));
#8194=DIRECTION('',(0.118125920171128,-0.00227559243180675,-0.99299601643854));
#8195=DIRECTION('',(0.101697958135762,-0.00696556317478926,-0.994790935946179));
#8196=DIRECTION('center_axis',(0.994815069990102,0.,0.101700425370735));
#8197=DIRECTION('ref_axis',(0.101700425370735,0.,-0.994815069990102));
#8198=DIRECTION('',(0.101697958135764,0.00696556317478925,-0.994790935946179));
#8199=DIRECTION('',(0.118125920171128,0.00227559243180682,-0.99299601643854));
#8200=DIRECTION('center_axis',(0.992998587474546,3.9618288355006E-16,0.118126226019277));
#8201=DIRECTION('ref_axis',(0.118126226019277,0.,-0.992998587474546));
#8202=DIRECTION('',(0.117821370189149,0.0717973974590129,-0.990435893152537));
#8203=DIRECTION('',(0.0810296586625515,0.108653405933876,-0.990771735464834));
#8204=DIRECTION('center_axis',(-1.50920559680204E-16,0.994040447894786,
0.109011870679911));
#8205=DIRECTION('ref_axis',(0.,-0.109011870679911,0.994040447894786));
#8206=DIRECTION('',(-0.0810296586625515,0.108653405933876,-0.990771735464834));
#8207=DIRECTION('',(-0.117821370189149,0.0717973974590128,-0.990435893152537));
#8208=DIRECTION('center_axis',(-1.00380842539718E-30,-4.20956787386955E-31,
1.));
#8209=DIRECTION('ref_axis',(1.,0.,1.00380842539718E-30));
#8210=DIRECTION('center_axis',(0.,-0.994040447894786,0.109011870679911));
#8211=DIRECTION('ref_axis',(0.,-0.109011870679911,-0.994040447894786));
#8212=DIRECTION('',(0.0810296586625515,0.108653405933876,0.990771735464834));
#8213=DIRECTION('',(0.0810296586625515,-0.108653405933876,-0.990771735464834));
#8214=DIRECTION('center_axis',(-0.992998587474546,7.92365767100122E-16,
0.118126226019277));
#8215=DIRECTION('ref_axis',(0.118126226019277,0.,0.992998587474546));
#8216=DIRECTION('',(-0.118125920171128,0.00227559243180688,-0.99299601643854));
#8217=DIRECTION('',(-0.101697958135762,0.00696556317478926,-0.994790935946179));
#8218=DIRECTION('center_axis',(-0.994815069990102,0.,0.101700425370735));
#8219=DIRECTION('ref_axis',(0.101700425370735,0.,0.994815069990102));
#8220=DIRECTION('',(-0.101697958135761,-0.00696556317478926,-0.994790935946179));
#8221=DIRECTION('',(-0.118125920171127,-0.00227559243180688,-0.99299601643854));
#8222=DIRECTION('center_axis',(-0.992998587474546,-3.96182883550061E-16,
0.118126226019277));
#8223=DIRECTION('ref_axis',(0.118126226019277,0.,0.992998587474546));
#8224=DIRECTION('',(-0.117821370189149,-0.0717973974590129,-0.990435893152537));
#8225=DIRECTION('center_axis',(-0.453643137044102,0.891183429049703,0.));
#8226=DIRECTION('ref_axis',(0.,0.,-1.));
#8227=DIRECTION('center_axis',(5.95205042956015E-16,1.,0.));
#8228=DIRECTION('ref_axis',(0.,0.,-1.));
#8229=DIRECTION('center_axis',(4.30346158109341E-32,-1.,-4.20956787386955E-31));
#8230=DIRECTION('ref_axis',(-0.670186382519545,0.,-0.742192840631979));
#8231=DIRECTION('center_axis',(-5.95205042956034E-16,1.,0.));
#8232=DIRECTION('ref_axis',(0.,0.,-1.));
#8233=DIRECTION('',(-4.30346158109341E-32,1.,4.20956787386955E-31));
#8234=DIRECTION('',(4.30346158109341E-32,-1.,-4.20956787386955E-31));
#8235=DIRECTION('center_axis',(0.453643137044102,0.891183429049702,0.));
#8236=DIRECTION('ref_axis',(0.,0.,-1.));
#8237=DIRECTION('center_axis',(-3.98976281081786E-16,1.,4.20956787386955E-31));
#8238=DIRECTION('ref_axis',(0.664030787682591,0.,-0.747705231364365));
#8239=DIRECTION('',(-3.98976281081786E-16,1.,4.20956787386955E-31));
#8240=DIRECTION('center_axis',(0.,-1.,0.));
#8241=DIRECTION('ref_axis',(0.,0.,-1.));
#8242=DIRECTION('',(3.98976281081786E-16,-1.,-4.20906910946419E-31));
#8243=DIRECTION('center_axis',(1.,-2.38267546444719E-15,0.));
#8244=DIRECTION('ref_axis',(0.,0.,-1.));
#8245=DIRECTION('center_axis',(-1.,-1.10083080108613E-31,-1.00380842539718E-30));
#8246=DIRECTION('ref_axis',(0.,0.667453417595599,-0.744651552969545));
#8247=DIRECTION('center_axis',(1.,0.,0.));
#8248=DIRECTION('ref_axis',(0.,0.,-1.));
#8249=DIRECTION('',(1.,1.10083080108613E-31,1.00380842539718E-30));
#8250=DIRECTION('',(-1.,-1.10083080108613E-31,-1.00380842539718E-30));
#8251=DIRECTION('center_axis',(1.19258769133331E-15,1.,0.));
#8252=DIRECTION('ref_axis',(0.,0.,-1.));
#8253=DIRECTION('center_axis',(-3.98976281081786E-16,-1.,-4.20956787386955E-31));
#8254=DIRECTION('ref_axis',(-0.66403078768259,7.91914944056617E-16,-0.747705231364365));
#8255=DIRECTION('',(3.98976281081786E-16,1.,4.2090691094642E-31));
#8256=DIRECTION('',(-3.98976281081786E-16,-1.,-4.20956787386955E-31));
#8257=DIRECTION('center_axis',(0.453643137044101,-0.891183429049703,0.));
#8258=DIRECTION('ref_axis',(0.,0.,-1.));
#8259=DIRECTION('center_axis',(0.,-1.,0.));
#8260=DIRECTION('ref_axis',(0.,0.,-1.));
#8261=DIRECTION('center_axis',(4.30346158109341E-32,1.,4.20956787386955E-31));
#8262=DIRECTION('ref_axis',(0.670186382519545,0.,-0.742192840631979));
#8263=DIRECTION('center_axis',(5.95205042956016E-16,-1.,0.));
#8264=DIRECTION('ref_axis',(0.,0.,-1.));
#8265=DIRECTION('',(-4.30346158109341E-32,-1.,-4.20956787386955E-31));
#8266=DIRECTION('',(4.30346158109341E-32,1.,4.20956787386955E-31));
#8267=DIRECTION('center_axis',(-0.453643137044101,-0.891183429049703,0.));
#8268=DIRECTION('ref_axis',(0.,0.,-1.));
#8269=DIRECTION('center_axis',(3.98976281081786E-16,-1.,-4.20956787386955E-31));
#8270=DIRECTION('ref_axis',(-0.664030787682591,0.,-0.747705231364365));
#8271=DIRECTION('',(3.98976281081786E-16,-1.,-4.20956787386955E-31));
#8272=DIRECTION('center_axis',(0.,1.,0.));
#8273=DIRECTION('ref_axis',(0.,0.,-1.));
#8274=DIRECTION('',(-3.98976281081786E-16,1.,4.20906910946419E-31));
#8275=DIRECTION('center_axis',(-1.,0.,0.));
#8276=DIRECTION('ref_axis',(0.,0.,-1.));
#8277=DIRECTION('center_axis',(-1.1925876913333E-15,-1.,0.));
#8278=DIRECTION('ref_axis',(0.,0.,-1.));
#8279=DIRECTION('center_axis',(1.,0.,0.));
#8280=DIRECTION('ref_axis',(0.,-0.994040447894786,-0.109011870679912));
#8281=DIRECTION('center_axis',(7.97952562163572E-16,1.,4.20956787386956E-31));
#8282=DIRECTION('ref_axis',(0.664030787682591,0.,-0.747705231364365));
#8283=DIRECTION('',(-7.97952562163572E-16,-1.,-4.26730983545664E-31));
#8284=DIRECTION('',(7.97952562163572E-16,1.,4.20956787386956E-31));
#8285=DIRECTION('center_axis',(1.,1.5182537088891E-16,1.00380842539718E-30));
#8286=DIRECTION('ref_axis',(0.,-0.667453417595599,-0.744651552969545));
#8287=DIRECTION('',(-1.,-1.5182537088891E-16,-1.00262898006294E-30));
#8288=DIRECTION('',(1.,1.5182537088891E-16,1.00380842539718E-30));
#8289=DIRECTION('center_axis',(0.992998587474546,-3.9618288355006E-16,0.118126226019277));
#8290=DIRECTION('ref_axis',(0.118126226019277,0.,-0.992998587474546));
#8291=DIRECTION('',(0.118125920171128,-0.00227559243180675,-0.99299601643854));
#8292=DIRECTION('',(0.117821370189149,-0.0717973974590128,-0.990435893152537));
#8293=DIRECTION('',(0.116041072186012,0.00140641016462528,-0.993243420102227));
#8294=DIRECTION('',(0.103789577909301,-0.0106512069289298,-0.994542244104476));
#8295=DIRECTION('',(0.101697958135762,-0.00696556317478926,-0.994790935946179));
#8296=DIRECTION('center_axis',(0.994815069990102,0.,0.101700425370735));
#8297=DIRECTION('ref_axis',(0.101700425370735,0.,-0.994815069990102));
#8298=DIRECTION('',(0.101697958135764,0.00696556317478925,-0.994790935946179));
#8299=DIRECTION('',(0.103789577909301,0.0106512069289298,-0.994542244104476));
#8300=DIRECTION('',(0.11604107218601,-0.0014064101646245,-0.993243420102228));
#8301=DIRECTION('',(0.118125920171128,0.00227559243180682,-0.99299601643854));
#8302=DIRECTION('center_axis',(0.992998587474546,3.9618288355006E-16,0.118126226019277));
#8303=DIRECTION('ref_axis',(0.118126226019277,0.,-0.992998587474546));
#8304=DIRECTION('',(0.117821370189149,0.0717973974590129,-0.990435893152537));
#8305=DIRECTION('',(0.0810296586625515,0.108653405933876,-0.990771735464834));
#8306=DIRECTION('center_axis',(-1.50920559680204E-16,0.994040447894786,
0.109011870679911));
#8307=DIRECTION('ref_axis',(0.,-0.109011870679911,0.994040447894786));
#8308=DIRECTION('',(-0.0810296586625515,0.108653405933876,-0.990771735464834));
#8309=DIRECTION('',(-0.117821370189149,0.0717973974590128,-0.990435893152537));
#8310=DIRECTION('center_axis',(-1.00380842539718E-30,-4.20956787386955E-31,
1.));
#8311=DIRECTION('ref_axis',(1.,0.,1.00380842539718E-30));
#8312=DIRECTION('center_axis',(0.,-0.994040447894786,0.109011870679911));
#8313=DIRECTION('ref_axis',(0.,-0.109011870679911,-0.994040447894786));
#8314=DIRECTION('',(0.0810296586625515,-0.108653405933876,-0.990771735464834));
#8315=DIRECTION('',(0.0810296586625515,0.108653405933876,0.990771735464834));
#8316=DIRECTION('center_axis',(-0.992998587474546,7.92365767100122E-16,
0.118126226019277));
#8317=DIRECTION('ref_axis',(0.118126226019277,0.,0.992998587474546));
#8318=DIRECTION('',(-0.118125920171128,0.00227559243180688,-0.99299601643854));
#8319=DIRECTION('',(-0.116041072186011,-0.00140641016462509,-0.993243420102227));
#8320=DIRECTION('',(-0.103789577909301,0.0106512069289297,-0.994542244104475));
#8321=DIRECTION('',(-0.101697958135762,0.00696556317478926,-0.994790935946179));
#8322=DIRECTION('center_axis',(-0.994815069990102,0.,0.101700425370735));
#8323=DIRECTION('ref_axis',(0.101700425370735,0.,0.994815069990102));
#8324=DIRECTION('',(-0.101697958135761,-0.00696556317478926,-0.994790935946179));
#8325=DIRECTION('',(-0.103789577909302,-0.0106512069289296,-0.994542244104475));
#8326=DIRECTION('',(-0.116041072186012,0.00140641016462555,-0.993243420102227));
#8327=DIRECTION('',(-0.118125920171127,-0.00227559243180688,-0.99299601643854));
#8328=DIRECTION('center_axis',(-0.992998587474546,-3.96182883550061E-16,
0.118126226019277));
#8329=DIRECTION('ref_axis',(0.118126226019277,0.,0.992998587474546));
#8330=DIRECTION('',(-0.117821370189149,-0.0717973974590129,-0.990435893152537));
#8331=CARTESIAN_POINT('',(0.,0.,0.));
#8332=CARTESIAN_POINT('Origin',(-9.18521253982695,-191.103128428872,39.590395265546));
#8333=CARTESIAN_POINT('',(-3.25838342854162,-191.103128428872,39.590395265546));
#8334=CARTESIAN_POINT('',(-9.18521253982695,-191.103128428872,39.590395265546));
#8335=CARTESIAN_POINT('',(-4.59260626991347,-191.103128428872,39.590395265546));
#8336=CARTESIAN_POINT('',(-3.25838342854162,-191.603072746485,39.5978571210327));
#8337=CARTESIAN_POINT('',(-3.25838342854162,-191.103128428872,39.590395265546));
#8338=CARTESIAN_POINT('',(-9.18521253982695,-191.603072746485,39.5978571210327));
#8339=CARTESIAN_POINT('',(-3.25838342854162,-191.603072746485,39.5978571210327));
#8340=CARTESIAN_POINT('',(-9.18521253982695,-191.103128428872,39.590395265546));
#8341=CARTESIAN_POINT('Origin',(-9.18521253982695,-191.071392794335,41.7166827795508));
#8342=CARTESIAN_POINT('',(-9.18521253982695,-191.071392794335,41.7166827795508));
#8343=CARTESIAN_POINT('',(-9.18521253982695,-191.241588503629,30.3135702568549));
#8344=CARTESIAN_POINT('',(-9.18521253982695,-191.571337111947,41.7241446350376));
#8345=CARTESIAN_POINT('',(-9.18521253982695,-191.603072746485,39.5978571210327));
#8346=CARTESIAN_POINT('',(-9.18521253982695,-191.071392794335,41.7166827795508));
#8347=CARTESIAN_POINT('Origin',(5.08307976511921,-191.071392794335,41.7166827795508));
#8348=CARTESIAN_POINT('',(5.08307976511921,-191.071392794335,41.7166827795508));
#8349=CARTESIAN_POINT('',(2.5415398825596,-191.071392794335,41.7166827795508));
#8350=CARTESIAN_POINT('',(5.08307976511921,-191.571337111947,41.7241446350376));
#8351=CARTESIAN_POINT('',(-9.18521253982695,-191.571337111947,41.7241446350376));
#8352=CARTESIAN_POINT('',(5.08307976511921,-191.071392794335,41.7166827795508));
#8353=CARTESIAN_POINT('Origin',(5.08307976511921,-191.103128428872,39.590395265546));
#8354=CARTESIAN_POINT('',(5.08307976511921,-191.103128428872,39.590395265546));
#8355=CARTESIAN_POINT('',(5.08307976511921,-191.257456320898,29.2504264998525));
#8356=CARTESIAN_POINT('',(5.08307976511921,-191.603072746485,39.5978571210327));
#8357=CARTESIAN_POINT('',(5.08307976511921,-191.571337111947,41.7241446350376));
#8358=CARTESIAN_POINT('',(5.08307976511921,-191.103128428872,39.590395265546));
#8359=CARTESIAN_POINT('Origin',(-0.871188369829481,-191.103128428872,39.590395265546));
#8360=CARTESIAN_POINT('',(-0.871188369829481,-191.103128428872,39.590395265546));
#8361=CARTESIAN_POINT('',(-0.43559418491474,-191.103128428872,39.590395265546));
#8362=CARTESIAN_POINT('',(-0.871188369829481,-191.603072746485,39.5978571210327));
#8363=CARTESIAN_POINT('',(5.08307976511921,-191.603072746485,39.5978571210327));
#8364=CARTESIAN_POINT('',(-0.871188369829481,-191.103128428872,39.590395265546));
#8365=CARTESIAN_POINT('Origin',(-0.871188369829481,-191.340019584742,23.7186878222969));
#8366=CARTESIAN_POINT('',(-0.871188369829481,-191.340019584742,23.7186878222969));
#8367=CARTESIAN_POINT('',(-0.871188369829481,-191.375901898832,21.3145727782279));
#8368=CARTESIAN_POINT('',(-0.871188369829481,-191.839963902354,23.7261496777836));
#8369=CARTESIAN_POINT('',(-0.871188369829481,-191.603072746485,39.5978571210327));
#8370=CARTESIAN_POINT('',(-0.871188369829481,-191.340019584742,23.7186878222969));
#8371=CARTESIAN_POINT('Origin',(-3.25838342854162,-191.340019584742,23.7186878222969));
#8372=CARTESIAN_POINT('',(-3.25838342854162,-191.340019584742,23.7186878222969));
#8373=CARTESIAN_POINT('',(-1.62919171427081,-191.340019584742,23.7186878222969));
#8374=CARTESIAN_POINT('',(-3.25838342854162,-191.839963902354,23.7261496777836));
#8375=CARTESIAN_POINT('',(-0.871188369829481,-191.839963902354,23.7261496777836));
#8376=CARTESIAN_POINT('',(-3.25838342854162,-191.340019584742,23.7186878222969));
#8377=CARTESIAN_POINT('Origin',(-3.25838342854162,-191.103128428872,39.590395265546));
#8378=CARTESIAN_POINT('',(-3.25838342854162,-191.257456320898,29.2504264998525));
#8379=CARTESIAN_POINT('',(-3.25838342854162,-191.839963902354,23.7261496777836));
#8380=CARTESIAN_POINT('Origin',(-2.05781531387991,-191.662039167656,35.647106902553));
#8381=CARTESIAN_POINT('Origin',(-28.3102120331875,-191.071392794335,41.7166827795508));
#8382=CARTESIAN_POINT('',(-41.3437482732825,-191.071392794335,41.7166827795508));
#8383=CARTESIAN_POINT('',(-28.3102120331875,-191.071392794335,41.7166827795508));
#8384=CARTESIAN_POINT('',(-14.1551060165937,-191.071392794335,41.7166827795508));
#8385=CARTESIAN_POINT('',(-41.3437482732825,-191.571337111947,41.7241446350376));
#8386=CARTESIAN_POINT('',(-41.3437482732825,-191.071392794335,41.7166827795508));
#8387=CARTESIAN_POINT('',(-28.3102120331875,-191.571337111947,41.7241446350376));
#8388=CARTESIAN_POINT('',(-41.3437482732825,-191.571337111947,41.7241446350376));
#8389=CARTESIAN_POINT('',(-28.3102120331875,-191.071392794335,41.7166827795508));
#8390=CARTESIAN_POINT('Origin',(-28.3102120331875,-191.103128428872,39.590395265546));
#8391=CARTESIAN_POINT('',(-28.3102120331875,-191.103128428872,39.590395265546));
#8392=CARTESIAN_POINT('',(-28.3102120331875,-191.257456320898,29.2504264998525));
#8393=CARTESIAN_POINT('',(-28.3102120331875,-191.603072746485,39.5978571210327));
#8394=CARTESIAN_POINT('',(-28.3102120331875,-191.571337111947,41.7241446350376));
#8395=CARTESIAN_POINT('',(-28.3102120331875,-191.103128428872,39.590395265546));
#8396=CARTESIAN_POINT('Origin',(-38.9565532145704,-191.103128428872,39.590395265546));
#8397=CARTESIAN_POINT('',(-38.9565532145704,-191.103128428872,39.590395265546));
#8398=CARTESIAN_POINT('',(-19.4782766072852,-191.103128428872,39.590395265546));
#8399=CARTESIAN_POINT('',(-38.9565532145704,-191.603072746485,39.5978571210327));
#8400=CARTESIAN_POINT('',(-28.3102120331875,-191.603072746485,39.5978571210327));
#8401=CARTESIAN_POINT('',(-38.9565532145704,-191.103128428872,39.590395265546));
#8402=CARTESIAN_POINT('Origin',(-38.9565532145704,-191.185231586611,34.089483697056));
#8403=CARTESIAN_POINT('',(-38.9565532145704,-191.185231586611,34.089483697056));
#8404=CARTESIAN_POINT('',(-38.9565532145704,-191.298507899767,26.4999707156075));
#8405=CARTESIAN_POINT('',(-38.9565532145704,-191.685175904223,34.0969455525428));
#8406=CARTESIAN_POINT('',(-38.9565532145704,-191.603072746485,39.5978571210327));
#8407=CARTESIAN_POINT('',(-38.9565532145704,-191.185231586611,34.089483697056));
#8408=CARTESIAN_POINT('Origin',(-28.9824681129397,-191.185231586611,34.089483697056));
#8409=CARTESIAN_POINT('',(-28.9824681129397,-191.185231586611,34.089483697056));
#8410=CARTESIAN_POINT('',(-14.4912340564699,-191.185231586611,34.089483697056));
#8411=CARTESIAN_POINT('',(-28.9824681129397,-191.685175904223,34.0969455525428));
#8412=CARTESIAN_POINT('',(-38.9565532145704,-191.685175904223,34.0969455525428));
#8413=CARTESIAN_POINT('',(-28.9824681129397,-191.185231586611,34.089483697056));
#8414=CARTESIAN_POINT('Origin',(-28.9824681129397,-191.216967221148,31.9631961830512));
#8415=CARTESIAN_POINT('',(-28.9824681129397,-191.216967221148,31.9631961830512));
#8416=CARTESIAN_POINT('',(-28.9824681129397,-191.314375717036,25.4368269586051));
#8417=CARTESIAN_POINT('',(-28.9824681129397,-191.716911538761,31.9706580385379));
#8418=CARTESIAN_POINT('',(-28.9824681129397,-191.685175904223,34.0969455525428));
#8419=CARTESIAN_POINT('',(-28.9824681129397,-191.216967221148,31.9631961830512));
#8420=CARTESIAN_POINT('Origin',(-38.9565532145704,-191.216967221148,31.9631961830512));
#8421=CARTESIAN_POINT('',(-38.9565532145704,-191.216967221148,31.9631961830512));
#8422=CARTESIAN_POINT('',(-19.4782766072852,-191.216967221148,31.9631961830512));
#8423=CARTESIAN_POINT('',(-38.9565532145704,-191.716911538761,31.9706580385379));
#8424=CARTESIAN_POINT('',(-28.9824681129397,-191.716911538761,31.9706580385379));
#8425=CARTESIAN_POINT('',(-38.9565532145704,-191.216967221148,31.9631961830512));
#8426=CARTESIAN_POINT('Origin',(-38.9565532145704,-191.308283950204,25.8449753363017));
#8427=CARTESIAN_POINT('',(-38.9565532145704,-191.308283950204,25.8449753363017));
#8428=CARTESIAN_POINT('',(-38.9565532145704,-191.360034081564,22.3777165352304));
#8429=CARTESIAN_POINT('',(-38.9565532145704,-191.808228267817,25.8524371917885));
#8430=CARTESIAN_POINT('',(-38.9565532145704,-191.716911538761,31.9706580385379));
#8431=CARTESIAN_POINT('',(-38.9565532145704,-191.308283950204,25.8449753363017));
#8432=CARTESIAN_POINT('Origin',(-27.8986266782371,-191.308283950204,25.8449753363017));
#8433=CARTESIAN_POINT('',(-27.8986266782371,-191.308283950204,25.8449753363017));
#8434=CARTESIAN_POINT('',(-13.9493133391185,-191.308283950204,25.8449753363017));
#8435=CARTESIAN_POINT('',(-27.8986266782371,-191.808228267817,25.8524371917885));
#8436=CARTESIAN_POINT('',(-38.9565532145704,-191.808228267817,25.8524371917885));
#8437=CARTESIAN_POINT('',(-27.8986266782371,-191.308283950204,25.8449753363017));
#8438=CARTESIAN_POINT('Origin',(-27.8986266782371,-191.340019584742,23.7186878222969));
#8439=CARTESIAN_POINT('',(-27.8986266782371,-191.340019584742,23.7186878222969));
#8440=CARTESIAN_POINT('',(-27.8986266782371,-191.375901898832,21.314572778228));
#8441=CARTESIAN_POINT('',(-27.8986266782371,-191.839963902354,23.7261496777836));
#8442=CARTESIAN_POINT('',(-27.8986266782371,-191.808228267817,25.8524371917885));
#8443=CARTESIAN_POINT('',(-27.8986266782371,-191.340019584742,23.7186878222969));
#8444=CARTESIAN_POINT('Origin',(-41.3437482732825,-191.340019584742,23.7186878222969));
#8445=CARTESIAN_POINT('',(-41.3437482732825,-191.340019584742,23.7186878222969));
#8446=CARTESIAN_POINT('',(-20.6718741366413,-191.340019584742,23.7186878222969));
#8447=CARTESIAN_POINT('',(-41.3437482732825,-191.839963902354,23.7261496777836));
#8448=CARTESIAN_POINT('',(-27.8986266782371,-191.839963902354,23.7261496777836));
#8449=CARTESIAN_POINT('',(-41.3437482732825,-191.340019584742,23.7186878222969));
#8450=CARTESIAN_POINT('Origin',(-41.3437482732825,-191.071392794335,41.7166827795508));
#8451=CARTESIAN_POINT('',(-41.3437482732825,-191.241588503629,30.3135702568549));
#8452=CARTESIAN_POINT('',(-41.3437482732825,-191.839963902354,23.7261496777836));
#8453=CARTESIAN_POINT('Origin',(-35.5589007450479,-191.705704323795,32.7215414412587));
#8454=CARTESIAN_POINT('Origin',(-44.485516482737,-191.071392794335,41.7166827795508));
#8455=CARTESIAN_POINT('',(-56.6410039656046,-191.071392794335,41.7166827795508));
#8456=CARTESIAN_POINT('',(-44.485516482737,-191.071392794335,41.7166827795508));
#8457=CARTESIAN_POINT('',(-22.2427582413685,-191.071392794335,41.7166827795508));
#8458=CARTESIAN_POINT('',(-56.6410039656046,-191.571337111947,41.7241446350376));
#8459=CARTESIAN_POINT('',(-56.6410039656046,-191.071392794335,41.7166827795508));
#8460=CARTESIAN_POINT('',(-44.485516482737,-191.571337111947,41.7241446350376));
#8461=CARTESIAN_POINT('',(-56.6410039656046,-191.571337111947,41.7241446350376));
#8462=CARTESIAN_POINT('',(-44.485516482737,-191.071392794335,41.7166827795508));
#8463=CARTESIAN_POINT('Origin',(-44.485516482737,-191.103128428872,39.590395265546));
#8464=CARTESIAN_POINT('',(-44.485516482737,-191.103128428872,39.590395265546));
#8465=CARTESIAN_POINT('',(-44.485516482737,-191.257456320898,29.2504264998525));
#8466=CARTESIAN_POINT('',(-44.485516482737,-191.603072746485,39.5978571210327));
#8467=CARTESIAN_POINT('',(-44.485516482737,-191.571337111947,41.7241446350376));
#8468=CARTESIAN_POINT('',(-44.485516482737,-191.103128428872,39.590395265546));
#8469=CARTESIAN_POINT('Origin',(-54.2538089068924,-191.103128428872,39.590395265546));
#8470=CARTESIAN_POINT('',(-54.2538089068924,-191.103128428872,39.590395265546));
#8471=CARTESIAN_POINT('',(-27.1269044534462,-191.103128428872,39.590395265546));
#8472=CARTESIAN_POINT('',(-54.2538089068924,-191.603072746485,39.5978571210327));
#8473=CARTESIAN_POINT('',(-44.485516482737,-191.603072746485,39.5978571210327));
#8474=CARTESIAN_POINT('',(-54.2538089068924,-191.103128428872,39.590395265546));
#8475=CARTESIAN_POINT('Origin',(-54.2538089068924,-191.186255316757,34.0208937772494));
#8476=CARTESIAN_POINT('',(-54.2538089068924,-191.186255316757,34.0208937772494));
#8477=CARTESIAN_POINT('',(-54.2538089068924,-191.29901976484,26.4656757557042));
#8478=CARTESIAN_POINT('',(-54.2538089068924,-191.68619963437,34.0283556327362));
#8479=CARTESIAN_POINT('',(-54.2538089068924,-191.603072746485,39.5978571210327));
#8480=CARTESIAN_POINT('',(-54.2538089068924,-191.186255316757,34.0208937772494));
#8481=CARTESIAN_POINT('Origin',(-45.8025896185782,-191.186255316757,34.0208937772494));
#8482=CARTESIAN_POINT('',(-45.8025896185782,-191.186255316757,34.0208937772494));
#8483=CARTESIAN_POINT('',(-22.9012948092891,-191.186255316757,34.0208937772494));
#8484=CARTESIAN_POINT('',(-45.8025896185782,-191.68619963437,34.0283556327362));
#8485=CARTESIAN_POINT('',(-54.2538089068924,-191.68619963437,34.0283556327362));
#8486=CARTESIAN_POINT('',(-45.8025896185782,-191.186255316757,34.0208937772494));
#8487=CARTESIAN_POINT('Origin',(-45.8025896185782,-191.217990951295,31.8946062632446));
#8488=CARTESIAN_POINT('',(-45.8025896185782,-191.217990951295,31.8946062632446));
#8489=CARTESIAN_POINT('',(-45.8025896185782,-191.314887582109,25.4025319987018));
#8490=CARTESIAN_POINT('',(-45.8025896185782,-191.717935268907,31.9020681187313));
#8491=CARTESIAN_POINT('',(-45.8025896185782,-191.68619963437,34.0283556327362));
#8492=CARTESIAN_POINT('',(-45.8025896185782,-191.217990951295,31.8946062632446));
#8493=CARTESIAN_POINT('Origin',(-54.2538089068924,-191.217990951295,31.8946062632446));
#8494=CARTESIAN_POINT('',(-54.2538089068924,-191.217990951295,31.8946062632446));
#8495=CARTESIAN_POINT('',(-27.1269044534462,-191.217990951295,31.8946062632446));
#8496=CARTESIAN_POINT('',(-54.2538089068924,-191.717935268907,31.9020681187313));
#8497=CARTESIAN_POINT('',(-45.8025896185782,-191.717935268907,31.9020681187313));
#8498=CARTESIAN_POINT('',(-54.2538089068924,-191.217990951295,31.8946062632446));
#8499=CARTESIAN_POINT('Origin',(-54.2538089068924,-191.340019584742,23.7186878222969));
#8500=CARTESIAN_POINT('',(-54.2538089068924,-191.340019584742,23.7186878222969));
#8501=CARTESIAN_POINT('',(-54.2538089068924,-191.375901898832,21.314572778228));
#8502=CARTESIAN_POINT('',(-54.2538089068924,-191.839963902354,23.7261496777836));
#8503=CARTESIAN_POINT('',(-54.2538089068924,-191.717935268907,31.9020681187313));
#8504=CARTESIAN_POINT('',(-54.2538089068924,-191.340019584742,23.7186878222969));
#8505=CARTESIAN_POINT('Origin',(-56.6410039656046,-191.340019584742,23.7186878222969));
#8506=CARTESIAN_POINT('',(-56.6410039656046,-191.340019584742,23.7186878222969));
#8507=CARTESIAN_POINT('',(-28.3205019828023,-191.340019584742,23.7186878222969));
#8508=CARTESIAN_POINT('',(-56.6410039656046,-191.839963902354,23.7261496777836));
#8509=CARTESIAN_POINT('',(-54.2538089068924,-191.839963902354,23.7261496777836));
#8510=CARTESIAN_POINT('',(-56.6410039656046,-191.340019584742,23.7186878222969));
#8511=CARTESIAN_POINT('Origin',(-56.6410039656046,-191.071392794335,41.7166827795508));
#8512=CARTESIAN_POINT('',(-56.6410039656046,-191.241588503629,30.3135702568549));
#8513=CARTESIAN_POINT('',(-56.6410039656046,-191.839963902354,23.7261496777836));
#8514=CARTESIAN_POINT('Origin',(-52.2215367416851,-191.674896984164,34.7856331965313));
#8515=CARTESIAN_POINT('Ctrl Pts',(-17.8559440174481,-191.312788362848,25.5431796891527));
#8516=CARTESIAN_POINT('Ctrl Pts',(-17.8559440174481,-191.812732680461,25.5506415446394));
#8517=CARTESIAN_POINT('Ctrl Pts',(-19.3925293425961,-191.312788362848,25.5431796891527));
#8518=CARTESIAN_POINT('Ctrl Pts',(-19.3925293425961,-191.812732680461,25.5506415446394));
#8519=CARTESIAN_POINT('Ctrl Pts',(-21.8483219604667,-191.296818172565,26.6131824381357));
#8520=CARTESIAN_POINT('Ctrl Pts',(-21.8483219604667,-191.796762490177,26.6206442936225));
#8521=CARTESIAN_POINT('Ctrl Pts',(-23.0144804661594,-191.271020172877,28.3416484172623));
#8522=CARTESIAN_POINT('Ctrl Pts',(-23.0144804661594,-191.770964490489,28.349110272749));
#8523=CARTESIAN_POINT('Ctrl Pts',(-23.1791146081395,-191.250750315979,29.6997288294331));
#8524=CARTESIAN_POINT('Ctrl Pts',(-23.1791146081395,-191.750694633591,29.7071906849199));
#8525=CARTESIAN_POINT('',(-23.1791146081395,-191.250750315979,29.6997288294331));
#8526=CARTESIAN_POINT('',(-17.8559440174481,-191.312788362848,25.5431796891527));
#8527=CARTESIAN_POINT('Ctrl Pts',(-23.1791146081395,-191.250750315979,29.6997288294331));
#8528=CARTESIAN_POINT('Ctrl Pts',(-23.0144804661594,-191.271020172877,28.3416484172623));
#8529=CARTESIAN_POINT('Ctrl Pts',(-21.8483219604667,-191.296818172565,26.6131824381357));
#8530=CARTESIAN_POINT('Ctrl Pts',(-19.3925293425961,-191.312788362848,25.5431796891527));
#8531=CARTESIAN_POINT('Ctrl Pts',(-17.8559440174481,-191.312788362848,25.5431796891527));
#8532=CARTESIAN_POINT('',(-23.1791146081395,-191.750694633591,29.7071906849199));
#8533=CARTESIAN_POINT('',(-23.1791146081395,-191.250750315979,29.6997288294331));
#8534=CARTESIAN_POINT('',(-17.8559440174481,-191.812732680461,25.5506415446394));
#8535=CARTESIAN_POINT('Ctrl Pts',(-17.8559440174481,-191.812732680461,25.5506415446394));
#8536=CARTESIAN_POINT('Ctrl Pts',(-19.3925293425961,-191.812732680461,25.5506415446394));
#8537=CARTESIAN_POINT('Ctrl Pts',(-21.8483219604667,-191.796762490177,26.6206442936225));
#8538=CARTESIAN_POINT('Ctrl Pts',(-23.0144804661594,-191.770964490489,28.349110272749));
#8539=CARTESIAN_POINT('Ctrl Pts',(-23.1791146081395,-191.750694633591,29.7071906849199));
#8540=CARTESIAN_POINT('',(-17.8559440174481,-191.312788362848,25.5431796891527));
#8541=CARTESIAN_POINT('Ctrl Pts',(-13.3833831603207,-191.26712999832,28.6022901125274));
#8542=CARTESIAN_POINT('Ctrl Pts',(-13.3833831603207,-191.767074315933,28.6097519680141));
#8543=CARTESIAN_POINT('Ctrl Pts',(-13.3833831603207,-191.279619506106,27.7654930908868));
#8544=CARTESIAN_POINT('Ctrl Pts',(-13.3833831603207,-191.779563823718,27.7729549463735));
#8545=CARTESIAN_POINT('Ctrl Pts',(-14.398627035865,-191.300708347121,26.3525407428706));
#8546=CARTESIAN_POINT('Ctrl Pts',(-14.398627035865,-191.800652664733,26.3600025983574));
#8547=CARTESIAN_POINT('Ctrl Pts',(-16.4977123461119,-191.312788362848,25.5431796891527));
#8548=CARTESIAN_POINT('Ctrl Pts',(-16.4977123461119,-191.812732680461,25.5506415446394));
#8549=CARTESIAN_POINT('Ctrl Pts',(-17.8559440174481,-191.312788362848,25.5431796891527));
#8550=CARTESIAN_POINT('Ctrl Pts',(-17.8559440174481,-191.812732680461,25.5506415446394));
#8551=CARTESIAN_POINT('',(-13.3833831603207,-191.26712999832,28.6022901125274));
#8552=CARTESIAN_POINT('Ctrl Pts',(-17.8559440174481,-191.312788362848,25.5431796891527));
#8553=CARTESIAN_POINT('Ctrl Pts',(-16.4977123461119,-191.312788362848,25.5431796891527));
#8554=CARTESIAN_POINT('Ctrl Pts',(-14.398627035865,-191.300708347121,26.3525407428706));
#8555=CARTESIAN_POINT('Ctrl Pts',(-13.3833831603207,-191.279619506106,27.7654930908868));
#8556=CARTESIAN_POINT('Ctrl Pts',(-13.3833831603207,-191.26712999832,28.6022901125274));
#8557=CARTESIAN_POINT('',(-13.3833831603207,-191.767074315933,28.6097519680141));
#8558=CARTESIAN_POINT('Ctrl Pts',(-13.3833831603207,-191.767074315933,28.6097519680141));
#8559=CARTESIAN_POINT('Ctrl Pts',(-13.3833831603207,-191.779563823718,27.7729549463735));
#8560=CARTESIAN_POINT('Ctrl Pts',(-14.398627035865,-191.800652664733,26.3600025983574));
#8561=CARTESIAN_POINT('Ctrl Pts',(-16.4977123461119,-191.812732680461,25.5506415446394));
#8562=CARTESIAN_POINT('Ctrl Pts',(-17.8559440174481,-191.812732680461,25.5506415446394));
#8563=CARTESIAN_POINT('',(-13.3833831603207,-191.26712999832,28.6022901125274));
#8564=CARTESIAN_POINT('Ctrl Pts',(-15.4961879823993,-191.229251982905,31.1401171453719));
#8565=CARTESIAN_POINT('Ctrl Pts',(-15.4961879823993,-191.729196300517,31.1475790008586));
#8566=CARTESIAN_POINT('Ctrl Pts',(-14.3574685003699,-191.235599109812,30.7148596425709));
#8567=CARTESIAN_POINT('Ctrl Pts',(-14.3574685003699,-191.735543427425,30.7223214980577));
#8568=CARTESIAN_POINT('Ctrl Pts',(-13.3833831603207,-191.254435744506,29.4528051181293));
#8569=CARTESIAN_POINT('Ctrl Pts',(-13.3833831603207,-191.754380062118,29.4602669736161));
#8570=CARTESIAN_POINT('Ctrl Pts',(-13.3833831603207,-191.26712999832,28.6022901125274));
#8571=CARTESIAN_POINT('Ctrl Pts',(-13.3833831603207,-191.767074315933,28.6097519680141));
#8572=CARTESIAN_POINT('',(-15.4961879823993,-191.229251982905,31.1401171453719));
#8573=CARTESIAN_POINT('Ctrl Pts',(-13.3833831603207,-191.26712999832,28.6022901125274));
#8574=CARTESIAN_POINT('Ctrl Pts',(-13.3833831603207,-191.254435744506,29.4528051181293));
#8575=CARTESIAN_POINT('Ctrl Pts',(-14.3574685003699,-191.235599109812,30.7148596425709));
#8576=CARTESIAN_POINT('Ctrl Pts',(-15.4961879823993,-191.229251982905,31.1401171453719));
#8577=CARTESIAN_POINT('',(-15.4961879823993,-191.729196300517,31.1475790008586));
#8578=CARTESIAN_POINT('Ctrl Pts',(-15.4961879823993,-191.729196300517,31.1475790008586));
#8579=CARTESIAN_POINT('Ctrl Pts',(-14.3574685003699,-191.735543427425,30.7223214980576));
#8580=CARTESIAN_POINT('Ctrl Pts',(-13.3833831603207,-191.754380062118,29.4602669736161));
#8581=CARTESIAN_POINT('Ctrl Pts',(-13.3833831603207,-191.767074315933,28.6097519680141));
#8582=CARTESIAN_POINT('',(-15.4961879823993,-191.229251982905,31.1401171453719));
#8583=CARTESIAN_POINT('Ctrl Pts',(-22.2050292680903,-191.199154316602,33.1566607876861));
#8584=CARTESIAN_POINT('Ctrl Pts',(-22.2050292680903,-191.699098634214,33.1641226431729));
#8585=CARTESIAN_POINT('Ctrl Pts',(-21.2035049043777,-191.207139411743,32.6216594131946));
#8586=CARTESIAN_POINT('Ctrl Pts',(-21.2035049043777,-191.707083729356,32.6291212686814));
#8587=CARTESIAN_POINT('Ctrl Pts',(-16.2233221094783,-191.22495231629,31.4281948085596));
#8588=CARTESIAN_POINT('Ctrl Pts',(-16.2233221094783,-191.724896633902,31.4356566640464));
#8589=CARTESIAN_POINT('Ctrl Pts',(-15.4961879823993,-191.229251982905,31.1401171453719));
#8590=CARTESIAN_POINT('Ctrl Pts',(-15.4961879823993,-191.729196300517,31.1475790008586));
#8591=CARTESIAN_POINT('',(-22.2050292680903,-191.199154316602,33.1566607876861));
#8592=CARTESIAN_POINT('Ctrl Pts',(-15.4961879823993,-191.229251982905,31.1401171453719));
#8593=CARTESIAN_POINT('Ctrl Pts',(-16.2233221094783,-191.22495231629,31.4281948085596));
#8594=CARTESIAN_POINT('Ctrl Pts',(-21.2035049043777,-191.207139411743,32.6216594131946));
#8595=CARTESIAN_POINT('Ctrl Pts',(-22.2050292680903,-191.199154316602,33.1566607876861));
#8596=CARTESIAN_POINT('',(-22.2050292680903,-191.699098634214,33.1641226431729));
#8597=CARTESIAN_POINT('Ctrl Pts',(-22.2050292680903,-191.699098634214,33.1641226431729));
#8598=CARTESIAN_POINT('Ctrl Pts',(-21.2035049043777,-191.707083729356,32.6291212686814));
#8599=CARTESIAN_POINT('Ctrl Pts',(-16.2233221094783,-191.724896633902,31.4356566640464));
#8600=CARTESIAN_POINT('Ctrl Pts',(-15.4961879823993,-191.729196300517,31.1475790008586));
#8601=CARTESIAN_POINT('',(-22.2050292680903,-191.199154316602,33.1566607876861));
#8602=CARTESIAN_POINT('Ctrl Pts',(-24.7568584687826,-191.140801698259,37.0662862166628));
#8603=CARTESIAN_POINT('Ctrl Pts',(-24.7568584687826,-191.640746015871,37.0737480721496));
#8604=CARTESIAN_POINT('Ctrl Pts',(-24.7568584687826,-191.159228840893,35.8316676601439));
#8605=CARTESIAN_POINT('Ctrl Pts',(-24.7568584687826,-191.659173158506,35.8391295156306));
#8606=CARTESIAN_POINT('Ctrl Pts',(-23.4946633802681,-191.189121761167,33.8288420017909));
#8607=CARTESIAN_POINT('Ctrl Pts',(-23.4946633802681,-191.689066078779,33.8363038572777));
#8608=CARTESIAN_POINT('Ctrl Pts',(-22.2050292680903,-191.199154316602,33.1566607876861));
#8609=CARTESIAN_POINT('Ctrl Pts',(-22.2050292680903,-191.699098634214,33.1641226431729));
#8610=CARTESIAN_POINT('',(-24.7568584687826,-191.140801698259,37.0662862166628));
#8611=CARTESIAN_POINT('Ctrl Pts',(-22.2050292680903,-191.199154316602,33.1566607876861));
#8612=CARTESIAN_POINT('Ctrl Pts',(-23.4946633802681,-191.189121761167,33.8288420017909));
#8613=CARTESIAN_POINT('Ctrl Pts',(-24.7568584687826,-191.159228840893,35.8316676601439));
#8614=CARTESIAN_POINT('Ctrl Pts',(-24.7568584687826,-191.140801698259,37.0662862166628));
#8615=CARTESIAN_POINT('',(-24.7568584687826,-191.640746015871,37.0737480721496));
#8616=CARTESIAN_POINT('Ctrl Pts',(-24.7568584687826,-191.640746015871,37.0737480721495));
#8617=CARTESIAN_POINT('Ctrl Pts',(-24.7568584687826,-191.659173158506,35.8391295156306));
#8618=CARTESIAN_POINT('Ctrl Pts',(-23.4946633802681,-191.689066078779,33.8363038572777));
#8619=CARTESIAN_POINT('Ctrl Pts',(-22.2050292680903,-191.699098634214,33.1641226431729));
#8620=CARTESIAN_POINT('',(-24.7568584687826,-191.140801698259,37.0662862166628));
#8621=CARTESIAN_POINT('Ctrl Pts',(-18.4047244907152,-191.066683635662,42.0321964106612));
#8622=CARTESIAN_POINT('Ctrl Pts',(-18.4047244907152,-191.566627953274,42.039658266148));
#8623=CARTESIAN_POINT('Ctrl Pts',(-20.2294195643285,-191.066683635662,42.0321964106612));
#8624=CARTESIAN_POINT('Ctrl Pts',(-20.2294195643285,-191.566627953274,42.039658266148));
#8625=CARTESIAN_POINT('Ctrl Pts',(-23.2065536318029,-191.085110778296,40.7975778541423));
#8626=CARTESIAN_POINT('Ctrl Pts',(-23.2065536318029,-191.585055095909,40.805039709629));
#8627=CARTESIAN_POINT('Ctrl Pts',(-24.7568584687826,-191.120327095331,38.438084612795));
#8628=CARTESIAN_POINT('Ctrl Pts',(-24.7568584687826,-191.620271412944,38.4455464682817));
#8629=CARTESIAN_POINT('Ctrl Pts',(-24.7568584687826,-191.140801698259,37.0662862166628));
#8630=CARTESIAN_POINT('Ctrl Pts',(-24.7568584687826,-191.640746015871,37.0737480721496));
#8631=CARTESIAN_POINT('',(-18.4047244907152,-191.066683635662,42.0321964106612));
#8632=CARTESIAN_POINT('Ctrl Pts',(-24.7568584687826,-191.140801698259,37.0662862166628));
#8633=CARTESIAN_POINT('Ctrl Pts',(-24.7568584687826,-191.120327095331,38.438084612795));
#8634=CARTESIAN_POINT('Ctrl Pts',(-23.2065536318029,-191.085110778296,40.7975778541423));
#8635=CARTESIAN_POINT('Ctrl Pts',(-20.2294195643285,-191.066683635662,42.0321964106612));
#8636=CARTESIAN_POINT('Ctrl Pts',(-18.4047244907152,-191.066683635662,42.0321964106612));
#8637=CARTESIAN_POINT('',(-18.4047244907152,-191.566627953274,42.039658266148));
#8638=CARTESIAN_POINT('Ctrl Pts',(-18.4047244907152,-191.566627953274,42.039658266148));
#8639=CARTESIAN_POINT('Ctrl Pts',(-20.2294195643285,-191.566627953274,42.039658266148));
#8640=CARTESIAN_POINT('Ctrl Pts',(-23.2065536318029,-191.585055095909,40.805039709629));
#8641=CARTESIAN_POINT('Ctrl Pts',(-24.7568584687826,-191.620271412944,38.4455464682817));
#8642=CARTESIAN_POINT('Ctrl Pts',(-24.7568584687826,-191.640746015871,37.0737480721495));
#8643=CARTESIAN_POINT('',(-18.4047244907152,-191.066683635662,42.0321964106612));
#8644=CARTESIAN_POINT('Ctrl Pts',(-11.6272856458658,-191.146944079137,36.6547466978232));
#8645=CARTESIAN_POINT('Ctrl Pts',(-11.6272856458658,-191.646888396749,36.6622085533099));
#8646=CARTESIAN_POINT('Ctrl Pts',(-11.6821636931925,-191.123398285771,38.2323148533751));
#8647=CARTESIAN_POINT('Ctrl Pts',(-11.6821636931925,-191.623342603383,38.2397767088619));
#8648=CARTESIAN_POINT('Ctrl Pts',(-13.3422246248257,-191.085929762413,40.742705918297));
#8649=CARTESIAN_POINT('Ctrl Pts',(-13.3422246248257,-191.585874080026,40.7501677737837));
#8650=CARTESIAN_POINT('Ctrl Pts',(-16.4016757632901,-191.066683635662,42.0321964106612));
#8651=CARTESIAN_POINT('Ctrl Pts',(-16.4016757632901,-191.566627953274,42.039658266148));
#8652=CARTESIAN_POINT('Ctrl Pts',(-18.4047244907152,-191.066683635662,42.0321964106612));
#8653=CARTESIAN_POINT('Ctrl Pts',(-18.4047244907152,-191.566627953274,42.039658266148));
#8654=CARTESIAN_POINT('',(-11.6272856458658,-191.146944079137,36.6547466978232));
#8655=CARTESIAN_POINT('Ctrl Pts',(-18.4047244907152,-191.066683635662,42.0321964106612));
#8656=CARTESIAN_POINT('Ctrl Pts',(-16.4016757632901,-191.066683635662,42.0321964106612));
#8657=CARTESIAN_POINT('Ctrl Pts',(-13.3422246248257,-191.085929762413,40.742705918297));
#8658=CARTESIAN_POINT('Ctrl Pts',(-11.6821636931925,-191.123398285771,38.2323148533751));
#8659=CARTESIAN_POINT('Ctrl Pts',(-11.6272856458658,-191.146944079137,36.6547466978232));
#8660=CARTESIAN_POINT('',(-11.6272856458658,-191.646888396749,36.6622085533099));
#8661=CARTESIAN_POINT('Ctrl Pts',(-11.6272856458658,-191.646888396749,36.6622085533099));
#8662=CARTESIAN_POINT('Ctrl Pts',(-11.6821636931925,-191.623342603383,38.2397767088619));
#8663=CARTESIAN_POINT('Ctrl Pts',(-13.3422246248257,-191.585874080026,40.7501677737837));
#8664=CARTESIAN_POINT('Ctrl Pts',(-16.4016757632901,-191.566627953274,42.039658266148));
#8665=CARTESIAN_POINT('Ctrl Pts',(-18.4047244907152,-191.566627953274,42.039658266148));
#8666=CARTESIAN_POINT('',(-11.6272856458658,-191.146944079137,36.6547466978232));
#8667=CARTESIAN_POINT('Origin',(-13.9047246099245,-191.149605777518,36.476412906326));
#8668=CARTESIAN_POINT('',(-13.9047246099245,-191.149605777518,36.476412906326));
#8669=CARTESIAN_POINT('',(-7.67844799896115,-191.142328976412,36.9639585804215));
#8670=CARTESIAN_POINT('',(-13.9047246099245,-191.64955009513,36.4838747618127));
#8671=CARTESIAN_POINT('',(-11.6272856458658,-191.646888396749,36.6622085533099));
#8672=CARTESIAN_POINT('',(-13.9047246099245,-191.149605777518,36.476412906326));
#8673=CARTESIAN_POINT('Ctrl Pts',(-18.3086879078935,-191.098009778141,39.933344864579));
#8674=CARTESIAN_POINT('Ctrl Pts',(-18.3086879078935,-191.597954095753,39.9408067200658));
#8675=CARTESIAN_POINT('Ctrl Pts',(-16.2233221094783,-191.098009778141,39.933344864579));
#8676=CARTESIAN_POINT('Ctrl Pts',(-16.2233221094783,-191.597954095753,39.9408067200658));
#8677=CARTESIAN_POINT('Ctrl Pts',(-14.0830782637363,-191.124012523858,38.1911609014912));
#8678=CARTESIAN_POINT('Ctrl Pts',(-14.0830782637363,-191.62395684147,38.1986227569779));
#8679=CARTESIAN_POINT('Ctrl Pts',(-13.9047246099245,-191.149605777518,36.476412906326));
#8680=CARTESIAN_POINT('Ctrl Pts',(-13.9047246099245,-191.64955009513,36.4838747618127));
#8681=CARTESIAN_POINT('',(-18.3086879078935,-191.098009778141,39.933344864579));
#8682=CARTESIAN_POINT('Ctrl Pts',(-13.9047246099245,-191.149605777518,36.476412906326));
#8683=CARTESIAN_POINT('Ctrl Pts',(-14.0830782637363,-191.124012523858,38.1911609014912));
#8684=CARTESIAN_POINT('Ctrl Pts',(-16.2233221094783,-191.098009778141,39.933344864579));
#8685=CARTESIAN_POINT('Ctrl Pts',(-18.3086879078935,-191.098009778141,39.933344864579));
#8686=CARTESIAN_POINT('',(-18.3086879078935,-191.597954095753,39.9408067200658));
#8687=CARTESIAN_POINT('Ctrl Pts',(-18.3086879078935,-191.597954095753,39.9408067200658));
#8688=CARTESIAN_POINT('Ctrl Pts',(-16.2233221094783,-191.597954095753,39.9408067200658));
#8689=CARTESIAN_POINT('Ctrl Pts',(-14.0830782637363,-191.62395684147,38.1986227569779));
#8690=CARTESIAN_POINT('Ctrl Pts',(-13.9047246099245,-191.64955009513,36.4838747618127));
#8691=CARTESIAN_POINT('',(-18.3086879078935,-191.098009778141,39.933344864579));
#8692=CARTESIAN_POINT('Ctrl Pts',(-22.4656999928922,-191.138344745907,37.2309020241987));
#8693=CARTESIAN_POINT('Ctrl Pts',(-22.4656999928922,-191.63828906352,37.2383638796854));
#8694=CARTESIAN_POINT('Ctrl Pts',(-22.4656999928922,-191.121760317536,38.3420587250657));
#8695=CARTESIAN_POINT('Ctrl Pts',(-22.4656999928922,-191.621704635149,38.3495205805525));
#8696=CARTESIAN_POINT('Ctrl Pts',(-20.4763707772988,-191.098009778141,39.933344864579));
#8697=CARTESIAN_POINT('Ctrl Pts',(-20.4763707772988,-191.597954095753,39.9408067200658));
#8698=CARTESIAN_POINT('Ctrl Pts',(-18.3086879078935,-191.098009778141,39.933344864579));
#8699=CARTESIAN_POINT('Ctrl Pts',(-18.3086879078935,-191.597954095753,39.9408067200658));
#8700=CARTESIAN_POINT('',(-22.4656999928922,-191.138344745907,37.2309020241987));
#8701=CARTESIAN_POINT('Ctrl Pts',(-18.3086879078935,-191.098009778141,39.933344864579));
#8702=CARTESIAN_POINT('Ctrl Pts',(-20.4763707772988,-191.098009778141,39.933344864579));
#8703=CARTESIAN_POINT('Ctrl Pts',(-22.4656999928922,-191.121760317536,38.3420587250657));
#8704=CARTESIAN_POINT('Ctrl Pts',(-22.4656999928922,-191.138344745907,37.2309020241987));
#8705=CARTESIAN_POINT('',(-22.4656999928922,-191.63828906352,37.2383638796854));
#8706=CARTESIAN_POINT('Ctrl Pts',(-22.4656999928922,-191.63828906352,37.2383638796854));
#8707=CARTESIAN_POINT('Ctrl Pts',(-22.4656999928922,-191.621704635149,38.3495205805525));
#8708=CARTESIAN_POINT('Ctrl Pts',(-20.4763707772988,-191.597954095753,39.9408067200658));
#8709=CARTESIAN_POINT('Ctrl Pts',(-18.3086879078935,-191.597954095753,39.9408067200658));
#8710=CARTESIAN_POINT('',(-22.4656999928922,-191.138344745907,37.2309020241987));
#8711=CARTESIAN_POINT('Ctrl Pts',(-21.7660048894766,-191.162300031332,35.625897900724));
#8712=CARTESIAN_POINT('Ctrl Pts',(-21.7660048894766,-191.662244348945,35.6333597562108));
#8713=CARTESIAN_POINT('Ctrl Pts',(-22.4656999928922,-191.152881713986,36.2569251629448));
#8714=CARTESIAN_POINT('Ctrl Pts',(-22.4656999928922,-191.652826031598,36.2643870184316));
#8715=CARTESIAN_POINT('Ctrl Pts',(-22.4656999928922,-191.138344745907,37.2309020241987));
#8716=CARTESIAN_POINT('Ctrl Pts',(-22.4656999928922,-191.63828906352,37.2383638796854));
#8717=CARTESIAN_POINT('',(-21.7660048894766,-191.162300031332,35.625897900724));
#8718=CARTESIAN_POINT('Ctrl Pts',(-22.4656999928922,-191.138344745907,37.2309020241987));
#8719=CARTESIAN_POINT('Ctrl Pts',(-22.4656999928922,-191.152881713986,36.2569251629448));
#8720=CARTESIAN_POINT('Ctrl Pts',(-21.7660048894766,-191.162300031332,35.625897900724));
#8721=CARTESIAN_POINT('',(-21.7660048894766,-191.662244348945,35.6333597562108));
#8722=CARTESIAN_POINT('Ctrl Pts',(-21.7660048894766,-191.662244348945,35.6333597562108));
#8723=CARTESIAN_POINT('Ctrl Pts',(-22.4656999928922,-191.652826031598,36.2643870184316));
#8724=CARTESIAN_POINT('Ctrl Pts',(-22.4656999928922,-191.63828906352,37.2383638796854));
#8725=CARTESIAN_POINT('',(-21.7660048894766,-191.162300031332,35.625897900724));
#8726=CARTESIAN_POINT('Ctrl Pts',(-14.1516758228947,-191.198540078514,33.1978147395701));
#8727=CARTESIAN_POINT('Ctrl Pts',(-14.1516758228947,-191.698484396126,33.2052765950569));
#8728=CARTESIAN_POINT('Ctrl Pts',(-15.2355172575974,-191.19116922146,33.6916621621777));
#8729=CARTESIAN_POINT('Ctrl Pts',(-15.2355172575974,-191.691113539072,33.6991240176644));
#8730=CARTESIAN_POINT('Ctrl Pts',(-21.066309786061,-191.17151360265,35.0085886224646));
#8731=CARTESIAN_POINT('Ctrl Pts',(-21.066309786061,-191.671457920262,35.0160504779513));
#8732=CARTESIAN_POINT('Ctrl Pts',(-21.7660048894766,-191.162300031332,35.625897900724));
#8733=CARTESIAN_POINT('Ctrl Pts',(-21.7660048894766,-191.662244348945,35.6333597562108));
#8734=CARTESIAN_POINT('',(-14.1516758228947,-191.198540078514,33.1978147395701));
#8735=CARTESIAN_POINT('Ctrl Pts',(-21.7660048894766,-191.162300031332,35.625897900724));
#8736=CARTESIAN_POINT('Ctrl Pts',(-21.066309786061,-191.17151360265,35.0085886224646));
#8737=CARTESIAN_POINT('Ctrl Pts',(-15.2355172575974,-191.19116922146,33.6916621621777));
#8738=CARTESIAN_POINT('Ctrl Pts',(-14.1516758228947,-191.198540078514,33.1978147395701));
#8739=CARTESIAN_POINT('',(-14.1516758228947,-191.698484396126,33.2052765950569));
#8740=CARTESIAN_POINT('Ctrl Pts',(-14.1516758228947,-191.698484396126,33.2052765950569));
#8741=CARTESIAN_POINT('Ctrl Pts',(-15.2355172575974,-191.691113539072,33.6991240176644));
#8742=CARTESIAN_POINT('Ctrl Pts',(-21.066309786061,-191.671457920262,35.0160504779513));
#8743=CARTESIAN_POINT('Ctrl Pts',(-21.7660048894766,-191.662244348945,35.6333597562108));
#8744=CARTESIAN_POINT('',(-14.1516758228947,-191.198540078514,33.1978147395701));
#8745=CARTESIAN_POINT('Ctrl Pts',(-11.0922246844303,-191.264058807881,28.8080598719472));
#8746=CARTESIAN_POINT('Ctrl Pts',(-11.0922246844303,-191.764003125494,28.815521727434));
#8747=CARTESIAN_POINT('Ctrl Pts',(-11.0922246844303,-191.242560474808,30.248448187886));
#8748=CARTESIAN_POINT('Ctrl Pts',(-11.0922246844303,-191.74250479242,30.2559100433727));
#8749=CARTESIAN_POINT('Ctrl Pts',(-12.5876514740833,-191.209391618065,32.4707615896201));
#8750=CARTESIAN_POINT('Ctrl Pts',(-12.5876514740833,-191.709335935678,32.4782234451068));
#8751=CARTESIAN_POINT('Ctrl Pts',(-14.1516758228947,-191.198540078514,33.1978147395701));
#8752=CARTESIAN_POINT('Ctrl Pts',(-14.1516758228947,-191.698484396126,33.2052765950569));
#8753=CARTESIAN_POINT('',(-11.0922246844303,-191.264058807881,28.8080598719472));
#8754=CARTESIAN_POINT('Ctrl Pts',(-14.1516758228947,-191.198540078514,33.1978147395701));
#8755=CARTESIAN_POINT('Ctrl Pts',(-12.5876514740833,-191.209391618065,32.4707615896201));
#8756=CARTESIAN_POINT('Ctrl Pts',(-11.0922246844303,-191.242560474808,30.248448187886));
#8757=CARTESIAN_POINT('Ctrl Pts',(-11.0922246844303,-191.264058807881,28.8080598719472));
#8758=CARTESIAN_POINT('',(-11.0922246844303,-191.764003125494,28.815521727434));
#8759=CARTESIAN_POINT('Ctrl Pts',(-11.0922246844303,-191.764003125494,28.8155217274339));
#8760=CARTESIAN_POINT('Ctrl Pts',(-11.0922246844303,-191.74250479242,30.2559100433727));
#8761=CARTESIAN_POINT('Ctrl Pts',(-12.5876514740833,-191.709335935678,32.4782234451068));
#8762=CARTESIAN_POINT('Ctrl Pts',(-14.1516758228947,-191.698484396126,33.2052765950569));
#8763=CARTESIAN_POINT('',(-11.0922246844303,-191.264058807881,28.8080598719472));
#8764=CARTESIAN_POINT('Ctrl Pts',(-17.7461879227946,-191.344523997386,23.4168921751478));
#8765=CARTESIAN_POINT('Ctrl Pts',(-17.7461879227946,-191.844468314998,23.4243540306346));
#8766=CARTESIAN_POINT('Ctrl Pts',(-15.8254562663596,-191.344523997386,23.4168921751478));
#8767=CARTESIAN_POINT('Ctrl Pts',(-15.8254562663596,-191.844468314998,23.4243540306346));
#8768=CARTESIAN_POINT('Ctrl Pts',(-12.7385661042318,-191.323435156371,24.8298445231639));
#8769=CARTESIAN_POINT('Ctrl Pts',(-12.7385661042318,-191.823379473983,24.8373063786507));
#8770=CARTESIAN_POINT('Ctrl Pts',(-11.0922246844303,-191.285557140955,27.3676715560084));
#8771=CARTESIAN_POINT('Ctrl Pts',(-11.0922246844303,-191.785501458567,27.3751334114952));
#8772=CARTESIAN_POINT('Ctrl Pts',(-11.0922246844303,-191.264058807881,28.8080598719472));
#8773=CARTESIAN_POINT('Ctrl Pts',(-11.0922246844303,-191.764003125494,28.815521727434));
#8774=CARTESIAN_POINT('',(-17.7461879227946,-191.344523997386,23.4168921751478));
#8775=CARTESIAN_POINT('Ctrl Pts',(-11.0922246844303,-191.264058807881,28.8080598719472));
#8776=CARTESIAN_POINT('Ctrl Pts',(-11.0922246844303,-191.285557140955,27.3676715560084));
#8777=CARTESIAN_POINT('Ctrl Pts',(-12.7385661042318,-191.323435156371,24.8298445231639));
#8778=CARTESIAN_POINT('Ctrl Pts',(-15.8254562663596,-191.344523997386,23.4168921751478));
#8779=CARTESIAN_POINT('Ctrl Pts',(-17.7461879227946,-191.344523997386,23.4168921751478));
#8780=CARTESIAN_POINT('',(-17.7461879227946,-191.844468314998,23.4243540306346));
#8781=CARTESIAN_POINT('Ctrl Pts',(-17.7461879227946,-191.844468314998,23.4243540306346));
#8782=CARTESIAN_POINT('Ctrl Pts',(-15.8254562663596,-191.844468314998,23.4243540306346));
#8783=CARTESIAN_POINT('Ctrl Pts',(-12.7385661042318,-191.823379473983,24.8373063786507));
#8784=CARTESIAN_POINT('Ctrl Pts',(-11.0922246844303,-191.785501458567,27.3751334114952));
#8785=CARTESIAN_POINT('Ctrl Pts',(-11.0922246844303,-191.764003125494,28.8155217274339));
#8786=CARTESIAN_POINT('',(-17.7461879227946,-191.344523997386,23.4168921751478));
#8787=CARTESIAN_POINT('Ctrl Pts',(-25.4291145485349,-191.253616760388,29.5076770539746));
#8788=CARTESIAN_POINT('Ctrl Pts',(-25.4291145485349,-191.753561078001,29.5151389094614));
#8789=CARTESIAN_POINT('Ctrl Pts',(-25.3742365012082,-191.280643236253,27.6969031710802));
#8790=CARTESIAN_POINT('Ctrl Pts',(-25.3742365012082,-191.780587553865,27.7043650265669));
#8791=CARTESIAN_POINT('Ctrl Pts',(-23.4946633802681,-191.323230410341,24.8435625071253));
#8792=CARTESIAN_POINT('Ctrl Pts',(-23.4946633802681,-191.823174727954,24.851024362612));
#8793=CARTESIAN_POINT('Ctrl Pts',(-20.2019805406652,-191.344523997386,23.4168921751478));
#8794=CARTESIAN_POINT('Ctrl Pts',(-20.2019805406652,-191.844468314998,23.4243540306346));
#8795=CARTESIAN_POINT('Ctrl Pts',(-17.7461879227946,-191.344523997386,23.4168921751478));
#8796=CARTESIAN_POINT('Ctrl Pts',(-17.7461879227946,-191.844468314998,23.4243540306346));
#8797=CARTESIAN_POINT('',(-25.4291145485349,-191.253616760388,29.5076770539746));
#8798=CARTESIAN_POINT('Ctrl Pts',(-17.7461879227946,-191.344523997386,23.4168921751478));
#8799=CARTESIAN_POINT('Ctrl Pts',(-20.2019805406652,-191.344523997386,23.4168921751478));
#8800=CARTESIAN_POINT('Ctrl Pts',(-23.4946633802681,-191.323230410341,24.8435625071253));
#8801=CARTESIAN_POINT('Ctrl Pts',(-25.3742365012082,-191.280643236253,27.6969031710802));
#8802=CARTESIAN_POINT('Ctrl Pts',(-25.4291145485349,-191.253616760388,29.5076770539746));
#8803=CARTESIAN_POINT('',(-25.4291145485349,-191.753561078001,29.5151389094614));
#8804=CARTESIAN_POINT('Ctrl Pts',(-25.4291145485349,-191.753561078001,29.5151389094613));
#8805=CARTESIAN_POINT('Ctrl Pts',(-25.3742365012082,-191.780587553865,27.7043650265669));
#8806=CARTESIAN_POINT('Ctrl Pts',(-23.4946633802681,-191.823174727954,24.851024362612));
#8807=CARTESIAN_POINT('Ctrl Pts',(-20.2019805406652,-191.844468314998,23.4243540306346));
#8808=CARTESIAN_POINT('Ctrl Pts',(-17.7461879227946,-191.844468314998,23.4243540306346));
#8809=CARTESIAN_POINT('',(-25.4291145485349,-191.253616760388,29.5076770539746));
#8810=CARTESIAN_POINT('Origin',(-23.1791146081395,-191.250750315979,29.6997288294331));
#8811=CARTESIAN_POINT('',(-12.1306401320626,-191.236674832095,30.6427862496327));
#8812=CARTESIAN_POINT('',(-25.4291145485349,-191.753561078001,29.5151389094613));
#8813=CARTESIAN_POINT('Origin',(-18.1556038303139,-191.706582838659,32.6626809453803));
#8814=CARTESIAN_POINT('Ctrl Pts',(15.4413111980368,-191.097190794024,39.9882168004243));
#8815=CARTESIAN_POINT('Ctrl Pts',(15.4413111980368,-191.597135111636,39.9956786559111));
#8816=CARTESIAN_POINT('Ctrl Pts',(12.9169210210079,-191.097190794024,39.9882168004243));
#8817=CARTESIAN_POINT('Ctrl Pts',(12.9169210210079,-191.597135111636,39.9956786559111));
#8818=CARTESIAN_POINT('Ctrl Pts',(9.2675308737813,-191.14899153943,36.5175668582099));
#8819=CARTESIAN_POINT('Ctrl Pts',(9.2675308737813,-191.648935857042,36.5250287136967));
#8820=CARTESIAN_POINT('Ctrl Pts',(9.2675308737813,-191.209596364095,32.4570436056587));
#8821=CARTESIAN_POINT('Ctrl Pts',(9.2675308737813,-191.709540681707,32.4645054611455));
#8822=CARTESIAN_POINT('',(15.4413111980368,-191.097190794024,39.9882168004243));
#8823=CARTESIAN_POINT('',(9.2675308737813,-191.209596364095,32.4570436056587));
#8824=CARTESIAN_POINT('Ctrl Pts',(15.4413111980368,-191.097190794024,39.9882168004243));
#8825=CARTESIAN_POINT('Ctrl Pts',(12.9169210210079,-191.097190794024,39.9882168004243));
#8826=CARTESIAN_POINT('Ctrl Pts',(9.2675308737813,-191.14899153943,36.5175668582099));
#8827=CARTESIAN_POINT('Ctrl Pts',(9.2675308737813,-191.209596364095,32.4570436056587));
#8828=CARTESIAN_POINT('',(15.4413111980368,-191.597135111636,39.9956786559111));
#8829=CARTESIAN_POINT('',(15.4413111980368,-191.097190794024,39.9882168004243));
#8830=CARTESIAN_POINT('',(9.2675308737813,-191.709540681707,32.4645054611455));
#8831=CARTESIAN_POINT('Ctrl Pts',(9.2675308737813,-191.709540681707,32.4645054611455));
#8832=CARTESIAN_POINT('Ctrl Pts',(9.2675308737813,-191.648935857042,36.5250287136967));
#8833=CARTESIAN_POINT('Ctrl Pts',(12.9169210210079,-191.597135111636,39.9956786559111));
#8834=CARTESIAN_POINT('Ctrl Pts',(15.4413111980368,-191.597135111636,39.9956786559111));
#8835=CARTESIAN_POINT('',(9.2675308737813,-191.209596364095,32.4570436056587));
#8836=CARTESIAN_POINT('Ctrl Pts',(21.5739329867974,-191.205706189538,32.7176853009239));
#8837=CARTESIAN_POINT('Ctrl Pts',(21.5739329867974,-191.705650507151,32.7251471564106));
#8838=CARTESIAN_POINT('Ctrl Pts',(21.5739329867974,-191.172946824855,34.9125627347353));
#8839=CARTESIAN_POINT('Ctrl Pts',(21.5739329867974,-191.672891142467,34.9200245902221));
#8840=CARTESIAN_POINT('Ctrl Pts',(20.092225708976,-191.124012523858,38.1911609014912));
#8841=CARTESIAN_POINT('Ctrl Pts',(20.092225708976,-191.62395684147,38.1986227569779));
#8842=CARTESIAN_POINT('Ctrl Pts',(17.2248477361551,-191.097190794024,39.9882168004243));
#8843=CARTESIAN_POINT('Ctrl Pts',(17.2248477361551,-191.597135111636,39.9956786559111));
#8844=CARTESIAN_POINT('Ctrl Pts',(15.4413111980368,-191.097190794024,39.9882168004243));
#8845=CARTESIAN_POINT('Ctrl Pts',(15.4413111980368,-191.597135111636,39.9956786559111));
#8846=CARTESIAN_POINT('',(21.5739329867974,-191.205706189538,32.7176853009239));
#8847=CARTESIAN_POINT('Ctrl Pts',(21.5739329867974,-191.205706189538,32.7176853009239));
#8848=CARTESIAN_POINT('Ctrl Pts',(21.5739329867974,-191.172946824855,34.9125627347353));
#8849=CARTESIAN_POINT('Ctrl Pts',(20.092225708976,-191.124012523858,38.1911609014912));
#8850=CARTESIAN_POINT('Ctrl Pts',(17.2248477361551,-191.097190794024,39.9882168004243));
#8851=CARTESIAN_POINT('Ctrl Pts',(15.4413111980368,-191.097190794024,39.9882168004243));
#8852=CARTESIAN_POINT('',(21.5739329867974,-191.705650507151,32.7251471564106));
#8853=CARTESIAN_POINT('',(21.5739329867974,-191.205706189538,32.7176853009239));
#8854=CARTESIAN_POINT('Ctrl Pts',(15.4413111980368,-191.597135111636,39.9956786559111));
#8855=CARTESIAN_POINT('Ctrl Pts',(17.2248477361551,-191.597135111636,39.9956786559111));
#8856=CARTESIAN_POINT('Ctrl Pts',(20.092225708976,-191.62395684147,38.1986227569779));
#8857=CARTESIAN_POINT('Ctrl Pts',(21.5739329867974,-191.672891142467,34.9200245902221));
#8858=CARTESIAN_POINT('Ctrl Pts',(21.5739329867974,-191.705650507151,32.7251471564106));
#8859=CARTESIAN_POINT('Ctrl Pts',(15.4138721743735,-191.314016839024,25.4608717853847));
#8860=CARTESIAN_POINT('Ctrl Pts',(15.4138721743735,-191.813961156636,25.4683336408715));
#8861=CARTESIAN_POINT('Ctrl Pts',(18.1028964933826,-191.314016839024,25.4608717853847));
#8862=CARTESIAN_POINT('Ctrl Pts',(18.1028964933826,-191.813961156636,25.4683336408715));
#8863=CARTESIAN_POINT('Ctrl Pts',(21.5739329867974,-191.257711680974,29.2333173747482));
#8864=CARTESIAN_POINT('Ctrl Pts',(21.5739329867974,-191.757655998586,29.2407792302349));
#8865=CARTESIAN_POINT('Ctrl Pts',(21.5739329867974,-191.205706189538,32.7176853009239));
#8866=CARTESIAN_POINT('Ctrl Pts',(21.5739329867974,-191.705650507151,32.7251471564106));
#8867=CARTESIAN_POINT('',(15.4138721743735,-191.314016839024,25.4608717853847));
#8868=CARTESIAN_POINT('Ctrl Pts',(15.4138721743735,-191.314016839024,25.4608717853847));
#8869=CARTESIAN_POINT('Ctrl Pts',(18.1028964933826,-191.314016839024,25.4608717853847));
#8870=CARTESIAN_POINT('Ctrl Pts',(21.5739329867974,-191.257711680974,29.2333173747482));
#8871=CARTESIAN_POINT('Ctrl Pts',(21.5739329867974,-191.205706189538,32.7176853009239));
#8872=CARTESIAN_POINT('',(15.4138721743735,-191.813961156636,25.4683336408715));
#8873=CARTESIAN_POINT('',(15.4138721743735,-191.314016839024,25.4608717853847));
#8874=CARTESIAN_POINT('Ctrl Pts',(21.5739329867974,-191.705650507151,32.7251471564106));
#8875=CARTESIAN_POINT('Ctrl Pts',(21.5739329867974,-191.757655998586,29.2407792302349));
#8876=CARTESIAN_POINT('Ctrl Pts',(18.1028964933826,-191.813961156636,25.4683336408715));
#8877=CARTESIAN_POINT('Ctrl Pts',(15.4138721743735,-191.813961156636,25.4683336408715));
#8878=CARTESIAN_POINT('Ctrl Pts',(9.2675308737813,-191.209596364095,32.4570436056587));
#8879=CARTESIAN_POINT('Ctrl Pts',(9.2675308737813,-191.709540681707,32.4645054611455));
#8880=CARTESIAN_POINT('Ctrl Pts',(9.2675308737813,-191.258121173032,29.2058814068255));
#8881=CARTESIAN_POINT('Ctrl Pts',(9.2675308737813,-191.758065490645,29.2133432623123));
#8882=CARTESIAN_POINT('Ctrl Pts',(12.7660063908594,-191.314016839024,25.4608717853847));
#8883=CARTESIAN_POINT('Ctrl Pts',(12.7660063908594,-191.813961156636,25.4683336408715));
#8884=CARTESIAN_POINT('Ctrl Pts',(15.4138721743735,-191.314016839024,25.4608717853847));
#8885=CARTESIAN_POINT('Ctrl Pts',(15.4138721743735,-191.813961156636,25.4683336408715));
#8886=CARTESIAN_POINT('Ctrl Pts',(9.2675308737813,-191.209596364095,32.4570436056587));
#8887=CARTESIAN_POINT('Ctrl Pts',(9.2675308737813,-191.258121173032,29.2058814068255));
#8888=CARTESIAN_POINT('Ctrl Pts',(12.7660063908594,-191.314016839024,25.4608717853847));
#8889=CARTESIAN_POINT('Ctrl Pts',(15.4138721743735,-191.314016839024,25.4608717853847));
#8890=CARTESIAN_POINT('Ctrl Pts',(15.4138721743735,-191.813961156636,25.4683336408715));
#8891=CARTESIAN_POINT('Ctrl Pts',(12.7660063908594,-191.813961156636,25.4683336408715));
#8892=CARTESIAN_POINT('Ctrl Pts',(9.2675308737813,-191.758065490645,29.2133432623123));
#8893=CARTESIAN_POINT('Ctrl Pts',(9.2675308737813,-191.709540681707,32.4645054611455));
#8894=CARTESIAN_POINT('Ctrl Pts',(24.0297256046679,-191.206115681597,32.6902493330012));
#8895=CARTESIAN_POINT('Ctrl Pts',(24.0297256046679,-191.706059999209,32.697711188488));
#8896=CARTESIAN_POINT('Ctrl Pts',(24.0297256046679,-191.16578071383,35.3926921733816));
#8897=CARTESIAN_POINT('Ctrl Pts',(24.0297256046679,-191.665725031442,35.4001540288683));
#8898=CARTESIAN_POINT('Ctrl Pts',(21.930640294421,-191.102309444755,39.6452672013913));
#8899=CARTESIAN_POINT('Ctrl Pts',(21.930640294421,-191.602253762368,39.652729056878));
#8900=CARTESIAN_POINT('Ctrl Pts',(17.9245428395707,-191.066683635662,42.0321964106612));
#8901=CARTESIAN_POINT('Ctrl Pts',(17.9245428395707,-191.566627953274,42.039658266148));
#8902=CARTESIAN_POINT('Ctrl Pts',(15.4275916862052,-191.066683635662,42.0321964106612));
#8903=CARTESIAN_POINT('Ctrl Pts',(15.4275916862052,-191.566627953274,42.039658266148));
#8904=CARTESIAN_POINT('',(15.4275916862052,-191.066683635662,42.0321964106612));
#8905=CARTESIAN_POINT('',(24.0297256046679,-191.206115681597,32.6902493330012));
#8906=CARTESIAN_POINT('Ctrl Pts',(15.4275916862052,-191.066683635662,42.0321964106612));
#8907=CARTESIAN_POINT('Ctrl Pts',(17.9245428395707,-191.066683635662,42.0321964106612));
#8908=CARTESIAN_POINT('Ctrl Pts',(21.930640294421,-191.102309444755,39.6452672013913));
#8909=CARTESIAN_POINT('Ctrl Pts',(24.0297256046679,-191.16578071383,35.3926921733816));
#8910=CARTESIAN_POINT('Ctrl Pts',(24.0297256046679,-191.206115681597,32.6902493330012));
#8911=CARTESIAN_POINT('',(15.4275916862052,-191.566627953274,42.039658266148));
#8912=CARTESIAN_POINT('',(15.4275916862052,-191.066683635662,42.0321964106612));
#8913=CARTESIAN_POINT('',(24.0297256046679,-191.706059999209,32.697711188488));
#8914=CARTESIAN_POINT('Ctrl Pts',(24.0297256046679,-191.706059999209,32.697711188488));
#8915=CARTESIAN_POINT('Ctrl Pts',(24.0297256046679,-191.665725031442,35.4001540288683));
#8916=CARTESIAN_POINT('Ctrl Pts',(21.930640294421,-191.602253762368,39.652729056878));
#8917=CARTESIAN_POINT('Ctrl Pts',(17.9245428395707,-191.566627953274,42.039658266148));
#8918=CARTESIAN_POINT('Ctrl Pts',(15.4275916862052,-191.566627953274,42.039658266148));
#8919=CARTESIAN_POINT('',(24.0297256046679,-191.206115681597,32.6902493330012));
#8920=CARTESIAN_POINT('Ctrl Pts',(15.4275916862052,-191.344523997386,23.4168921751478));
#8921=CARTESIAN_POINT('Ctrl Pts',(15.4275916862052,-191.844468314998,23.4243540306346));
#8922=CARTESIAN_POINT('Ctrl Pts',(17.7599086975906,-191.344523997386,23.4168921751478));
#8923=CARTESIAN_POINT('Ctrl Pts',(17.7599086975906,-191.844468314998,23.4243540306346));
#8924=CARTESIAN_POINT('Ctrl Pts',(21.8208841997676,-191.311355140644,25.6392055768819));
#8925=CARTESIAN_POINT('Ctrl Pts',(21.8208841997676,-191.811299458256,25.6466674323687));
#8926=CARTESIAN_POINT('Ctrl Pts',(24.0297256046679,-191.246860141422,29.9603705246982));
#8927=CARTESIAN_POINT('Ctrl Pts',(24.0297256046679,-191.746804459035,29.967832380185));
#8928=CARTESIAN_POINT('Ctrl Pts',(24.0297256046679,-191.206115681597,32.6902493330012));
#8929=CARTESIAN_POINT('Ctrl Pts',(24.0297256046679,-191.706059999209,32.697711188488));
#8930=CARTESIAN_POINT('',(15.4275916862052,-191.344523997386,23.4168921751478));
#8931=CARTESIAN_POINT('Ctrl Pts',(24.0297256046679,-191.206115681597,32.6902493330012));
#8932=CARTESIAN_POINT('Ctrl Pts',(24.0297256046679,-191.246860141422,29.9603705246982));
#8933=CARTESIAN_POINT('Ctrl Pts',(21.8208841997676,-191.311355140644,25.6392055768819));
#8934=CARTESIAN_POINT('Ctrl Pts',(17.7599086975906,-191.344523997386,23.4168921751478));
#8935=CARTESIAN_POINT('Ctrl Pts',(15.4275916862052,-191.344523997386,23.4168921751478));
#8936=CARTESIAN_POINT('',(15.4275916862052,-191.844468314998,23.4243540306346));
#8937=CARTESIAN_POINT('Ctrl Pts',(15.4275916862052,-191.844468314998,23.4243540306346));
#8938=CARTESIAN_POINT('Ctrl Pts',(17.7599086975906,-191.844468314998,23.4243540306346));
#8939=CARTESIAN_POINT('Ctrl Pts',(21.8208841997676,-191.811299458256,25.6466674323687));
#8940=CARTESIAN_POINT('Ctrl Pts',(24.0297256046679,-191.746804459035,29.967832380185));
#8941=CARTESIAN_POINT('Ctrl Pts',(24.0297256046679,-191.706059999209,32.697711188488));
#8942=CARTESIAN_POINT('',(15.4275916862052,-191.344523997386,23.4168921751478));
#8943=CARTESIAN_POINT('Ctrl Pts',(6.81173825591077,-191.209186872036,32.4844795735814));
#8944=CARTESIAN_POINT('Ctrl Pts',(6.81173825591077,-191.709131189648,32.4919414290681));
#8945=CARTESIAN_POINT('Ctrl Pts',(6.81173825591077,-191.2446079351,30.1112683482728));
#8946=CARTESIAN_POINT('Ctrl Pts',(6.81173825591077,-191.744552252713,30.1187302037595));
#8947=CARTESIAN_POINT('Ctrl Pts',(8.86966503066261,-191.307874458146,25.8724113042244));
#8948=CARTESIAN_POINT('Ctrl Pts',(8.86966503066261,-191.807818775758,25.8798731597111));
#8949=CARTESIAN_POINT('Ctrl Pts',(12.8757624855129,-191.344523997386,23.4168921751478));
#8950=CARTESIAN_POINT('Ctrl Pts',(12.8757624855129,-191.844468314998,23.4243540306346));
#8951=CARTESIAN_POINT('Ctrl Pts',(15.4275916862052,-191.344523997386,23.4168921751478));
#8952=CARTESIAN_POINT('Ctrl Pts',(15.4275916862052,-191.844468314998,23.4243540306346));
#8953=CARTESIAN_POINT('',(6.81173825591077,-191.209186872036,32.4844795735814));
#8954=CARTESIAN_POINT('Ctrl Pts',(15.4275916862052,-191.344523997386,23.4168921751478));
#8955=CARTESIAN_POINT('Ctrl Pts',(12.8757624855129,-191.344523997386,23.4168921751478));
#8956=CARTESIAN_POINT('Ctrl Pts',(8.86966503066261,-191.307874458146,25.8724113042244));
#8957=CARTESIAN_POINT('Ctrl Pts',(6.81173825591077,-191.2446079351,30.1112683482728));
#8958=CARTESIAN_POINT('Ctrl Pts',(6.81173825591077,-191.209186872036,32.4844795735814));
#8959=CARTESIAN_POINT('',(6.81173825591077,-191.709131189648,32.4919414290681));
#8960=CARTESIAN_POINT('Ctrl Pts',(6.81173825591077,-191.709131189648,32.4919414290681));
#8961=CARTESIAN_POINT('Ctrl Pts',(6.81173825591077,-191.744552252713,30.1187302037595));
#8962=CARTESIAN_POINT('Ctrl Pts',(8.86966503066261,-191.807818775758,25.8798731597111));
#8963=CARTESIAN_POINT('Ctrl Pts',(12.8757624855129,-191.844468314998,23.4243540306346));
#8964=CARTESIAN_POINT('Ctrl Pts',(15.4275916862052,-191.844468314998,23.4243540306346));
#8965=CARTESIAN_POINT('',(6.81173825591077,-191.209186872036,32.4844795735814));
#8966=CARTESIAN_POINT('Ctrl Pts',(15.4275916862052,-191.066683635662,42.0321964106612));
#8967=CARTESIAN_POINT('Ctrl Pts',(15.4275916862052,-191.566627953274,42.039658266148));
#8968=CARTESIAN_POINT('Ctrl Pts',(11.6272869088301,-191.066683635662,42.0321964106612));
#8969=CARTESIAN_POINT('Ctrl Pts',(11.6272869088301,-191.566627953274,42.039658266148));
#8970=CARTESIAN_POINT('Ctrl Pts',(6.81173825591077,-191.142234920464,36.9702603289336));
#8971=CARTESIAN_POINT('Ctrl Pts',(6.81173825591077,-191.642179238076,36.9777221844203));
#8972=CARTESIAN_POINT('Ctrl Pts',(6.81173825591077,-191.209186872036,32.4844795735814));
#8973=CARTESIAN_POINT('Ctrl Pts',(6.81173825591077,-191.709131189648,32.4919414290681));
#8974=CARTESIAN_POINT('Ctrl Pts',(6.81173825591077,-191.209186872036,32.4844795735814));
#8975=CARTESIAN_POINT('Ctrl Pts',(6.81173825591077,-191.142234920464,36.9702603289336));
#8976=CARTESIAN_POINT('Ctrl Pts',(11.6272869088301,-191.066683635662,42.0321964106612));
#8977=CARTESIAN_POINT('Ctrl Pts',(15.4275916862052,-191.066683635662,42.0321964106612));
#8978=CARTESIAN_POINT('Ctrl Pts',(15.4275916862052,-191.566627953274,42.039658266148));
#8979=CARTESIAN_POINT('Ctrl Pts',(11.6272869088301,-191.566627953274,42.039658266148));
#8980=CARTESIAN_POINT('Ctrl Pts',(6.81173825591077,-191.642179238076,36.9777221844203));
#8981=CARTESIAN_POINT('Ctrl Pts',(6.81173825591077,-191.709131189648,32.4919414290681));
#8982=CARTESIAN_POINT('Origin',(15.421128435512,-191.705477181723,32.7367599600486));
#8983=CARTESIAN_POINT('Ctrl Pts',(35.0053350700111,-191.097190794024,39.9882168004243));
#8984=CARTESIAN_POINT('Ctrl Pts',(35.0053350700111,-191.597135111636,39.9956786559111));
#8985=CARTESIAN_POINT('Ctrl Pts',(32.4809448929822,-191.097190794024,39.9882168004243));
#8986=CARTESIAN_POINT('Ctrl Pts',(32.4809448929822,-191.597135111636,39.9956786559111));
#8987=CARTESIAN_POINT('Ctrl Pts',(28.8315547457556,-191.14899153943,36.5175668582099));
#8988=CARTESIAN_POINT('Ctrl Pts',(28.8315547457556,-191.648935857042,36.5250287136967));
#8989=CARTESIAN_POINT('Ctrl Pts',(28.8315547457556,-191.209596364095,32.4570436056587));
#8990=CARTESIAN_POINT('Ctrl Pts',(28.8315547457556,-191.709540681707,32.4645054611455));
#8991=CARTESIAN_POINT('',(35.0053350700111,-191.097190794024,39.9882168004243));
#8992=CARTESIAN_POINT('',(28.8315547457556,-191.209596364095,32.4570436056587));
#8993=CARTESIAN_POINT('Ctrl Pts',(35.0053350700111,-191.097190794024,39.9882168004243));
#8994=CARTESIAN_POINT('Ctrl Pts',(32.4809448929822,-191.097190794024,39.9882168004243));
#8995=CARTESIAN_POINT('Ctrl Pts',(28.8315547457556,-191.14899153943,36.5175668582099));
#8996=CARTESIAN_POINT('Ctrl Pts',(28.8315547457556,-191.209596364095,32.4570436056587));
#8997=CARTESIAN_POINT('',(35.0053350700111,-191.597135111636,39.9956786559111));
#8998=CARTESIAN_POINT('',(35.0053350700111,-191.097190794024,39.9882168004243));
#8999=CARTESIAN_POINT('',(28.8315547457556,-191.709540681707,32.4645054611455));
#9000=CARTESIAN_POINT('Ctrl Pts',(28.8315547457556,-191.709540681707,32.4645054611455));
#9001=CARTESIAN_POINT('Ctrl Pts',(28.8315547457556,-191.648935857042,36.5250287136967));
#9002=CARTESIAN_POINT('Ctrl Pts',(32.4809448929822,-191.597135111636,39.9956786559111));
#9003=CARTESIAN_POINT('Ctrl Pts',(35.0053350700111,-191.597135111636,39.9956786559111));
#9004=CARTESIAN_POINT('',(28.8315547457556,-191.209596364095,32.4570436056587));
#9005=CARTESIAN_POINT('Ctrl Pts',(41.1379568587716,-191.205706189538,32.7176853009239));
#9006=CARTESIAN_POINT('Ctrl Pts',(41.1379568587716,-191.705650507151,32.7251471564106));
#9007=CARTESIAN_POINT('Ctrl Pts',(41.1379568587716,-191.172946824855,34.9125627347353));
#9008=CARTESIAN_POINT('Ctrl Pts',(41.1379568587716,-191.672891142467,34.9200245902221));
#9009=CARTESIAN_POINT('Ctrl Pts',(39.6562495809503,-191.124012523858,38.1911609014912));
#9010=CARTESIAN_POINT('Ctrl Pts',(39.6562495809503,-191.62395684147,38.1986227569779));
#9011=CARTESIAN_POINT('Ctrl Pts',(36.7888716081294,-191.097190794024,39.9882168004243));
#9012=CARTESIAN_POINT('Ctrl Pts',(36.7888716081294,-191.597135111636,39.9956786559111));
#9013=CARTESIAN_POINT('Ctrl Pts',(35.0053350700111,-191.097190794024,39.9882168004243));
#9014=CARTESIAN_POINT('Ctrl Pts',(35.0053350700111,-191.597135111636,39.9956786559111));
#9015=CARTESIAN_POINT('',(41.1379568587716,-191.205706189538,32.7176853009239));
#9016=CARTESIAN_POINT('Ctrl Pts',(41.1379568587716,-191.205706189538,32.7176853009239));
#9017=CARTESIAN_POINT('Ctrl Pts',(41.1379568587716,-191.172946824855,34.9125627347353));
#9018=CARTESIAN_POINT('Ctrl Pts',(39.6562495809503,-191.124012523858,38.1911609014912));
#9019=CARTESIAN_POINT('Ctrl Pts',(36.7888716081294,-191.097190794024,39.9882168004243));
#9020=CARTESIAN_POINT('Ctrl Pts',(35.0053350700111,-191.097190794024,39.9882168004243));
#9021=CARTESIAN_POINT('',(41.1379568587716,-191.705650507151,32.7251471564106));
#9022=CARTESIAN_POINT('',(41.1379568587716,-191.205706189538,32.7176853009239));
#9023=CARTESIAN_POINT('Ctrl Pts',(35.0053350700111,-191.597135111636,39.9956786559111));
#9024=CARTESIAN_POINT('Ctrl Pts',(36.7888716081294,-191.597135111636,39.9956786559111));
#9025=CARTESIAN_POINT('Ctrl Pts',(39.6562495809503,-191.62395684147,38.1986227569779));
#9026=CARTESIAN_POINT('Ctrl Pts',(41.1379568587716,-191.672891142467,34.9200245902221));
#9027=CARTESIAN_POINT('Ctrl Pts',(41.1379568587716,-191.705650507151,32.7251471564106));
#9028=CARTESIAN_POINT('Ctrl Pts',(34.9778960463477,-191.314016839024,25.4608717853847));
#9029=CARTESIAN_POINT('Ctrl Pts',(34.9778960463477,-191.813961156636,25.4683336408715));
#9030=CARTESIAN_POINT('Ctrl Pts',(37.6669203653568,-191.314016839024,25.4608717853847));
#9031=CARTESIAN_POINT('Ctrl Pts',(37.6669203653568,-191.813961156636,25.4683336408715));
#9032=CARTESIAN_POINT('Ctrl Pts',(41.1379568587716,-191.257711680974,29.2333173747482));
#9033=CARTESIAN_POINT('Ctrl Pts',(41.1379568587716,-191.757655998586,29.2407792302349));
#9034=CARTESIAN_POINT('Ctrl Pts',(41.1379568587716,-191.205706189538,32.7176853009239));
#9035=CARTESIAN_POINT('Ctrl Pts',(41.1379568587716,-191.705650507151,32.7251471564106));
#9036=CARTESIAN_POINT('',(34.9778960463477,-191.314016839024,25.4608717853847));
#9037=CARTESIAN_POINT('Ctrl Pts',(34.9778960463477,-191.314016839024,25.4608717853847));
#9038=CARTESIAN_POINT('Ctrl Pts',(37.6669203653568,-191.314016839024,25.4608717853847));
#9039=CARTESIAN_POINT('Ctrl Pts',(41.1379568587716,-191.257711680974,29.2333173747482));
#9040=CARTESIAN_POINT('Ctrl Pts',(41.1379568587716,-191.205706189538,32.7176853009239));
#9041=CARTESIAN_POINT('',(34.9778960463477,-191.813961156636,25.4683336408715));
#9042=CARTESIAN_POINT('',(34.9778960463477,-191.314016839024,25.4608717853847));
#9043=CARTESIAN_POINT('Ctrl Pts',(41.1379568587716,-191.705650507151,32.7251471564106));
#9044=CARTESIAN_POINT('Ctrl Pts',(41.1379568587716,-191.757655998586,29.2407792302349));
#9045=CARTESIAN_POINT('Ctrl Pts',(37.6669203653568,-191.813961156636,25.4683336408715));
#9046=CARTESIAN_POINT('Ctrl Pts',(34.9778960463477,-191.813961156636,25.4683336408715));
#9047=CARTESIAN_POINT('Ctrl Pts',(28.8315547457556,-191.209596364095,32.4570436056587));
#9048=CARTESIAN_POINT('Ctrl Pts',(28.8315547457556,-191.709540681707,32.4645054611455));
#9049=CARTESIAN_POINT('Ctrl Pts',(28.8315547457556,-191.258121173032,29.2058814068255));
#9050=CARTESIAN_POINT('Ctrl Pts',(28.8315547457556,-191.758065490645,29.2133432623123));
#9051=CARTESIAN_POINT('Ctrl Pts',(32.3300302628337,-191.314016839024,25.4608717853847));
#9052=CARTESIAN_POINT('Ctrl Pts',(32.3300302628337,-191.813961156636,25.4683336408715));
#9053=CARTESIAN_POINT('Ctrl Pts',(34.9778960463477,-191.314016839024,25.4608717853847));
#9054=CARTESIAN_POINT('Ctrl Pts',(34.9778960463477,-191.813961156636,25.4683336408715));
#9055=CARTESIAN_POINT('Ctrl Pts',(28.8315547457556,-191.209596364095,32.4570436056587));
#9056=CARTESIAN_POINT('Ctrl Pts',(28.8315547457556,-191.258121173032,29.2058814068255));
#9057=CARTESIAN_POINT('Ctrl Pts',(32.3300302628337,-191.314016839024,25.4608717853847));
#9058=CARTESIAN_POINT('Ctrl Pts',(34.9778960463477,-191.314016839024,25.4608717853847));
#9059=CARTESIAN_POINT('Ctrl Pts',(34.9778960463477,-191.813961156636,25.4683336408715));
#9060=CARTESIAN_POINT('Ctrl Pts',(32.3300302628337,-191.813961156636,25.4683336408715));
#9061=CARTESIAN_POINT('Ctrl Pts',(28.8315547457556,-191.758065490645,29.2133432623123));
#9062=CARTESIAN_POINT('Ctrl Pts',(28.8315547457556,-191.709540681707,32.4645054611455));
#9063=CARTESIAN_POINT('Ctrl Pts',(43.5937494766422,-191.206115681597,32.6902493330012));
#9064=CARTESIAN_POINT('Ctrl Pts',(43.5937494766422,-191.706059999209,32.697711188488));
#9065=CARTESIAN_POINT('Ctrl Pts',(43.5937494766422,-191.16578071383,35.3926921733816));
#9066=CARTESIAN_POINT('Ctrl Pts',(43.5937494766422,-191.665725031442,35.4001540288683));
#9067=CARTESIAN_POINT('Ctrl Pts',(41.4946641663953,-191.102309444755,39.6452672013913));
#9068=CARTESIAN_POINT('Ctrl Pts',(41.4946641663953,-191.602253762368,39.652729056878));
#9069=CARTESIAN_POINT('Ctrl Pts',(37.488566711545,-191.066683635662,42.0321964106612));
#9070=CARTESIAN_POINT('Ctrl Pts',(37.488566711545,-191.566627953274,42.039658266148));
#9071=CARTESIAN_POINT('Ctrl Pts',(34.9916155581794,-191.066683635662,42.0321964106612));
#9072=CARTESIAN_POINT('Ctrl Pts',(34.9916155581794,-191.566627953274,42.039658266148));
#9073=CARTESIAN_POINT('',(34.9916155581794,-191.066683635662,42.0321964106612));
#9074=CARTESIAN_POINT('',(43.5937494766422,-191.206115681597,32.6902493330012));
#9075=CARTESIAN_POINT('Ctrl Pts',(34.9916155581794,-191.066683635662,42.0321964106612));
#9076=CARTESIAN_POINT('Ctrl Pts',(37.488566711545,-191.066683635662,42.0321964106612));
#9077=CARTESIAN_POINT('Ctrl Pts',(41.4946641663953,-191.102309444755,39.6452672013913));
#9078=CARTESIAN_POINT('Ctrl Pts',(43.5937494766422,-191.16578071383,35.3926921733816));
#9079=CARTESIAN_POINT('Ctrl Pts',(43.5937494766422,-191.206115681597,32.6902493330012));
#9080=CARTESIAN_POINT('',(34.9916155581794,-191.566627953274,42.039658266148));
#9081=CARTESIAN_POINT('',(34.9916155581794,-191.066683635662,42.0321964106612));
#9082=CARTESIAN_POINT('',(43.5937494766422,-191.706059999209,32.697711188488));
#9083=CARTESIAN_POINT('Ctrl Pts',(43.5937494766422,-191.706059999209,32.697711188488));
#9084=CARTESIAN_POINT('Ctrl Pts',(43.5937494766422,-191.665725031442,35.4001540288683));
#9085=CARTESIAN_POINT('Ctrl Pts',(41.4946641663953,-191.602253762368,39.652729056878));
#9086=CARTESIAN_POINT('Ctrl Pts',(37.488566711545,-191.566627953274,42.039658266148));
#9087=CARTESIAN_POINT('Ctrl Pts',(34.9916155581794,-191.566627953274,42.039658266148));
#9088=CARTESIAN_POINT('',(43.5937494766422,-191.206115681597,32.6902493330012));
#9089=CARTESIAN_POINT('Ctrl Pts',(34.9916155581794,-191.344523997386,23.4168921751478));
#9090=CARTESIAN_POINT('Ctrl Pts',(34.9916155581794,-191.844468314998,23.4243540306346));
#9091=CARTESIAN_POINT('Ctrl Pts',(37.3239325695649,-191.344523997386,23.4168921751478));
#9092=CARTESIAN_POINT('Ctrl Pts',(37.3239325695649,-191.844468314998,23.4243540306346));
#9093=CARTESIAN_POINT('Ctrl Pts',(41.3849080717418,-191.311355140644,25.6392055768819));
#9094=CARTESIAN_POINT('Ctrl Pts',(41.3849080717418,-191.811299458256,25.6466674323687));
#9095=CARTESIAN_POINT('Ctrl Pts',(43.5937494766422,-191.246860141422,29.9603705246982));
#9096=CARTESIAN_POINT('Ctrl Pts',(43.5937494766422,-191.746804459035,29.967832380185));
#9097=CARTESIAN_POINT('Ctrl Pts',(43.5937494766422,-191.206115681597,32.6902493330012));
#9098=CARTESIAN_POINT('Ctrl Pts',(43.5937494766422,-191.706059999209,32.697711188488));
#9099=CARTESIAN_POINT('',(34.9916155581794,-191.344523997386,23.4168921751478));
#9100=CARTESIAN_POINT('Ctrl Pts',(43.5937494766422,-191.206115681597,32.6902493330012));
#9101=CARTESIAN_POINT('Ctrl Pts',(43.5937494766422,-191.246860141422,29.9603705246982));
#9102=CARTESIAN_POINT('Ctrl Pts',(41.3849080717418,-191.311355140644,25.6392055768819));
#9103=CARTESIAN_POINT('Ctrl Pts',(37.3239325695649,-191.344523997386,23.4168921751478));
#9104=CARTESIAN_POINT('Ctrl Pts',(34.9916155581794,-191.344523997386,23.4168921751478));
#9105=CARTESIAN_POINT('',(34.9916155581794,-191.844468314998,23.4243540306346));
#9106=CARTESIAN_POINT('Ctrl Pts',(34.9916155581794,-191.844468314998,23.4243540306346));
#9107=CARTESIAN_POINT('Ctrl Pts',(37.3239325695649,-191.844468314998,23.4243540306346));
#9108=CARTESIAN_POINT('Ctrl Pts',(41.3849080717418,-191.811299458256,25.6466674323687));
#9109=CARTESIAN_POINT('Ctrl Pts',(43.5937494766422,-191.746804459035,29.967832380185));
#9110=CARTESIAN_POINT('Ctrl Pts',(43.5937494766422,-191.706059999209,32.697711188488));
#9111=CARTESIAN_POINT('',(34.9916155581794,-191.344523997386,23.4168921751478));
#9112=CARTESIAN_POINT('Ctrl Pts',(26.375762127885,-191.209186872036,32.4844795735814));
#9113=CARTESIAN_POINT('Ctrl Pts',(26.375762127885,-191.709131189648,32.4919414290681));
#9114=CARTESIAN_POINT('Ctrl Pts',(26.375762127885,-191.2446079351,30.1112683482728));
#9115=CARTESIAN_POINT('Ctrl Pts',(26.375762127885,-191.744552252713,30.1187302037595));
#9116=CARTESIAN_POINT('Ctrl Pts',(28.4336889026369,-191.307874458146,25.8724113042244));
#9117=CARTESIAN_POINT('Ctrl Pts',(28.4336889026369,-191.807818775758,25.8798731597111));
#9118=CARTESIAN_POINT('Ctrl Pts',(32.4397863574871,-191.344523997386,23.4168921751478));
#9119=CARTESIAN_POINT('Ctrl Pts',(32.4397863574871,-191.844468314998,23.4243540306346));
#9120=CARTESIAN_POINT('Ctrl Pts',(34.9916155581794,-191.344523997386,23.4168921751478));
#9121=CARTESIAN_POINT('Ctrl Pts',(34.9916155581794,-191.844468314998,23.4243540306346));
#9122=CARTESIAN_POINT('',(26.375762127885,-191.209186872036,32.4844795735814));
#9123=CARTESIAN_POINT('Ctrl Pts',(34.9916155581794,-191.344523997386,23.4168921751478));
#9124=CARTESIAN_POINT('Ctrl Pts',(32.4397863574871,-191.344523997386,23.4168921751478));
#9125=CARTESIAN_POINT('Ctrl Pts',(28.4336889026369,-191.307874458146,25.8724113042244));
#9126=CARTESIAN_POINT('Ctrl Pts',(26.375762127885,-191.2446079351,30.1112683482728));
#9127=CARTESIAN_POINT('Ctrl Pts',(26.375762127885,-191.209186872036,32.4844795735814));
#9128=CARTESIAN_POINT('',(26.375762127885,-191.709131189648,32.4919414290681));
#9129=CARTESIAN_POINT('Ctrl Pts',(26.375762127885,-191.709131189648,32.4919414290681));
#9130=CARTESIAN_POINT('Ctrl Pts',(26.375762127885,-191.744552252713,30.1187302037595));
#9131=CARTESIAN_POINT('Ctrl Pts',(28.4336889026369,-191.807818775758,25.8798731597111));
#9132=CARTESIAN_POINT('Ctrl Pts',(32.4397863574871,-191.844468314998,23.4243540306346));
#9133=CARTESIAN_POINT('Ctrl Pts',(34.9916155581794,-191.844468314998,23.4243540306346));
#9134=CARTESIAN_POINT('',(26.375762127885,-191.209186872036,32.4844795735814));
#9135=CARTESIAN_POINT('Ctrl Pts',(34.9916155581794,-191.066683635662,42.0321964106612));
#9136=CARTESIAN_POINT('Ctrl Pts',(34.9916155581794,-191.566627953274,42.039658266148));
#9137=CARTESIAN_POINT('Ctrl Pts',(31.1913107808043,-191.066683635662,42.0321964106612));
#9138=CARTESIAN_POINT('Ctrl Pts',(31.1913107808043,-191.566627953274,42.039658266148));
#9139=CARTESIAN_POINT('Ctrl Pts',(26.375762127885,-191.142234920464,36.9702603289336));
#9140=CARTESIAN_POINT('Ctrl Pts',(26.375762127885,-191.642179238076,36.9777221844203));
#9141=CARTESIAN_POINT('Ctrl Pts',(26.375762127885,-191.209186872036,32.4844795735814));
#9142=CARTESIAN_POINT('Ctrl Pts',(26.375762127885,-191.709131189648,32.4919414290681));
#9143=CARTESIAN_POINT('Ctrl Pts',(26.375762127885,-191.209186872036,32.4844795735814));
#9144=CARTESIAN_POINT('Ctrl Pts',(26.375762127885,-191.142234920464,36.9702603289336));
#9145=CARTESIAN_POINT('Ctrl Pts',(31.1913107808043,-191.066683635662,42.0321964106612));
#9146=CARTESIAN_POINT('Ctrl Pts',(34.9916155581794,-191.066683635662,42.0321964106612));
#9147=CARTESIAN_POINT('Ctrl Pts',(34.9916155581794,-191.566627953274,42.039658266148));
#9148=CARTESIAN_POINT('Ctrl Pts',(31.1913107808043,-191.566627953274,42.039658266148));
#9149=CARTESIAN_POINT('Ctrl Pts',(26.375762127885,-191.642179238076,36.9777221844203));
#9150=CARTESIAN_POINT('Ctrl Pts',(26.375762127885,-191.709131189648,32.4919414290681));
#9151=CARTESIAN_POINT('Origin',(34.9851523074863,-191.705477181723,32.7367599600486));
#9152=CARTESIAN_POINT('Origin',(48.944359090997,-191.071392794335,41.7166827795508));
#9153=CARTESIAN_POINT('',(46.5571640322848,-191.071392794335,41.7166827795508));
#9154=CARTESIAN_POINT('',(48.944359090997,-191.071392794335,41.7166827795508));
#9155=CARTESIAN_POINT('',(24.4721795454985,-191.071392794335,41.7166827795508));
#9156=CARTESIAN_POINT('',(46.5571640322848,-191.571337111947,41.7241446350376));
#9157=CARTESIAN_POINT('',(46.5571640322848,-191.071392794335,41.7166827795508));
#9158=CARTESIAN_POINT('',(48.944359090997,-191.571337111947,41.7241446350376));
#9159=CARTESIAN_POINT('',(46.5571640322848,-191.571337111947,41.7241446350376));
#9160=CARTESIAN_POINT('',(48.944359090997,-191.071392794335,41.7166827795508));
#9161=CARTESIAN_POINT('Origin',(48.944359090997,-191.308283950204,25.8449753363017));
#9162=CARTESIAN_POINT('',(48.944359090997,-191.308283950204,25.8449753363017));
#9163=CARTESIAN_POINT('',(48.944359090997,-191.360034081564,22.3777165352304));
#9164=CARTESIAN_POINT('',(48.944359090997,-191.808228267817,25.8524371917885));
#9165=CARTESIAN_POINT('',(48.944359090997,-191.571337111947,41.7241446350376));
#9166=CARTESIAN_POINT('',(48.944359090997,-191.308283950204,25.8449753363017));
#9167=CARTESIAN_POINT('Origin',(57.8071637342616,-191.308283950204,25.8449753363017));
#9168=CARTESIAN_POINT('',(57.8071637342616,-191.308283950204,25.8449753363017));
#9169=CARTESIAN_POINT('',(28.9035818671308,-191.308283950204,25.8449753363017));
#9170=CARTESIAN_POINT('',(57.8071637342616,-191.808228267817,25.8524371917885));
#9171=CARTESIAN_POINT('',(48.944359090997,-191.808228267817,25.8524371917885));
#9172=CARTESIAN_POINT('',(57.8071637342616,-191.308283950204,25.8449753363017));
#9173=CARTESIAN_POINT('Origin',(57.8071637342616,-191.340019584742,23.7186878222969));
#9174=CARTESIAN_POINT('',(57.8071637342616,-191.340019584742,23.7186878222969));
#9175=CARTESIAN_POINT('',(57.8071637342616,-191.375901898832,21.314572778228));
#9176=CARTESIAN_POINT('',(57.8071637342616,-191.839963902354,23.7261496777836));
#9177=CARTESIAN_POINT('',(57.8071637342616,-191.808228267817,25.8524371917885));
#9178=CARTESIAN_POINT('',(57.8071637342616,-191.340019584742,23.7186878222969));
#9179=CARTESIAN_POINT('Origin',(46.5571640322848,-191.340019584742,23.7186878222969));
#9180=CARTESIAN_POINT('',(46.5571640322848,-191.340019584742,23.7186878222969));
#9181=CARTESIAN_POINT('',(23.2785820161424,-191.340019584742,23.7186878222969));
#9182=CARTESIAN_POINT('',(46.5571640322848,-191.839963902354,23.7261496777836));
#9183=CARTESIAN_POINT('',(57.8071637342616,-191.839963902354,23.7261496777836));
#9184=CARTESIAN_POINT('',(46.5571640322848,-191.340019584742,23.7186878222969));
#9185=CARTESIAN_POINT('Origin',(46.5571640322848,-191.071392794335,41.7166827795508));
#9186=CARTESIAN_POINT('',(46.5571640322848,-191.241588503629,30.3135702568549));
#9187=CARTESIAN_POINT('',(46.5571640322848,-191.839963902354,23.7261496777836));
#9188=CARTESIAN_POINT('Origin',(49.7773175014118,-191.741539739489,30.320568589727));
#9189=CARTESIAN_POINT('Origin',(0.,-191.411784212923,18.910457734159));
#9190=CARTESIAN_POINT('',(71.4216934421153,-191.411784212923,18.910457734159));
#9191=CARTESIAN_POINT('',(-71.4216934421153,-191.411784212923,18.910457734159));
#9192=CARTESIAN_POINT('',(0.,-191.411784212923,18.910457734159));
#9193=CARTESIAN_POINT('',(70.5852987417264,-190.692734440648,67.0867924765599));
#9194=CARTESIAN_POINT('',(70.9938786658532,-191.043991211241,43.5525888468601));
#9195=CARTESIAN_POINT('',(65.5860520918788,-190.619402985075,72.));
#9196=CARTESIAN_POINT('Origin',(65.5860520918788,-190.694029850746,67.));
#9197=CARTESIAN_POINT('',(-65.5860520918788,-190.619402985075,72.));
#9198=CARTESIAN_POINT('',(-32.7930260459394,-190.619402985075,72.));
#9199=CARTESIAN_POINT('',(-70.5852987417264,-190.692734440648,67.0867924765599));
#9200=CARTESIAN_POINT('Origin',(-65.5860520918788,-190.694029850746,67.));
#9201=CARTESIAN_POINT('',(-71.57609963459,-191.54452744705,10.0166610476183));
#9202=CARTESIAN_POINT('',(67.8901729217939,-190.955223880597,49.5));
#9203=CARTESIAN_POINT('',(67.5857507518178,-190.693511686707,67.0347169906239));
#9204=CARTESIAN_POINT('',(68.1465076698308,-191.175595246073,34.7351185130787));
#9205=CARTESIAN_POINT('',(-67.8901729217939,-190.955223880597,49.5));
#9206=CARTESIAN_POINT('',(-33.945086460897,-190.955223880597,49.5));
#9207=CARTESIAN_POINT('',(-67.5857507518178,-190.693511686707,67.0347169906239));
#9208=CARTESIAN_POINT('',(-67.9943304746493,-191.044768284246,43.5005249555341));
#9209=CARTESIAN_POINT('',(-65.5860520918788,-190.664179104478,69.));
#9210=CARTESIAN_POINT('Origin',(-65.5860520918788,-190.694029850746,67.));
#9211=CARTESIAN_POINT('',(65.5860520918788,-190.664179104478,69.));
#9212=CARTESIAN_POINT('',(32.7930260459394,-190.664179104478,69.));
#9213=CARTESIAN_POINT('Origin',(65.5860520918788,-190.694029850746,67.));
#9214=CARTESIAN_POINT('Origin',(0.,-191.411784212923,18.910457734159));
#9215=CARTESIAN_POINT('Origin',(-133.,0.,55.5));
#9216=CARTESIAN_POINT('',(-132.5,80.4591836734689,55.5));
#9217=CARTESIAN_POINT('',(-133.,81.2244897959178,56.));
#9218=CARTESIAN_POINT('Origin',(-133.,81.2244897959178,55.5));
#9219=CARTESIAN_POINT('',(-133.,-81.224489795918,56.));
#9220=CARTESIAN_POINT('',(-133.,0.,56.));
#9221=CARTESIAN_POINT('',(-132.5,-80.4591836734691,55.5));
#9222=CARTESIAN_POINT('Origin',(-133.,-81.224489795918,55.5));
#9223=CARTESIAN_POINT('',(-132.5,0.,55.5));
#9224=CARTESIAN_POINT('Origin',(-135.5,0.,56.));
#9225=CARTESIAN_POINT('',(-135.,84.2857142857137,56.));
#9226=CARTESIAN_POINT('',(-118.463958336237,58.9754464330155,56.));
#9227=CARTESIAN_POINT('',(-135.,-84.2857142857139,56.));
#9228=CARTESIAN_POINT('',(-135.,0.,56.));
#9229=CARTESIAN_POINT('',(-107.842296336078,-42.7178005144052,56.));
#9230=CARTESIAN_POINT('Origin',(-135.,0.,55.5));
#9231=CARTESIAN_POINT('',(-135.5,-85.0510204081629,55.5));
#9232=CARTESIAN_POINT('Origin',(-135.,-84.2857142857139,55.5));
#9233=CARTESIAN_POINT('',(-135.5,85.0510204081627,55.5));
#9234=CARTESIAN_POINT('Origin',(-135.,84.2857142857137,55.5));
#9235=CARTESIAN_POINT('',(-135.5,0.,55.5));
#9236=CARTESIAN_POINT('Origin',(-133.5,0.,40.));
#9237=CARTESIAN_POINT('',(-133.5,-81.989795918367,38.));
#9238=CARTESIAN_POINT('',(-135.5,-85.0510204081629,40.));
#9239=CARTESIAN_POINT('Origin',(-133.5,-81.989795918367,40.));
#9240=CARTESIAN_POINT('',(-135.5,85.0510204081627,40.));
#9241=CARTESIAN_POINT('',(-135.5,0.,40.));
#9242=CARTESIAN_POINT('',(-133.5,81.9897959183668,38.));
#9243=CARTESIAN_POINT('Origin',(-133.5,81.9897959183668,40.));
#9244=CARTESIAN_POINT('',(-133.5,0.,38.));
#9245=CARTESIAN_POINT('Origin',(-135.5,0.,38.));
#9246=CARTESIAN_POINT('',(-135.5,85.0510204081627,19.));
#9247=CARTESIAN_POINT('',(-135.5,-85.0510204081629,19.));
#9248=CARTESIAN_POINT('Origin',(-125.5,31.5,38.));
#9249=CARTESIAN_POINT('',(-131.,31.5,41.));
#9250=CARTESIAN_POINT('',(-125.5,31.5,41.));
#9251=CARTESIAN_POINT('',(-129.,31.5,41.));
#9252=CARTESIAN_POINT('',(-131.,31.5,38.));
#9253=CARTESIAN_POINT('',(-131.,31.5,38.));
#9254=CARTESIAN_POINT('',(-125.5,31.5,38.));
#9255=CARTESIAN_POINT('',(-121.5,31.5,38.));
#9256=CARTESIAN_POINT('',(-125.5,31.5,38.));
#9257=CARTESIAN_POINT('Origin',(-125.5,4.49999999999999,38.));
#9258=CARTESIAN_POINT('',(-125.5,4.49999999999999,41.));
#9259=CARTESIAN_POINT('',(-125.5,2.25,41.));
#9260=CARTESIAN_POINT('',(-125.5,4.49999999999999,38.));
#9261=CARTESIAN_POINT('',(-125.5,2.25,38.));
#9262=CARTESIAN_POINT('',(-125.5,4.49999999999999,38.));
#9263=CARTESIAN_POINT('Origin',(-131.,4.49999999999998,38.));
#9264=CARTESIAN_POINT('',(-131.,4.49999999999998,41.));
#9265=CARTESIAN_POINT('',(-131.75,4.49999999999997,41.));
#9266=CARTESIAN_POINT('',(-131.,4.49999999999998,38.));
#9267=CARTESIAN_POINT('',(-124.25,4.5,38.));
#9268=CARTESIAN_POINT('',(-131.,4.49999999999998,38.));
#9269=CARTESIAN_POINT('Origin',(-131.,31.5,38.));
#9270=CARTESIAN_POINT('',(-131.,15.75,41.));
#9271=CARTESIAN_POINT('',(-131.,15.75,38.));
#9272=CARTESIAN_POINT('Origin',(-128.5,46.,38.));
#9273=CARTESIAN_POINT('',(-121.,46.,41.));
#9274=CARTESIAN_POINT('',(-128.5,46.,41.));
#9275=CARTESIAN_POINT('',(-130.5,46.,41.));
#9276=CARTESIAN_POINT('',(-121.,46.,38.));
#9277=CARTESIAN_POINT('',(-121.,46.,38.));
#9278=CARTESIAN_POINT('',(-128.5,46.,38.));
#9279=CARTESIAN_POINT('',(-123.,46.,38.));
#9280=CARTESIAN_POINT('',(-128.5,46.,38.));
#9281=CARTESIAN_POINT('Origin',(-121.,46.,38.));
#9282=CARTESIAN_POINT('',(-121.,58.,41.));
#9283=CARTESIAN_POINT('',(-121.,23.,41.));
#9284=CARTESIAN_POINT('',(-121.,58.,38.));
#9285=CARTESIAN_POINT('',(-121.,58.,38.));
#9286=CARTESIAN_POINT('',(-121.,23.,38.));
#9287=CARTESIAN_POINT('Origin',(-121.,58.,38.));
#9288=CARTESIAN_POINT('',(-125.,64.5,41.));
#9289=CARTESIAN_POINT('',(-109.635193133047,39.5321888412016,41.));
#9290=CARTESIAN_POINT('',(-125.,64.5,38.));
#9291=CARTESIAN_POINT('',(-125.,64.5,38.));
#9292=CARTESIAN_POINT('',(-107.575107296137,36.1845493562232,38.));
#9293=CARTESIAN_POINT('Origin',(-125.,64.5,38.));
#9294=CARTESIAN_POINT('',(-128.5,64.5,41.));
#9295=CARTESIAN_POINT('',(-128.75,64.5,41.));
#9296=CARTESIAN_POINT('',(-128.5,64.5,38.));
#9297=CARTESIAN_POINT('',(-128.5,64.5,38.));
#9298=CARTESIAN_POINT('',(-121.25,64.5,38.));
#9299=CARTESIAN_POINT('Origin',(-128.5,64.5,38.));
#9300=CARTESIAN_POINT('',(-128.5,32.25,41.));
#9301=CARTESIAN_POINT('',(-128.5,32.25,38.));
#9302=CARTESIAN_POINT('Origin',(-125.5,-31.5,38.));
#9303=CARTESIAN_POINT('',(-125.5,-31.5,41.));
#9304=CARTESIAN_POINT('',(-131.,-31.5,41.));
#9305=CARTESIAN_POINT('',(-129.,-31.5,41.));
#9306=CARTESIAN_POINT('',(-125.5,-31.5,38.));
#9307=CARTESIAN_POINT('',(-125.5,-31.5,38.));
#9308=CARTESIAN_POINT('',(-131.,-31.5,38.));
#9309=CARTESIAN_POINT('',(-121.5,-31.5,38.));
#9310=CARTESIAN_POINT('',(-131.,-31.5,38.));
#9311=CARTESIAN_POINT('Origin',(-125.5,-4.49999999999999,38.));
#9312=CARTESIAN_POINT('',(-125.5,-4.49999999999999,41.));
#9313=CARTESIAN_POINT('',(-125.5,-2.25,41.));
#9314=CARTESIAN_POINT('',(-125.5,-4.49999999999999,38.));
#9315=CARTESIAN_POINT('',(-125.5,-4.49999999999999,38.));
#9316=CARTESIAN_POINT('',(-125.5,-2.25,38.));
#9317=CARTESIAN_POINT('Origin',(-131.,-4.49999999999998,38.));
#9318=CARTESIAN_POINT('',(-131.,-4.49999999999998,41.));
#9319=CARTESIAN_POINT('',(-131.75,-4.49999999999997,41.));
#9320=CARTESIAN_POINT('',(-131.,-4.49999999999998,38.));
#9321=CARTESIAN_POINT('',(-131.,-4.49999999999998,38.));
#9322=CARTESIAN_POINT('',(-124.25,-4.5,38.));
#9323=CARTESIAN_POINT('Origin',(-131.,-31.5,38.));
#9324=CARTESIAN_POINT('',(-131.,-15.75,41.));
#9325=CARTESIAN_POINT('',(-131.,-15.75,38.));
#9326=CARTESIAN_POINT('Origin',(-128.5,-46.,38.));
#9327=CARTESIAN_POINT('',(-128.5,-46.,41.));
#9328=CARTESIAN_POINT('',(-121.,-46.,41.));
#9329=CARTESIAN_POINT('',(-130.5,-46.,41.));
#9330=CARTESIAN_POINT('',(-128.5,-46.,38.));
#9331=CARTESIAN_POINT('',(-128.5,-46.,38.));
#9332=CARTESIAN_POINT('',(-121.,-46.,38.));
#9333=CARTESIAN_POINT('',(-123.,-46.,38.));
#9334=CARTESIAN_POINT('',(-121.,-46.,38.));
#9335=CARTESIAN_POINT('Origin',(-121.,-46.,38.));
#9336=CARTESIAN_POINT('',(-121.,-58.,41.));
#9337=CARTESIAN_POINT('',(-121.,-23.,41.));
#9338=CARTESIAN_POINT('',(-121.,-58.,38.));
#9339=CARTESIAN_POINT('',(-121.,-23.,38.));
#9340=CARTESIAN_POINT('',(-121.,-58.,38.));
#9341=CARTESIAN_POINT('Origin',(-121.,-58.,38.));
#9342=CARTESIAN_POINT('',(-125.,-64.5,41.));
#9343=CARTESIAN_POINT('',(-109.635193133047,-39.5321888412016,41.));
#9344=CARTESIAN_POINT('',(-125.,-64.5,38.));
#9345=CARTESIAN_POINT('',(-107.575107296137,-36.1845493562232,38.));
#9346=CARTESIAN_POINT('',(-125.,-64.5,38.));
#9347=CARTESIAN_POINT('Origin',(-125.,-64.5,38.));
#9348=CARTESIAN_POINT('',(-128.5,-64.5,41.));
#9349=CARTESIAN_POINT('',(-128.75,-64.5,41.));
#9350=CARTESIAN_POINT('',(-128.5,-64.5,38.));
#9351=CARTESIAN_POINT('',(-121.25,-64.5,38.));
#9352=CARTESIAN_POINT('',(-128.5,-64.5,38.));
#9353=CARTESIAN_POINT('Origin',(-128.5,-64.5,38.));
#9354=CARTESIAN_POINT('',(-128.5,-32.25,41.));
#9355=CARTESIAN_POINT('',(-128.5,-32.25,38.));
#9356=CARTESIAN_POINT('Origin',(-117.5,37.5,49.5));
#9357=CARTESIAN_POINT('',(-132.5,37.5,41.));
#9358=CARTESIAN_POINT('',(-132.5,37.5,49.5));
#9359=CARTESIAN_POINT('',(-132.5,37.5,52.75));
#9360=CARTESIAN_POINT('',(-117.5,37.5,41.));
#9361=CARTESIAN_POINT('',(-125.,37.5,41.));
#9362=CARTESIAN_POINT('',(-117.5,37.5,49.5));
#9363=CARTESIAN_POINT('',(-117.5,37.5,24.75));
#9364=CARTESIAN_POINT('',(-117.5,37.5,49.5));
#9365=CARTESIAN_POINT('Origin',(-117.5,39.,49.5));
#9366=CARTESIAN_POINT('',(-132.5,40.5,49.5));
#9367=CARTESIAN_POINT('Origin',(-132.5,39.,49.5));
#9368=CARTESIAN_POINT('',(-117.5,40.5,49.5));
#9369=CARTESIAN_POINT('Origin',(-117.5,39.,49.5));
#9370=CARTESIAN_POINT('',(-117.5,40.5,49.5));
#9371=CARTESIAN_POINT('Origin',(-117.5,40.5,41.));
#9372=CARTESIAN_POINT('',(-132.5,40.5,41.));
#9373=CARTESIAN_POINT('',(-132.5,40.5,48.5));
#9374=CARTESIAN_POINT('',(-117.5,40.5,41.));
#9375=CARTESIAN_POINT('',(-117.5,40.5,20.5));
#9376=CARTESIAN_POINT('',(-125.,40.5,41.));
#9377=CARTESIAN_POINT('Origin',(-117.5,-40.5,49.5));
#9378=CARTESIAN_POINT('',(-132.5,-40.5,41.));
#9379=CARTESIAN_POINT('',(-132.5,-40.5,49.5));
#9380=CARTESIAN_POINT('',(-132.5,-40.5,52.75));
#9381=CARTESIAN_POINT('',(-117.5,-40.5,41.));
#9382=CARTESIAN_POINT('',(-125.,-40.5,41.));
#9383=CARTESIAN_POINT('',(-117.5,-40.5,49.5));
#9384=CARTESIAN_POINT('',(-117.5,-40.5,24.75));
#9385=CARTESIAN_POINT('',(-117.5,-40.5,49.5));
#9386=CARTESIAN_POINT('Origin',(-117.5,-39.,49.5));
#9387=CARTESIAN_POINT('',(-132.5,-37.5,49.5));
#9388=CARTESIAN_POINT('Origin',(-132.5,-39.,49.5));
#9389=CARTESIAN_POINT('',(-117.5,-37.5,49.5));
#9390=CARTESIAN_POINT('Origin',(-117.5,-39.,49.5));
#9391=CARTESIAN_POINT('',(-117.5,-37.5,49.5));
#9392=CARTESIAN_POINT('Origin',(-117.5,-37.5,41.));
#9393=CARTESIAN_POINT('',(-132.5,-37.5,41.));
#9394=CARTESIAN_POINT('',(-132.5,-37.5,48.5));
#9395=CARTESIAN_POINT('',(-117.5,-37.5,41.));
#9396=CARTESIAN_POINT('',(-117.5,-37.5,20.5));
#9397=CARTESIAN_POINT('',(-125.,-37.5,41.));
#9398=CARTESIAN_POINT('Origin',(-132.5,0.,41.));
#9399=CARTESIAN_POINT('',(-117.5,54.5228682412857,41.));
#9400=CARTESIAN_POINT('',(-117.5,27.2614341206428,41.));
#9401=CARTESIAN_POINT('',(-119.128337999841,59.9923540813895,41.));
#9402=CARTESIAN_POINT('Origin',(-127.5,54.5228682412857,41.));
#9403=CARTESIAN_POINT('',(-132.5,80.459183673469,41.));
#9404=CARTESIAN_POINT('',(-118.015229205911,58.2886161314955,41.));
#9405=CARTESIAN_POINT('',(-132.5,0.,41.));
#9406=CARTESIAN_POINT('Origin',(-132.5,0.,56.));
#9407=CARTESIAN_POINT('',(-132.5,-80.4591836734688,41.));
#9408=CARTESIAN_POINT('',(-132.5,-80.4591836734691,28.));
#9409=CARTESIAN_POINT('',(-132.5,0.,41.));
#9410=CARTESIAN_POINT('',(-132.5,-1.49999999999996,41.));
#9411=CARTESIAN_POINT('',(-132.5,0.,41.));
#9412=CARTESIAN_POINT('',(-132.5,-1.49999999999996,49.5));
#9413=CARTESIAN_POINT('',(-132.5,-1.49999999999996,52.75));
#9414=CARTESIAN_POINT('',(-132.5,1.50000000000003,49.5));
#9415=CARTESIAN_POINT('Origin',(-132.5,3.90428430326512E-14,49.5));
#9416=CARTESIAN_POINT('',(-132.5,1.50000000000004,41.));
#9417=CARTESIAN_POINT('',(-132.5,1.50000000000003,48.5));
#9418=CARTESIAN_POINT('',(-132.5,0.,41.));
#9419=CARTESIAN_POINT('',(-132.5,80.4591836734689,28.));
#9420=CARTESIAN_POINT('Origin',(-132.5,0.,41.));
#9421=CARTESIAN_POINT('',(-117.5,-1.5,41.));
#9422=CARTESIAN_POINT('',(-117.5,27.2614341206428,41.));
#9423=CARTESIAN_POINT('',(-125.,-1.49999999999998,41.));
#9424=CARTESIAN_POINT('Origin',(-117.5,0.,38.));
#9425=CARTESIAN_POINT('',(-119.128337999841,59.9923540813895,38.));
#9426=CARTESIAN_POINT('',(-115.771583554278,54.8544646238953,38.));
#9427=CARTESIAN_POINT('',(-117.5,54.5228682412857,38.));
#9428=CARTESIAN_POINT('Origin',(-127.5,54.5228682412857,38.));
#9429=CARTESIAN_POINT('',(-117.5,-54.5228682412857,38.));
#9430=CARTESIAN_POINT('',(-117.5,27.2614341206428,38.));
#9431=CARTESIAN_POINT('',(-119.128337999841,-59.9923540813895,38.));
#9432=CARTESIAN_POINT('Origin',(-127.5,-54.5228682412857,38.));
#9433=CARTESIAN_POINT('',(-105.149921554119,-38.5968187052849,38.));
#9434=CARTESIAN_POINT('Origin',(-117.5,-1.5,49.5));
#9435=CARTESIAN_POINT('',(-117.5,-1.5,49.5));
#9436=CARTESIAN_POINT('',(-117.5,-1.5,24.75));
#9437=CARTESIAN_POINT('',(-117.5,-1.5,49.5));
#9438=CARTESIAN_POINT('Origin',(-117.5,0.,49.5));
#9439=CARTESIAN_POINT('',(-117.5,1.49999999999999,49.5));
#9440=CARTESIAN_POINT('Origin',(-117.5,6.93036920614309E-28,49.5));
#9441=CARTESIAN_POINT('',(-117.5,1.49999999999999,49.5));
#9442=CARTESIAN_POINT('Origin',(-117.5,1.5,41.));
#9443=CARTESIAN_POINT('',(-117.5,1.5,41.));
#9444=CARTESIAN_POINT('',(-117.5,1.50000000000003,20.5));
#9445=CARTESIAN_POINT('',(-125.,1.50000000000002,41.));
#9446=CARTESIAN_POINT('Origin',(-132.5,0.,41.));
#9447=CARTESIAN_POINT('',(-119.128337999841,-59.9923540813895,41.));
#9448=CARTESIAN_POINT('',(-107.393567205752,-42.0309702128851,41.));
#9449=CARTESIAN_POINT('',(-117.5,-54.5228682412857,41.));
#9450=CARTESIAN_POINT('Origin',(-127.5,-54.5228682412857,41.));
#9451=CARTESIAN_POINT('',(-117.5,27.2614341206428,41.));
#9452=CARTESIAN_POINT('Origin',(-132.5,0.,41.));
#9453=CARTESIAN_POINT('',(-117.5,27.2614341206428,41.));
#9454=CARTESIAN_POINT('Origin',(-127.5,54.5228682412857,0.));
#9455=CARTESIAN_POINT('',(-119.128337999841,59.9923540813894,0.));
#9456=CARTESIAN_POINT('',(-119.128337999841,59.9923540813894,0.));
#9457=CARTESIAN_POINT('',(-117.5,54.5228682412857,0.));
#9458=CARTESIAN_POINT('Origin',(-127.5,54.5228682412857,0.));
#9459=CARTESIAN_POINT('',(-117.5,54.5228682412857,0.));
#9460=CARTESIAN_POINT('Origin',(-127.5,54.5228682412857,0.));
#9461=CARTESIAN_POINT('',(-117.5,54.5228682412857,80.));
#9462=CARTESIAN_POINT('',(-117.5,54.5228682412857,0.));
#9463=CARTESIAN_POINT('',(-119.128337999841,59.9923540813894,80.));
#9464=CARTESIAN_POINT('Origin',(-127.5,54.5228682412857,80.));
#9465=CARTESIAN_POINT('',(-119.128337999841,59.9923540813894,0.));
#9466=CARTESIAN_POINT('Origin',(-117.5,54.5228682412857,0.));
#9467=CARTESIAN_POINT('',(-117.5,-54.5228682412857,0.));
#9468=CARTESIAN_POINT('',(-117.5,54.5228682412857,0.));
#9469=CARTESIAN_POINT('',(-117.5,-54.5228682412857,0.));
#9470=CARTESIAN_POINT('Origin',(-117.5,54.5228682412857,0.));
#9471=CARTESIAN_POINT('',(-117.5,-54.5228682412857,80.));
#9472=CARTESIAN_POINT('',(-117.5,-54.5228682412857,0.));
#9473=CARTESIAN_POINT('',(-117.5,54.5228682412857,80.));
#9474=CARTESIAN_POINT('Origin',(-127.5,-54.5228682412857,0.));
#9475=CARTESIAN_POINT('',(-119.128337999841,-59.9923540813895,80.));
#9476=CARTESIAN_POINT('',(-119.128337999841,-59.9923540813895,0.));
#9477=CARTESIAN_POINT('Origin',(-127.5,-54.5228682412857,80.));
#9478=CARTESIAN_POINT('Origin',(133.,0.,55.5));
#9479=CARTESIAN_POINT('',(133.,81.224489795918,56.));
#9480=CARTESIAN_POINT('',(132.5,80.459183673469,55.5));
#9481=CARTESIAN_POINT('Origin',(133.,81.224489795918,55.5));
#9482=CARTESIAN_POINT('',(132.5,-80.4591836734688,55.5));
#9483=CARTESIAN_POINT('',(132.5,0.,55.5));
#9484=CARTESIAN_POINT('',(133.,-81.2244897959178,56.));
#9485=CARTESIAN_POINT('Origin',(133.,-81.2244897959178,55.5));
#9486=CARTESIAN_POINT('',(133.,0.,56.));
#9487=CARTESIAN_POINT('Origin',(132.5,0.,56.));
#9488=CARTESIAN_POINT('',(132.5,80.459183673469,41.));
#9489=CARTESIAN_POINT('',(132.5,80.459183673469,20.5));
#9490=CARTESIAN_POINT('',(132.5,40.5,41.));
#9491=CARTESIAN_POINT('',(132.5,0.,41.));
#9492=CARTESIAN_POINT('',(132.5,40.5,49.5));
#9493=CARTESIAN_POINT('',(132.5,40.5,48.5));
#9494=CARTESIAN_POINT('',(132.5,37.5,49.5));
#9495=CARTESIAN_POINT('Origin',(132.5,39.,49.5));
#9496=CARTESIAN_POINT('',(132.5,37.5,41.));
#9497=CARTESIAN_POINT('',(132.5,37.5,52.75));
#9498=CARTESIAN_POINT('',(132.5,1.50000000000004,41.));
#9499=CARTESIAN_POINT('',(132.5,0.,41.));
#9500=CARTESIAN_POINT('',(132.5,1.50000000000003,49.5));
#9501=CARTESIAN_POINT('',(132.5,1.50000000000003,48.5));
#9502=CARTESIAN_POINT('',(132.5,-1.49999999999996,49.5));
#9503=CARTESIAN_POINT('Origin',(132.5,3.90428430326512E-14,49.5));
#9504=CARTESIAN_POINT('',(132.5,-1.49999999999996,41.));
#9505=CARTESIAN_POINT('',(132.5,-1.49999999999996,52.75));
#9506=CARTESIAN_POINT('',(132.5,-37.5,41.));
#9507=CARTESIAN_POINT('',(132.5,0.,41.));
#9508=CARTESIAN_POINT('',(132.5,-37.5,49.5));
#9509=CARTESIAN_POINT('',(132.5,-37.5,48.5));
#9510=CARTESIAN_POINT('',(132.5,-40.5,49.5));
#9511=CARTESIAN_POINT('Origin',(132.5,-39.,49.5));
#9512=CARTESIAN_POINT('',(132.5,-40.5,41.));
#9513=CARTESIAN_POINT('',(132.5,-40.5,52.75));
#9514=CARTESIAN_POINT('',(132.5,-80.4591836734688,41.));
#9515=CARTESIAN_POINT('',(132.5,0.,41.));
#9516=CARTESIAN_POINT('',(132.5,-80.4591836734688,28.));
#9517=CARTESIAN_POINT('Origin',(135.,0.,55.5));
#9518=CARTESIAN_POINT('',(135.,-84.2857142857137,56.));
#9519=CARTESIAN_POINT('',(135.5,-85.0510204081627,55.5));
#9520=CARTESIAN_POINT('Origin',(135.,-84.2857142857137,55.5));
#9521=CARTESIAN_POINT('',(135.5,85.0510204081628,55.5));
#9522=CARTESIAN_POINT('',(135.5,0.,55.5));
#9523=CARTESIAN_POINT('',(135.,84.2857142857139,56.));
#9524=CARTESIAN_POINT('Origin',(135.,84.2857142857138,55.5));
#9525=CARTESIAN_POINT('',(135.,0.,56.));
#9526=CARTESIAN_POINT('Origin',(135.5,0.,38.));
#9527=CARTESIAN_POINT('',(135.5,-85.0510204081627,40.));
#9528=CARTESIAN_POINT('',(135.5,-85.0510204081627,19.));
#9529=CARTESIAN_POINT('',(135.5,85.0510204081628,40.));
#9530=CARTESIAN_POINT('',(135.5,0.,40.));
#9531=CARTESIAN_POINT('',(135.5,85.0510204081628,28.));
#9532=CARTESIAN_POINT('Origin',(133.5,0.,40.));
#9533=CARTESIAN_POINT('',(133.5,-81.9897959183668,38.));
#9534=CARTESIAN_POINT('Origin',(133.5,-81.9897959183668,40.));
#9535=CARTESIAN_POINT('',(133.5,81.9897959183669,38.));
#9536=CARTESIAN_POINT('',(133.5,0.,38.));
#9537=CARTESIAN_POINT('Origin',(133.5,81.9897959183669,40.));
#9538=CARTESIAN_POINT('Origin',(117.5,0.,38.));
#9539=CARTESIAN_POINT('',(119.128337999841,-59.9923540813893,38.));
#9540=CARTESIAN_POINT('',(115.771583554278,-54.8544646238951,38.));
#9541=CARTESIAN_POINT('',(117.5,-54.5228682412857,38.));
#9542=CARTESIAN_POINT('Origin',(127.5,-54.5228682412857,38.));
#9543=CARTESIAN_POINT('',(117.5,54.5228682412857,38.));
#9544=CARTESIAN_POINT('',(117.5,-27.2614341206428,38.));
#9545=CARTESIAN_POINT('',(119.128337999841,59.9923540813895,38.));
#9546=CARTESIAN_POINT('Origin',(127.5,54.5228682412857,38.));
#9547=CARTESIAN_POINT('',(107.842296336078,42.7178005144051,38.));
#9548=CARTESIAN_POINT('',(128.5,-46.,38.));
#9549=CARTESIAN_POINT('',(121.,-46.,38.));
#9550=CARTESIAN_POINT('',(123.,-46.,38.));
#9551=CARTESIAN_POINT('',(121.,-58.,38.));
#9552=CARTESIAN_POINT('',(121.,-23.,38.));
#9553=CARTESIAN_POINT('',(125.,-64.5,38.));
#9554=CARTESIAN_POINT('',(107.575107296137,-36.1845493562232,38.));
#9555=CARTESIAN_POINT('',(128.5,-64.5,38.));
#9556=CARTESIAN_POINT('',(121.25,-64.5,38.));
#9557=CARTESIAN_POINT('',(128.5,-32.25,38.));
#9558=CARTESIAN_POINT('',(125.5,-31.5,38.));
#9559=CARTESIAN_POINT('',(131.,-31.5,38.));
#9560=CARTESIAN_POINT('',(121.5,-31.5,38.));
#9561=CARTESIAN_POINT('',(131.,-4.49999999999998,38.));
#9562=CARTESIAN_POINT('',(131.,-15.75,38.));
#9563=CARTESIAN_POINT('',(125.5,-4.49999999999999,38.));
#9564=CARTESIAN_POINT('',(124.25,-4.5,38.));
#9565=CARTESIAN_POINT('',(125.5,-2.25,38.));
#9566=CARTESIAN_POINT('',(121.,46.,38.));
#9567=CARTESIAN_POINT('',(128.5,46.,38.));
#9568=CARTESIAN_POINT('',(123.,46.,38.));
#9569=CARTESIAN_POINT('',(128.5,64.5,38.));
#9570=CARTESIAN_POINT('',(128.5,32.25,38.));
#9571=CARTESIAN_POINT('',(125.,64.5,38.));
#9572=CARTESIAN_POINT('',(121.25,64.5,38.));
#9573=CARTESIAN_POINT('',(121.,58.,38.));
#9574=CARTESIAN_POINT('',(107.575107296137,36.1845493562232,38.));
#9575=CARTESIAN_POINT('',(121.,23.,38.));
#9576=CARTESIAN_POINT('',(131.,31.5,38.));
#9577=CARTESIAN_POINT('',(125.5,31.5,38.));
#9578=CARTESIAN_POINT('',(121.5,31.5,38.));
#9579=CARTESIAN_POINT('',(125.5,4.49999999999999,38.));
#9580=CARTESIAN_POINT('',(125.5,2.25,38.));
#9581=CARTESIAN_POINT('',(131.,4.49999999999998,38.));
#9582=CARTESIAN_POINT('',(124.25,4.5,38.));
#9583=CARTESIAN_POINT('',(131.,15.75,38.));
#9584=CARTESIAN_POINT('Origin',(125.5,31.5,38.));
#9585=CARTESIAN_POINT('',(125.5,31.5,41.));
#9586=CARTESIAN_POINT('',(131.,31.5,41.));
#9587=CARTESIAN_POINT('',(129.,31.5,41.));
#9588=CARTESIAN_POINT('',(125.5,31.5,38.));
#9589=CARTESIAN_POINT('',(131.,31.5,38.));
#9590=CARTESIAN_POINT('Origin',(125.5,4.49999999999999,38.));
#9591=CARTESIAN_POINT('',(125.5,4.49999999999999,41.));
#9592=CARTESIAN_POINT('',(125.5,2.25,41.));
#9593=CARTESIAN_POINT('',(125.5,4.49999999999999,38.));
#9594=CARTESIAN_POINT('Origin',(131.,4.49999999999998,38.));
#9595=CARTESIAN_POINT('',(131.,4.49999999999998,41.));
#9596=CARTESIAN_POINT('',(131.75,4.49999999999997,41.));
#9597=CARTESIAN_POINT('',(131.,4.49999999999998,38.));
#9598=CARTESIAN_POINT('Origin',(131.,31.5,38.));
#9599=CARTESIAN_POINT('',(131.,15.75,41.));
#9600=CARTESIAN_POINT('Origin',(128.5,46.,38.));
#9601=CARTESIAN_POINT('',(128.5,46.,41.));
#9602=CARTESIAN_POINT('',(121.,46.,41.));
#9603=CARTESIAN_POINT('',(130.5,46.,41.));
#9604=CARTESIAN_POINT('',(128.5,46.,38.));
#9605=CARTESIAN_POINT('',(121.,46.,38.));
#9606=CARTESIAN_POINT('Origin',(121.,46.,38.));
#9607=CARTESIAN_POINT('',(121.,58.,41.));
#9608=CARTESIAN_POINT('',(121.,23.,41.));
#9609=CARTESIAN_POINT('',(121.,58.,38.));
#9610=CARTESIAN_POINT('Origin',(121.,58.,38.));
#9611=CARTESIAN_POINT('',(125.,64.5,41.));
#9612=CARTESIAN_POINT('',(109.635193133047,39.5321888412016,41.));
#9613=CARTESIAN_POINT('',(125.,64.5,38.));
#9614=CARTESIAN_POINT('Origin',(125.,64.5,38.));
#9615=CARTESIAN_POINT('',(128.5,64.5,41.));
#9616=CARTESIAN_POINT('',(128.75,64.5,41.));
#9617=CARTESIAN_POINT('',(128.5,64.5,38.));
#9618=CARTESIAN_POINT('Origin',(128.5,64.5,38.));
#9619=CARTESIAN_POINT('',(128.5,32.25,41.));
#9620=CARTESIAN_POINT('Origin',(125.5,-31.5,38.));
#9621=CARTESIAN_POINT('',(131.,-31.5,41.));
#9622=CARTESIAN_POINT('',(125.5,-31.5,41.));
#9623=CARTESIAN_POINT('',(129.,-31.5,41.));
#9624=CARTESIAN_POINT('',(131.,-31.5,38.));
#9625=CARTESIAN_POINT('',(125.5,-31.5,38.));
#9626=CARTESIAN_POINT('Origin',(125.5,-4.49999999999999,38.));
#9627=CARTESIAN_POINT('',(125.5,-4.49999999999999,41.));
#9628=CARTESIAN_POINT('',(125.5,-2.25,41.));
#9629=CARTESIAN_POINT('',(125.5,-4.49999999999999,38.));
#9630=CARTESIAN_POINT('Origin',(131.,-4.49999999999998,38.));
#9631=CARTESIAN_POINT('',(131.,-4.49999999999998,41.));
#9632=CARTESIAN_POINT('',(131.75,-4.49999999999997,41.));
#9633=CARTESIAN_POINT('',(131.,-4.49999999999998,38.));
#9634=CARTESIAN_POINT('Origin',(131.,-31.5,38.));
#9635=CARTESIAN_POINT('',(131.,-15.75,41.));
#9636=CARTESIAN_POINT('Origin',(128.5,-46.,38.));
#9637=CARTESIAN_POINT('',(121.,-46.,41.));
#9638=CARTESIAN_POINT('',(128.5,-46.,41.));
#9639=CARTESIAN_POINT('',(130.5,-46.,41.));
#9640=CARTESIAN_POINT('',(121.,-46.,38.));
#9641=CARTESIAN_POINT('',(128.5,-46.,38.));
#9642=CARTESIAN_POINT('Origin',(121.,-46.,38.));
#9643=CARTESIAN_POINT('',(121.,-58.,41.));
#9644=CARTESIAN_POINT('',(121.,-23.,41.));
#9645=CARTESIAN_POINT('',(121.,-58.,38.));
#9646=CARTESIAN_POINT('Origin',(121.,-58.,38.));
#9647=CARTESIAN_POINT('',(125.,-64.5,41.));
#9648=CARTESIAN_POINT('',(109.635193133047,-39.5321888412016,41.));
#9649=CARTESIAN_POINT('',(125.,-64.5,38.));
#9650=CARTESIAN_POINT('Origin',(125.,-64.5,38.));
#9651=CARTESIAN_POINT('',(128.5,-64.5,41.));
#9652=CARTESIAN_POINT('',(128.75,-64.5,41.));
#9653=CARTESIAN_POINT('',(128.5,-64.5,38.));
#9654=CARTESIAN_POINT('Origin',(128.5,-64.5,38.));
#9655=CARTESIAN_POINT('',(128.5,-32.25,41.));
#9656=CARTESIAN_POINT('Origin',(117.5,37.5,49.5));
#9657=CARTESIAN_POINT('',(117.5,37.5,49.5));
#9658=CARTESIAN_POINT('',(117.5,37.5,49.5));
#9659=CARTESIAN_POINT('',(117.5,37.5,41.));
#9660=CARTESIAN_POINT('',(117.5,37.5,24.75));
#9661=CARTESIAN_POINT('',(125.,37.5,41.));
#9662=CARTESIAN_POINT('Origin',(117.5,39.,49.5));
#9663=CARTESIAN_POINT('',(117.5,40.5,49.5));
#9664=CARTESIAN_POINT('',(117.5,40.5,49.5));
#9665=CARTESIAN_POINT('Origin',(117.5,39.,49.5));
#9666=CARTESIAN_POINT('Origin',(117.5,40.5,41.));
#9667=CARTESIAN_POINT('',(117.5,40.5,41.));
#9668=CARTESIAN_POINT('',(125.,40.5,41.));
#9669=CARTESIAN_POINT('',(117.5,40.5,20.5));
#9670=CARTESIAN_POINT('Origin',(117.5,-40.5,49.5));
#9671=CARTESIAN_POINT('',(117.5,-40.5,49.5));
#9672=CARTESIAN_POINT('',(117.5,-40.5,49.5));
#9673=CARTESIAN_POINT('',(117.5,-40.5,41.));
#9674=CARTESIAN_POINT('',(117.5,-40.5,24.75));
#9675=CARTESIAN_POINT('',(125.,-40.5,41.));
#9676=CARTESIAN_POINT('Origin',(117.5,-39.,49.5));
#9677=CARTESIAN_POINT('',(117.5,-37.5,49.5));
#9678=CARTESIAN_POINT('',(117.5,-37.5,49.5));
#9679=CARTESIAN_POINT('Origin',(117.5,-39.,49.5));
#9680=CARTESIAN_POINT('Origin',(117.5,-37.5,41.));
#9681=CARTESIAN_POINT('',(117.5,-37.5,41.));
#9682=CARTESIAN_POINT('',(125.,-37.5,41.));
#9683=CARTESIAN_POINT('',(117.5,-37.5,20.5));
#9684=CARTESIAN_POINT('Origin',(132.5,0.,41.));
#9685=CARTESIAN_POINT('',(119.128337999841,59.9923540813895,41.));
#9686=CARTESIAN_POINT('',(105.149921554119,38.5968187052848,41.));
#9687=CARTESIAN_POINT('',(117.5,54.5228682412857,41.));
#9688=CARTESIAN_POINT('Origin',(127.5,54.5228682412857,41.));
#9689=CARTESIAN_POINT('',(117.5,-27.2614341206429,41.));
#9690=CARTESIAN_POINT('Origin',(117.5,-54.5228682412857,0.));
#9691=CARTESIAN_POINT('',(117.5,54.5228682412857,80.));
#9692=CARTESIAN_POINT('',(117.5,54.5228682412857,0.));
#9693=CARTESIAN_POINT('',(117.5,-54.5228682412857,80.));
#9694=CARTESIAN_POINT('',(117.5,-54.5228682412857,80.));
#9695=CARTESIAN_POINT('',(117.5,-54.5228682412857,41.));
#9696=CARTESIAN_POINT('',(117.5,-54.5228682412857,0.));
#9697=CARTESIAN_POINT('',(117.5,-27.2614341206429,41.));
#9698=CARTESIAN_POINT('',(117.5,-1.5,41.));
#9699=CARTESIAN_POINT('',(117.5,-27.2614341206429,41.));
#9700=CARTESIAN_POINT('',(117.5,-1.5,49.5));
#9701=CARTESIAN_POINT('',(117.5,-1.5,24.75));
#9702=CARTESIAN_POINT('',(117.5,1.49999999999999,49.5));
#9703=CARTESIAN_POINT('Origin',(117.5,5.03291892501444E-31,49.5));
#9704=CARTESIAN_POINT('',(117.5,1.5,41.));
#9705=CARTESIAN_POINT('',(117.5,1.50000000000003,20.5));
#9706=CARTESIAN_POINT('',(117.5,-27.2614341206429,41.));
#9707=CARTESIAN_POINT('Origin',(132.5,0.,41.));
#9708=CARTESIAN_POINT('',(125.,-1.49999999999998,41.));
#9709=CARTESIAN_POINT('Origin',(117.5,-1.5,49.5));
#9710=CARTESIAN_POINT('',(117.5,-1.5,49.5));
#9711=CARTESIAN_POINT('Origin',(117.5,0.,49.5));
#9712=CARTESIAN_POINT('',(117.5,1.49999999999999,49.5));
#9713=CARTESIAN_POINT('Origin',(117.5,1.5,41.));
#9714=CARTESIAN_POINT('',(125.,1.50000000000002,41.));
#9715=CARTESIAN_POINT('Origin',(132.5,0.,41.));
#9716=CARTESIAN_POINT('',(119.128337999841,-59.9923540813893,41.));
#9717=CARTESIAN_POINT('Origin',(127.5,-54.5228682412857,41.));
#9718=CARTESIAN_POINT('',(118.015229205911,-58.2886161314953,41.));
#9719=CARTESIAN_POINT('Origin',(132.5,0.,41.));
#9720=CARTESIAN_POINT('Origin',(117.5,-54.5228682412857,0.));
#9721=CARTESIAN_POINT('',(117.5,-54.5228682412857,0.));
#9722=CARTESIAN_POINT('',(117.5,-54.5228682412857,0.));
#9723=CARTESIAN_POINT('',(117.5,54.5228682412857,0.));
#9724=CARTESIAN_POINT('',(117.5,-54.5228682412857,0.));
#9725=CARTESIAN_POINT('',(117.5,54.5228682412857,0.));
#9726=CARTESIAN_POINT('Origin',(127.5,54.5228682412857,0.));
#9727=CARTESIAN_POINT('',(119.128337999841,59.9923540813895,0.));
#9728=CARTESIAN_POINT('Origin',(127.5,54.5228682412857,0.));
#9729=CARTESIAN_POINT('',(119.128337999841,59.9923540813895,0.));
#9730=CARTESIAN_POINT('Origin',(127.5,54.5228682412857,0.));
#9731=CARTESIAN_POINT('',(119.128337999841,59.9923540813895,80.));
#9732=CARTESIAN_POINT('',(119.128337999841,59.9923540813895,0.));
#9733=CARTESIAN_POINT('Origin',(127.5,54.5228682412857,80.));
#9734=CARTESIAN_POINT('Origin',(119.128337999841,59.9923540813895,0.));
#9735=CARTESIAN_POINT('',(107.393567205752,42.0309702128851,56.));
#9736=CARTESIAN_POINT('',(140.371662000159,92.5076459186106,0.));
#9737=CARTESIAN_POINT('',(119.128337999841,59.9923540813895,0.));
#9738=CARTESIAN_POINT('',(140.371662000159,92.5076459186106,80.));
#9739=CARTESIAN_POINT('',(140.371662000159,92.5076459186106,0.));
#9740=CARTESIAN_POINT('',(119.128337999841,59.9923540813895,80.));
#9741=CARTESIAN_POINT('Origin',(135.5,0.,56.));
#9742=CARTESIAN_POINT('',(118.463958336237,-58.9754464330154,56.));
#9743=CARTESIAN_POINT('Origin',(127.5,-54.5228682412857,0.));
#9744=CARTESIAN_POINT('',(119.128337999841,-59.9923540813894,0.));
#9745=CARTESIAN_POINT('',(119.128337999841,-59.9923540813894,0.));
#9746=CARTESIAN_POINT('Origin',(127.5,-54.5228682412857,0.));
#9747=CARTESIAN_POINT('Origin',(127.5,-54.5228682412857,0.));
#9748=CARTESIAN_POINT('',(119.128337999841,-59.9923540813894,80.));
#9749=CARTESIAN_POINT('Origin',(127.5,-54.5228682412857,80.));
#9750=CARTESIAN_POINT('',(119.128337999841,-59.9923540813894,0.));
#9751=CARTESIAN_POINT('Origin',(70.5852987417264,199.5,67.0867924765599));
#9752=CARTESIAN_POINT('',(71.5243055555556,198.,13.));
#9753=CARTESIAN_POINT('',(71.5763888888889,198.,9.99999999999999));
#9754=CARTESIAN_POINT('Origin',(71.5503472222222,198.,11.5));
#9755=CARTESIAN_POINT('',(71.5243055555556,197.411116024269,13.));
#9756=CARTESIAN_POINT('',(71.5243055555556,204.75,13.));
#9757=CARTESIAN_POINT('',(71.4216934421153,191.411784212923,18.910457734159));
#9758=CARTESIAN_POINT('Origin',(71.4201388888889,197.411116024269,19.));
#9759=CARTESIAN_POINT('',(70.5852987417264,190.692734440648,67.0867924765599));
#9760=CARTESIAN_POINT('',(70.9938786658532,191.043991211241,43.5525888468601));
#9761=CARTESIAN_POINT('',(70.5852987417264,167.5,67.0867924765599));
#9762=CARTESIAN_POINT('',(70.5852987417264,199.5,67.0867924765599));
#9763=CARTESIAN_POINT('',(71.75,167.5,-1.77635683940025E-14));
#9764=CARTESIAN_POINT('',(71.1744666761218,167.5,33.1507194553851));
#9765=CARTESIAN_POINT('',(71.75,177.402640495672,-1.77635683940025E-14));
#9766=CARTESIAN_POINT('',(71.75,199.5,-1.77635683940025E-14));
#9767=CARTESIAN_POINT('',(71.6991504828449,184.473708307538,2.92893218813453));
#9768=CARTESIAN_POINT('Origin',(71.5763888888889,177.402640495672,9.99999999999998));
#9769=CARTESIAN_POINT('',(71.5763888888889,191.544776119403,9.99999999999999));
#9770=CARTESIAN_POINT('',(71.3500352721379,204.582744444264,23.0379683248605));
#9771=CARTESIAN_POINT('',(71.5763888888889,195.522388059701,9.99999999999999));
#9772=CARTESIAN_POINT('Origin',(0.,198.,11.5));
#9773=CARTESIAN_POINT('',(-71.5763888888889,198.,9.99999999999999));
#9774=CARTESIAN_POINT('',(0.,198.,9.99999999999999));
#9775=CARTESIAN_POINT('',(-71.5243055555556,198.,13.));
#9776=CARTESIAN_POINT('Origin',(-71.5503472222222,198.,11.5));
#9777=CARTESIAN_POINT('',(0.,198.,13.));
#9778=CARTESIAN_POINT('Origin',(0.,210.,13.));
#9779=CARTESIAN_POINT('',(-71.5243055555556,197.411116024269,13.));
#9780=CARTESIAN_POINT('',(-71.5243055555556,204.75,13.));
#9781=CARTESIAN_POINT('',(0.,197.411116024269,13.));
#9782=CARTESIAN_POINT('Origin',(0.,197.411116024269,19.));
#9783=CARTESIAN_POINT('',(-68.5759368106828,197.411116024269,9.99999999999999));
#9784=CARTESIAN_POINT('',(-68.4196868106828,188.411116024269,19.));
#9785=CARTESIAN_POINT('Origin',(-68.4196868106828,197.411116024269,19.));
#9786=CARTESIAN_POINT('',(68.5759368106828,197.411116024269,9.99999999999999));
#9787=CARTESIAN_POINT('',(0.,197.411116024269,9.99999999999999));
#9788=CARTESIAN_POINT('',(68.4196868106828,188.411116024269,19.));
#9789=CARTESIAN_POINT('Origin',(68.4196868106828,197.411116024269,19.));
#9790=CARTESIAN_POINT('',(0.,188.411116024269,19.));
#9791=CARTESIAN_POINT('Origin',(0.,188.411116024269,46.5));
#9792=CARTESIAN_POINT('',(-67.9422562551273,188.411116024269,46.5));
#9793=CARTESIAN_POINT('',(-67.9320201645008,188.411116024269,47.0895988200857));
#9794=CARTESIAN_POINT('',(67.9422562551273,188.411116024269,46.5));
#9795=CARTESIAN_POINT('',(68.3356659978341,188.411116024269,23.8395988200857));
#9796=CARTESIAN_POINT('',(33.9711281275636,188.411116024269,46.5));
#9797=CARTESIAN_POINT('Origin',(-67.9422562551273,199.5,46.5));
#9798=CARTESIAN_POINT('',(-67.9422562551273,167.5,46.5));
#9799=CARTESIAN_POINT('',(-67.9422562551273,199.5,46.5));
#9800=CARTESIAN_POINT('',(-68.7495479217939,167.5,1.66533453693773E-14));
#9801=CARTESIAN_POINT('',(-68.3179173068069,167.5,24.8619234232507));
#9802=CARTESIAN_POINT('',(-68.7495479217939,177.402640495672,1.66533453693773E-14));
#9803=CARTESIAN_POINT('',(-68.7495479217939,199.5,1.66533453693773E-14));
#9804=CARTESIAN_POINT('',(-68.6986984046388,184.473708307538,2.92893218813453));
#9805=CARTESIAN_POINT('Origin',(-68.5759368106828,177.402640495672,9.99999999999998));
#9806=CARTESIAN_POINT('',(-68.5759368106828,191.544776119403,9.99999999999999));
#9807=CARTESIAN_POINT('',(-68.4391751117079,199.422249980357,17.8774738609538));
#9808=CARTESIAN_POINT('',(-68.5759368106828,195.522388059701,9.99999999999999));
#9809=CARTESIAN_POINT('Origin',(67.9422562551273,199.5,46.5));
#9810=CARTESIAN_POINT('',(67.9422562551273,167.5,46.5));
#9811=CARTESIAN_POINT('',(67.9422562551273,199.5,46.5));
#9812=CARTESIAN_POINT('',(92.4711281275636,167.5,46.5));
#9813=CARTESIAN_POINT('Origin',(68.7495479217939,199.5,-5.28348958784988E-19));
#9814=CARTESIAN_POINT('',(68.5759368106828,191.544776119403,9.99999999999999));
#9815=CARTESIAN_POINT('',(68.5759368106828,195.522388059701,9.99999999999999));
#9816=CARTESIAN_POINT('',(68.6986984046388,184.473708307538,2.92893218813453));
#9817=CARTESIAN_POINT('',(68.6410284393304,187.7954983093,6.25072218989735));
#9818=CARTESIAN_POINT('',(68.7495479217939,177.402640495672,-1.83186799063151E-14));
#9819=CARTESIAN_POINT('Origin',(68.5759368106828,177.402640495672,9.99999999999998));
#9820=CARTESIAN_POINT('',(68.7495479217939,167.5,-5.28348958784988E-19));
#9821=CARTESIAN_POINT('',(68.7495479217939,199.5,-5.28348958784988E-19));
#9822=CARTESIAN_POINT('',(68.7568172712013,167.5,-0.418714525862759));
#9823=CARTESIAN_POINT('Origin',(0.,197.411116024269,19.));
#9824=CARTESIAN_POINT('',(-71.4216934421153,191.411784212923,18.910457734159));
#9825=CARTESIAN_POINT('Origin',(-71.4201388888889,197.411116024269,19.));
#9826=CARTESIAN_POINT('',(0.,191.411784212923,18.910457734159));
#9827=CARTESIAN_POINT('Origin',(0.,191.411784212923,18.910457734159));
#9828=CARTESIAN_POINT('',(-70.5852987417264,190.692734440648,67.0867924765599));
#9829=CARTESIAN_POINT('',(-71.57609963459,191.54452744705,10.0166610476183));
#9830=CARTESIAN_POINT('',(-65.5860520918788,190.619402985075,72.));
#9831=CARTESIAN_POINT('Origin',(-65.5860520918788,190.694029850746,67.));
#9832=CARTESIAN_POINT('',(65.5860520918788,190.619402985075,72.));
#9833=CARTESIAN_POINT('',(-32.7930260459394,190.619402985075,72.));
#9834=CARTESIAN_POINT('Origin',(65.5860520918788,190.694029850746,67.));
#9835=CARTESIAN_POINT('',(67.5857507518178,190.693511686707,67.0347169906239));
#9836=CARTESIAN_POINT('',(67.8901729217939,190.955223880597,49.5));
#9837=CARTESIAN_POINT('',(68.1465076698308,191.175595246073,34.7351185130787));
#9838=CARTESIAN_POINT('',(65.5860520918788,190.664179104478,69.));
#9839=CARTESIAN_POINT('Origin',(65.5860520918788,190.694029850746,67.));
#9840=CARTESIAN_POINT('',(-65.5860520918788,190.664179104478,69.));
#9841=CARTESIAN_POINT('',(32.7930260459394,190.664179104478,69.));
#9842=CARTESIAN_POINT('',(-67.5857507518178,190.693511686707,67.0347169906239));
#9843=CARTESIAN_POINT('Origin',(-65.5860520918788,190.694029850746,67.));
#9844=CARTESIAN_POINT('',(-67.8901729217939,190.955223880597,49.5));
#9845=CARTESIAN_POINT('',(-67.9943304746493,191.044768284246,43.5005249555341));
#9846=CARTESIAN_POINT('',(-33.945086460897,190.955223880597,49.5));
#9847=CARTESIAN_POINT('Origin',(0.,191.544776119403,9.99999999999999));
#9848=CARTESIAN_POINT('',(0.,191.544776119403,9.99999999999999));
#9849=CARTESIAN_POINT('',(-71.5763888888889,191.544776119403,9.99999999999999));
#9850=CARTESIAN_POINT('',(0.,191.544776119403,9.99999999999999));
#9851=CARTESIAN_POINT('',(-71.5763888888889,195.522388059701,9.99999999999999));
#9852=CARTESIAN_POINT('Origin',(0.,184.473708307538,2.92893218813453));
#9853=CARTESIAN_POINT('',(-71.6991504828449,184.473708307538,2.92893218813453));
#9854=CARTESIAN_POINT('',(-71.6412544614048,187.808519142486,6.26374302308287));
#9855=CARTESIAN_POINT('',(0.,184.473708307538,2.92893218813453));
#9856=CARTESIAN_POINT('Origin',(0.,177.402640495672,9.99999999999998));
#9857=CARTESIAN_POINT('',(-71.75,177.402640495672,-1.83186799063151E-14));
#9858=CARTESIAN_POINT('Origin',(-71.5763888888889,177.402640495672,9.99999999999998));
#9859=CARTESIAN_POINT('',(0.,177.402640495672,8.06021915877864E-13));
#9860=CARTESIAN_POINT('Origin',(0.,184.473708307538,2.92893218813453));
#9861=CARTESIAN_POINT('',(0.,184.473708307538,2.92893218813453));
#9862=CARTESIAN_POINT('Origin',(0.,177.402640495672,9.99999999999998));
#9863=CARTESIAN_POINT('',(0.,177.402640495672,0.));
#9864=CARTESIAN_POINT('Origin',(-65.5860520918788,199.5,67.));
#9865=CARTESIAN_POINT('',(-65.5860520918788,167.5,69.));
#9866=CARTESIAN_POINT('',(-65.5860520918788,199.5,69.));
#9867=CARTESIAN_POINT('',(-67.5857507518178,167.5,67.0347169906239));
#9868=CARTESIAN_POINT('Origin',(-65.5860520918788,167.5,67.));
#9869=CARTESIAN_POINT('',(-67.5857507518178,199.5,67.0347169906239));
#9870=CARTESIAN_POINT('Origin',(65.5860520918788,199.5,69.));
#9871=CARTESIAN_POINT('',(65.5860520918788,167.5,69.));
#9872=CARTESIAN_POINT('',(65.5860520918788,199.5,69.));
#9873=CARTESIAN_POINT('',(91.2930260459394,167.5,69.));
#9874=CARTESIAN_POINT('Origin',(65.5860520918788,199.5,67.));
#9875=CARTESIAN_POINT('',(67.5857507518178,167.5,67.0347169906239));
#9876=CARTESIAN_POINT('',(67.5857507518178,199.5,67.0347169906239));
#9877=CARTESIAN_POINT('Origin',(65.5860520918788,167.5,67.));
#9878=CARTESIAN_POINT('Origin',(65.5860520918788,199.5,67.));
#9879=CARTESIAN_POINT('',(65.5860520918788,167.5,72.));
#9880=CARTESIAN_POINT('',(65.5860520918788,199.5,72.));
#9881=CARTESIAN_POINT('Origin',(65.5860520918788,167.5,67.));
#9882=CARTESIAN_POINT('Origin',(-68.7495479217939,199.5,1.66533453693773E-14));
#9883=CARTESIAN_POINT('',(-71.75,167.5,-1.77635683940025E-14));
#9884=CARTESIAN_POINT('',(117.,167.5,0.));
#9885=CARTESIAN_POINT('',(-71.75,199.5,-1.77635683940025E-14));
#9886=CARTESIAN_POINT('Origin',(71.75,199.5,0.));
#9887=CARTESIAN_POINT('',(117.,167.5,0.));
#9888=CARTESIAN_POINT('Origin',(67.8901729217939,199.5,49.5));
#9889=CARTESIAN_POINT('',(67.8901729217939,167.5,49.5));
#9890=CARTESIAN_POINT('',(67.8901729217939,199.5,49.5));
#9891=CARTESIAN_POINT('',(68.3271297712013,167.5,24.3312854741372));
#9892=CARTESIAN_POINT('Origin',(-67.8901729217939,199.5,49.5));
#9893=CARTESIAN_POINT('',(-67.8901729217939,167.5,49.5));
#9894=CARTESIAN_POINT('',(-67.8901729217939,199.5,49.5));
#9895=CARTESIAN_POINT('',(24.554913539103,167.5,49.5));
#9896=CARTESIAN_POINT('Origin',(-67.5857507518178,199.5,67.0347169906239));
#9897=CARTESIAN_POINT('',(-68.1396645551523,167.5,35.1292819185627));
#9898=CARTESIAN_POINT('Origin',(-65.5860520918788,199.5,72.));
#9899=CARTESIAN_POINT('',(-65.5860520918788,167.5,72.));
#9900=CARTESIAN_POINT('',(-65.5860520918788,199.5,72.));
#9901=CARTESIAN_POINT('',(25.7069739540606,167.5,72.));
#9902=CARTESIAN_POINT('Origin',(-65.5860520918788,199.5,67.));
#9903=CARTESIAN_POINT('',(-70.5852987417264,167.5,67.0867924765599));
#9904=CARTESIAN_POINT('',(-70.5852987417264,199.5,67.0867924765599));
#9905=CARTESIAN_POINT('Origin',(-65.5860520918788,167.5,67.));
#9906=CARTESIAN_POINT('Origin',(-71.75,199.5,-1.77635683940025E-14));
#9907=CARTESIAN_POINT('',(-71.7215631741976,167.5,1.63796116621865));
#9908=CARTESIAN_POINT('Origin',(117.,167.5,0.));
#9909=CARTESIAN_POINT('',(-117.,167.5,0.));
#9910=CARTESIAN_POINT('',(117.,167.5,0.));
#9911=CARTESIAN_POINT('',(-117.,167.5,80.));
#9912=CARTESIAN_POINT('',(-117.,167.5,0.));
#9913=CARTESIAN_POINT('',(117.,167.5,80.));
#9914=CARTESIAN_POINT('',(117.,167.5,80.));
#9915=CARTESIAN_POINT('',(117.,167.5,0.));
#9916=CARTESIAN_POINT('',(117.,167.5,0.));
#9917=CARTESIAN_POINT('',(117.,167.5,0.));
#9918=CARTESIAN_POINT('Origin',(117.,167.5,0.));
#9919=CARTESIAN_POINT('',(117.,167.5,0.));
#9920=CARTESIAN_POINT('Origin',(-71.75,-199.5,-1.77635683940025E-14));
#9921=CARTESIAN_POINT('',(-71.5243055555556,-198.,13.));
#9922=CARTESIAN_POINT('',(-71.5763888888889,-198.,9.99999999999999));
#9923=CARTESIAN_POINT('Origin',(-71.5503472222222,-198.,11.5));
#9924=CARTESIAN_POINT('',(-71.5243055555556,-197.411116024269,13.));
#9925=CARTESIAN_POINT('',(-71.5243055555556,-204.75,13.));
#9926=CARTESIAN_POINT('Origin',(-71.4201388888889,-197.411116024269,19.));
#9927=CARTESIAN_POINT('',(-70.5852987417264,-167.5,67.0867924765599));
#9928=CARTESIAN_POINT('',(-70.5852987417264,-199.5,67.0867924765599));
#9929=CARTESIAN_POINT('',(-71.75,-167.5,-1.77635683940025E-14));
#9930=CARTESIAN_POINT('',(-71.7568173052586,-167.5,-0.392676782894812));
#9931=CARTESIAN_POINT('',(-71.75,-177.402640495672,-1.83186799063151E-14));
#9932=CARTESIAN_POINT('',(-71.75,-199.5,-1.77635683940025E-14));
#9933=CARTESIAN_POINT('',(-71.6991504828449,-184.473708307538,2.92893218813453));
#9934=CARTESIAN_POINT('Origin',(-71.5763888888889,-177.402640495672,9.99999999999998));
#9935=CARTESIAN_POINT('',(-71.5763888888889,-191.544776119403,9.99999999999999));
#9936=CARTESIAN_POINT('',(-71.6412544614048,-187.808519142486,6.26374302308287));
#9937=CARTESIAN_POINT('',(-71.5763888888889,-195.522388059701,9.99999999999999));
#9938=CARTESIAN_POINT('Origin',(0.,-198.,11.5));
#9939=CARTESIAN_POINT('',(71.5763888888889,-198.,9.99999999999999));
#9940=CARTESIAN_POINT('',(0.,-198.,9.99999999999999));
#9941=CARTESIAN_POINT('',(71.5243055555556,-198.,13.));
#9942=CARTESIAN_POINT('Origin',(71.5503472222222,-198.,11.5));
#9943=CARTESIAN_POINT('',(0.,-198.,13.));
#9944=CARTESIAN_POINT('Origin',(0.,-210.,13.));
#9945=CARTESIAN_POINT('',(71.5243055555556,-197.411116024269,13.));
#9946=CARTESIAN_POINT('',(71.5243055555556,-204.75,13.));
#9947=CARTESIAN_POINT('',(0.,-197.411116024269,13.));
#9948=CARTESIAN_POINT('Origin',(0.,-197.411116024269,19.));
#9949=CARTESIAN_POINT('',(-68.4196868106828,-188.411116024269,19.));
#9950=CARTESIAN_POINT('',(-68.5759368106828,-197.411116024269,9.99999999999999));
#9951=CARTESIAN_POINT('Origin',(-68.4196868106828,-197.411116024269,19.));
#9952=CARTESIAN_POINT('',(68.4196868106828,-188.411116024269,19.));
#9953=CARTESIAN_POINT('',(0.,-188.411116024269,19.));
#9954=CARTESIAN_POINT('',(68.5759368106828,-197.411116024269,9.99999999999999));
#9955=CARTESIAN_POINT('Origin',(68.4196868106828,-197.411116024269,19.));
#9956=CARTESIAN_POINT('',(0.,-197.411116024269,9.99999999999999));
#9957=CARTESIAN_POINT('Origin',(0.,-188.411116024269,46.5));
#9958=CARTESIAN_POINT('',(-67.9422562551273,-188.411116024269,46.5));
#9959=CARTESIAN_POINT('',(-67.9320201645008,-188.411116024269,47.0895988200857));
#9960=CARTESIAN_POINT('',(67.9422562551273,-188.411116024269,46.5));
#9961=CARTESIAN_POINT('',(33.9711281275636,-188.411116024269,46.5));
#9962=CARTESIAN_POINT('',(68.5743093465547,-188.411116024269,10.0937419337788));
#9963=CARTESIAN_POINT('Origin',(0.,-197.411116024269,19.));
#9964=CARTESIAN_POINT('Origin',(71.4201388888889,-197.411116024269,19.));
#9965=CARTESIAN_POINT('Origin',(0.,-191.411784212923,18.910457734159));
#9966=CARTESIAN_POINT('Origin',(0.,-177.402640495672,9.99999999999998));
#9967=CARTESIAN_POINT('',(68.7495479217939,-177.402640495672,-1.83186799063151E-14));
#9968=CARTESIAN_POINT('',(68.6986984046388,-184.473708307538,2.92893218813453));
#9969=CARTESIAN_POINT('Origin',(68.5759368106828,-177.402640495672,9.99999999999998));
#9970=CARTESIAN_POINT('',(71.75,-177.402640495672,-1.77635683940025E-14));
#9971=CARTESIAN_POINT('',(0.,-177.402640495672,0.));
#9972=CARTESIAN_POINT('',(71.6991504828449,-184.473708307538,2.92893218813453));
#9973=CARTESIAN_POINT('Origin',(71.5763888888889,-177.402640495672,9.99999999999998));
#9974=CARTESIAN_POINT('',(0.,-184.473708307538,2.92893218813453));
#9975=CARTESIAN_POINT('Origin',(0.,-191.544776119403,9.99999999999999));
#9976=CARTESIAN_POINT('',(-68.5759368106828,-191.544776119403,9.99999999999999));
#9977=CARTESIAN_POINT('',(0.,-191.544776119403,9.99999999999999));
#9978=CARTESIAN_POINT('',(-68.5759368106828,-195.522388059701,9.99999999999999));
#9979=CARTESIAN_POINT('',(68.5759368106828,-191.544776119403,9.99999999999999));
#9980=CARTESIAN_POINT('',(68.5759368106828,-195.522388059701,9.99999999999999));
#9981=CARTESIAN_POINT('',(71.5763888888889,-191.544776119403,9.99999999999999));
#9982=CARTESIAN_POINT('',(0.,-191.544776119403,9.99999999999999));
#9983=CARTESIAN_POINT('',(71.5763888888889,-195.522388059701,9.99999999999999));
#9984=CARTESIAN_POINT('Origin',(0.,-184.473708307538,2.92893218813453));
#9985=CARTESIAN_POINT('',(68.6410284393304,-187.7954983093,6.25072218989735));
#9986=CARTESIAN_POINT('',(71.3500352721379,-204.582744444264,23.0379683248605));
#9987=CARTESIAN_POINT('Origin',(0.,-184.473708307538,2.92893218813453));
#9988=CARTESIAN_POINT('',(-68.6986984046388,-184.473708307538,2.92893218813453));
#9989=CARTESIAN_POINT('',(0.,-184.473708307538,2.92893218813453));
#9990=CARTESIAN_POINT('',(-68.4391751117079,-199.422249980357,17.8774738609538));
#9991=CARTESIAN_POINT('Origin',(0.,-177.402640495672,9.99999999999998));
#9992=CARTESIAN_POINT('',(-68.7495479217939,-177.402640495672,1.66533453693773E-14));
#9993=CARTESIAN_POINT('',(0.,-177.402640495672,8.06021915877864E-13));
#9994=CARTESIAN_POINT('Origin',(-68.5759368106828,-177.402640495672,9.99999999999998));
#9995=CARTESIAN_POINT('Origin',(-65.5860520918788,-199.5,67.));
#9996=CARTESIAN_POINT('',(-67.5857507518178,-167.5,67.0347169906239));
#9997=CARTESIAN_POINT('',(-67.5857507518178,-199.5,67.0347169906239));
#9998=CARTESIAN_POINT('',(-65.5860520918788,-167.5,69.));
#9999=CARTESIAN_POINT('Origin',(-65.5860520918788,-167.5,67.));
#10000=CARTESIAN_POINT('',(-65.5860520918788,-199.5,69.));
#10001=CARTESIAN_POINT('Origin',(-67.5857507518178,-199.5,67.0347169906239));
#10002=CARTESIAN_POINT('',(-67.8901729217939,-167.5,49.5));
#10003=CARTESIAN_POINT('',(-67.8901729217939,-199.5,49.5));
#10004=CARTESIAN_POINT('',(-68.1749186862132,-167.5,33.0986439694492));
#10005=CARTESIAN_POINT('Origin',(-67.8901729217939,-199.5,49.5));
#10006=CARTESIAN_POINT('',(67.8901729217939,-167.5,49.5));
#10007=CARTESIAN_POINT('',(67.8901729217939,-199.5,49.5));
#10008=CARTESIAN_POINT('',(-92.445086460897,-167.5,49.5));
#10009=CARTESIAN_POINT('Origin',(-65.5860520918788,-199.5,67.));
#10010=CARTESIAN_POINT('',(-65.5860520918788,-167.5,72.));
#10011=CARTESIAN_POINT('',(-65.5860520918788,-199.5,72.));
#10012=CARTESIAN_POINT('Origin',(-65.5860520918788,-167.5,67.));
#10013=CARTESIAN_POINT('Origin',(-65.5860520918788,-199.5,72.));
#10014=CARTESIAN_POINT('',(65.5860520918788,-167.5,72.));
#10015=CARTESIAN_POINT('',(65.5860520918788,-199.5,72.));
#10016=CARTESIAN_POINT('',(-91.2930260459394,-167.5,72.));
#10017=CARTESIAN_POINT('Origin',(65.5860520918788,-199.5,67.));
#10018=CARTESIAN_POINT('',(70.5852987417264,-167.5,67.0867924765599));
#10019=CARTESIAN_POINT('',(70.5852987417264,-199.5,67.0867924765599));
#10020=CARTESIAN_POINT('Origin',(65.5860520918788,-167.5,67.));
#10021=CARTESIAN_POINT('Origin',(-67.9422562551273,-199.5,46.5));
#10022=CARTESIAN_POINT('',(-68.7495479217939,-167.5,1.66533453693773E-14));
#10023=CARTESIAN_POINT('',(-68.7495479217939,-199.5,1.66533453693773E-14));
#10024=CARTESIAN_POINT('',(-67.9422562551273,-167.5,46.5));
#10025=CARTESIAN_POINT('',(-68.3531714378679,-167.5,22.8312854741372));
#10026=CARTESIAN_POINT('',(-67.9422562551273,-199.5,46.5));
#10027=CARTESIAN_POINT('Origin',(67.8901729217939,-199.5,49.5));
#10028=CARTESIAN_POINT('',(67.5857507518178,-167.5,67.0347169906239));
#10029=CARTESIAN_POINT('',(67.5857507518178,-199.5,67.0347169906239));
#10030=CARTESIAN_POINT('',(68.2918756401403,-167.5,26.3619234232507));
#10031=CARTESIAN_POINT('Origin',(-68.7495479217939,-199.5,1.66533453693773E-14));
#10032=CARTESIAN_POINT('',(-117.,-167.5,0.));
#10033=CARTESIAN_POINT('Origin',(65.5860520918788,-199.5,69.));
#10034=CARTESIAN_POINT('',(65.5860520918788,-167.5,69.));
#10035=CARTESIAN_POINT('',(-25.7069739540606,-167.5,69.));
#10036=CARTESIAN_POINT('',(65.5860520918788,-199.5,69.));
#10037=CARTESIAN_POINT('Origin',(65.5860520918788,-199.5,67.));
#10038=CARTESIAN_POINT('Origin',(65.5860520918788,-167.5,67.));
#10039=CARTESIAN_POINT('Origin',(67.9422562551273,-199.5,46.5));
#10040=CARTESIAN_POINT('',(67.9422562551273,-167.5,46.5));
#10041=CARTESIAN_POINT('',(-24.5288718724364,-167.5,46.5));
#10042=CARTESIAN_POINT('',(67.9422562551273,-199.5,46.5));
#10043=CARTESIAN_POINT('Origin',(68.7495479217939,-199.5,-5.28348958784988E-19));
#10044=CARTESIAN_POINT('',(68.7495479217939,-167.5,-5.28348958784988E-19));
#10045=CARTESIAN_POINT('',(68.7215631401403,-167.5,1.6119234232507));
#10046=CARTESIAN_POINT('',(68.7495479217939,-199.5,-5.28348958784988E-19));
#10047=CARTESIAN_POINT('Origin',(71.75,-199.5,0.));
#10048=CARTESIAN_POINT('',(71.75,-167.5,-1.77635683940025E-14));
#10049=CARTESIAN_POINT('',(-117.,-167.5,0.));
#10050=CARTESIAN_POINT('',(71.75,-199.5,-1.77635683940025E-14));
#10051=CARTESIAN_POINT('Origin',(70.5852987417264,-199.5,67.0867924765599));
#10052=CARTESIAN_POINT('',(71.1392125450608,-167.5,35.1813574044986));
#10053=CARTESIAN_POINT('Origin',(-117.,-167.5,0.));
#10054=CARTESIAN_POINT('',(117.,-167.5,0.));
#10055=CARTESIAN_POINT('',(-117.,-167.5,0.));
#10056=CARTESIAN_POINT('',(117.,-167.5,80.));
#10057=CARTESIAN_POINT('',(117.,-167.5,0.));
#10058=CARTESIAN_POINT('',(-117.,-167.5,80.));
#10059=CARTESIAN_POINT('',(-117.,-167.5,80.));
#10060=CARTESIAN_POINT('',(-117.,-167.5,0.));
#10061=CARTESIAN_POINT('',(-117.,-167.5,0.));
#10062=CARTESIAN_POINT('',(-117.,-167.5,0.));
#10063=CARTESIAN_POINT('Origin',(-117.,-167.5,0.));
#10064=CARTESIAN_POINT('',(-117.,-167.5,0.));
#10065=CARTESIAN_POINT('Ctrl Pts',(-116.973253593067,164.482014156111,-1.53939606104544E-17));
#10066=CARTESIAN_POINT('Ctrl Pts',(-126.086167507336,164.482007318757,-1.53939606104544E-17));
#10067=CARTESIAN_POINT('Ctrl Pts',(-132.532506201349,158.035050740996,-1.53939606104544E-17));
#10068=CARTESIAN_POINT('Ctrl Pts',(-138.978844895362,151.588094163235,-1.53939606104544E-17));
#10069=CARTESIAN_POINT('Ctrl Pts',(-138.978847666209,142.474310839323,-1.53939606104544E-17));
#10070=CARTESIAN_POINT('Ctrl Pts',(-116.973253593067,164.482014156111,80.));
#10071=CARTESIAN_POINT('Ctrl Pts',(-126.086167507336,164.482007318757,80.));
#10072=CARTESIAN_POINT('Ctrl Pts',(-132.532506201349,158.035050740996,80.));
#10073=CARTESIAN_POINT('Ctrl Pts',(-138.978844895362,151.588094163235,80.));
#10074=CARTESIAN_POINT('Ctrl Pts',(-138.978847666209,142.474310839323,80.));
#10075=CARTESIAN_POINT('',(-138.978847666209,142.474310839323,0.));
#10076=CARTESIAN_POINT('',(-116.973253593067,164.482014156111,0.));
#10077=CARTESIAN_POINT('Ctrl Pts',(-138.978847666209,142.474310839323,-1.11022302462516E-16));
#10078=CARTESIAN_POINT('Ctrl Pts',(-138.978847666209,142.917455215524,-1.45461538740934E-16));
#10079=CARTESIAN_POINT('Ctrl Pts',(-138.965171393437,143.359884043546,2.74726775196997E-5));
#10080=CARTESIAN_POINT('Ctrl Pts',(-138.938115378258,143.801026321821,6.63898852731881E-5));
#10081=CARTESIAN_POINT('Ctrl Pts',(-138.910729511963,144.247546748791,0.000105781548866468));
#10082=CARTESIAN_POINT('Ctrl Pts',(-138.869635636531,144.6927495378,0.000156867663756854));
#10083=CARTESIAN_POINT('Ctrl Pts',(-138.81508817732,145.136050045493,0.000206819150497084));
#10084=CARTESIAN_POINT('Ctrl Pts',(-138.76007576714,145.583129152656,0.000257196413111859));
#10085=CARTESIAN_POINT('Ctrl Pts',(-138.691379372185,146.028273917736,0.000306388814488043));
#10086=CARTESIAN_POINT('Ctrl Pts',(-138.609207231346,146.470884761958,0.00034553469760612));
#10087=CARTESIAN_POINT('Ctrl Pts',(-138.526698038977,146.915311095722,0.000384841148279938));
#10088=CARTESIAN_POINT('Ctrl Pts',(-138.430602217806,147.357183203337,0.000413989236920081));
#10089=CARTESIAN_POINT('Ctrl Pts',(-138.321079038635,147.795886455617,0.000428771815271067));
#10090=CARTESIAN_POINT('Ctrl Pts',(-138.211841996116,148.233443566227,0.000443515773144662));
#10091=CARTESIAN_POINT('Ctrl Pts',(-138.089247507888,148.667848870427,0.000443944733479076));
#10092=CARTESIAN_POINT('Ctrl Pts',(-137.95340449102,149.098477195126,0.000431008405251371));
#10093=CARTESIAN_POINT('Ctrl Pts',(-137.818910609004,149.524828703138,0.000418200555113152));
#10094=CARTESIAN_POINT('Ctrl Pts',(-137.671429850107,149.947478349285,0.000392273934534668));
#10095=CARTESIAN_POINT('Ctrl Pts',(-137.511022443153,150.365797086042,0.000359482551163526));
#10096=CARTESIAN_POINT('Ctrl Pts',(-137.451525812489,150.520955478371,0.000347319915644139));
#10097=CARTESIAN_POINT('Ctrl Pts',(-137.390250374838,150.675517793172,0.000334267335563866));
#10098=CARTESIAN_POINT('Ctrl Pts',(-137.327197671728,150.829450941483,0.000320840844117848));
#10099=CARTESIAN_POINT('Ctrl Pts',(-137.162506693489,151.231517776494,0.000285771419629066));
#10100=CARTESIAN_POINT('Ctrl Pts',(-136.986162586518,151.62814776509,0.000247296892370524));
#10101=CARTESIAN_POINT('Ctrl Pts',(-136.798366493849,152.018826614102,0.000217599385173572));
#10102=CARTESIAN_POINT('Ctrl Pts',(-136.603588378112,152.424030412475,0.000186797761925275));
#10103=CARTESIAN_POINT('Ctrl Pts',(-136.396491231403,152.822832922807,0.000165368613281256));
#10104=CARTESIAN_POINT('Ctrl Pts',(-136.177485723369,153.214706373067,0.000148323517193016));
#10105=CARTESIAN_POINT('Ctrl Pts',(-135.957667796585,153.608033509776,0.000131215190933959));
#10106=CARTESIAN_POINT('Ctrl Pts',(-135.72585272819,153.994380566214,0.000118510267276289));
#10107=CARTESIAN_POINT('Ctrl Pts',(-135.482407208,154.373194192824,0.00011055865693127));
#10108=CARTESIAN_POINT('Ctrl Pts',(-135.239442644725,154.75125942598,0.000102622755981884));
#10109=CARTESIAN_POINT('Ctrl Pts',(-134.984893236598,155.121821429645,9.94125475014631E-5));
#10110=CARTESIAN_POINT('Ctrl Pts',(-134.719079552448,155.484303492637,0.000106796655447213));
#10111=CARTESIAN_POINT('Ctrl Pts',(-134.542798071296,155.724693204549,0.000111693624878343));
#10112=CARTESIAN_POINT('Ctrl Pts',(-134.361561627818,155.961528772907,0.000121363415490196));
#10113=CARTESIAN_POINT('Ctrl Pts',(-134.175454002426,156.1946339895,0.000138891455243609));
#10114=CARTESIAN_POINT('Ctrl Pts',(-133.893745518382,156.547482063568,0.000165423401459062));
#10115=CARTESIAN_POINT('Ctrl Pts',(-133.600877336325,156.891784927102,0.000209707907209071));
#10116=CARTESIAN_POINT('Ctrl Pts',(-133.297314823684,157.227112537412,0.000254992645459483));
#10117=CARTESIAN_POINT('Ctrl Pts',(-133.079486831275,157.467734277949,0.000287487710591394));
#10118=CARTESIAN_POINT('Ctrl Pts',(-132.856151462561,157.703733811763,0.000320615182674394));
#10119=CARTESIAN_POINT('Ctrl Pts',(-132.627471110089,157.934938840206,0.000349936863186347));
#10120=CARTESIAN_POINT('Ctrl Pts',(-132.311854554305,158.254039864709,0.000390405612306991));
#10121=CARTESIAN_POINT('Ctrl Pts',(-131.986985789896,158.563071652657,0.000423383075150195));
#10122=CARTESIAN_POINT('Ctrl Pts',(-131.653431143216,158.861720800585,0.000442029089562267));
#10123=CARTESIAN_POINT('Ctrl Pts',(-131.317147013828,159.162813798998,0.000460827684591706));
#10124=CARTESIAN_POINT('Ctrl Pts',(-130.97203389682,159.453353912422,0.00046506259130728));
#10125=CARTESIAN_POINT('Ctrl Pts',(-130.618630093644,159.732988319544,0.000453453355486078));
#10126=CARTESIAN_POINT('Ctrl Pts',(-130.264118952428,160.013498919322,0.000441807743858089));
#10127=CARTESIAN_POINT('Ctrl Pts',(-129.901264678732,160.283035722951,0.000414225958307198));
#10128=CARTESIAN_POINT('Ctrl Pts',(-129.530574452374,160.541205363784,0.000375069207072753));
#10129=CARTESIAN_POINT('Ctrl Pts',(-129.161143312266,160.798498105734,0.000336045455641335));
#10130=CARTESIAN_POINT('Ctrl Pts',(-128.783928924003,161.044501092667,0.000285537759316433));
#10131=CARTESIAN_POINT('Ctrl Pts',(-128.399403813818,161.278783017892,0.000233311099690575));
#10132=CARTESIAN_POINT('Ctrl Pts',(-128.019404235358,161.5103076452,0.000181699103187681));
#10133=CARTESIAN_POINT('Ctrl Pts',(-127.632264562544,161.730385726256,0.00012842671268124));
#10134=CARTESIAN_POINT('Ctrl Pts',(-127.238418542253,161.93855588511,8.8007341434021E-5));
#10135=CARTESIAN_POINT('Ctrl Pts',(-126.999528028979,162.064823191455,6.34906424046057E-5));
#10136=CARTESIAN_POINT('Ctrl Pts',(-126.758169761324,162.186708530332,4.3800194544345E-5));
#10137=CARTESIAN_POINT('Ctrl Pts',(-126.514437490954,162.304100109137,3.30631035578566E-5));
#10138=CARTESIAN_POINT('Ctrl Pts',(-126.209013956364,162.451204761613,1.96083391340589E-5));
#10139=CARTESIAN_POINT('Ctrl Pts',(-125.899862530654,162.591253365242,2.01830544820455E-5));
#10140=CARTESIAN_POINT('Ctrl Pts',(-125.587238593513,162.724157326603,2.75792209704084E-5));
#10141=CARTESIAN_POINT('Ctrl Pts',(-125.172762522378,162.900361081975,3.73850408816455E-5));
#10142=CARTESIAN_POINT('Ctrl Pts',(-124.753114325903,163.063612640064,5.9462740698807E-5));
#10143=CARTESIAN_POINT('Ctrl Pts',(-124.328946768378,163.213836329697,8.17604173791731E-5));
#10144=CARTESIAN_POINT('Ctrl Pts',(-123.90311880772,163.364648069689,0.000104145378274315));
#10145=CARTESIAN_POINT('Ctrl Pts',(-123.472735515067,163.502329899917,0.000126783433866419));
#10146=CARTESIAN_POINT('Ctrl Pts',(-123.038437661782,163.626756774509,0.000142600335713727));
#10147=CARTESIAN_POINT('Ctrl Pts',(-122.604564467184,163.751061983859,0.000158401771712629));
#10148=CARTESIAN_POINT('Ctrl Pts',(-122.166783830012,163.862138267994,0.00016743022615528));
#10149=CARTESIAN_POINT('Ctrl Pts',(-121.725722959343,163.959810649694,0.000167228663279728));
#10150=CARTESIAN_POINT('Ctrl Pts',(-121.606296966788,163.986257387333,0.000167174086127059));
#10151=CARTESIAN_POINT('Ctrl Pts',(-121.486630438712,164.011721109307,0.000166467195405425));
#10152=CARTESIAN_POINT('Ctrl Pts',(-121.366735757589,164.036197688294,0.000165112158603375));
#10153=CARTESIAN_POINT('Ctrl Pts',(-120.923090310099,164.126768201816,0.000160098125430495));
#10154=CARTESIAN_POINT('Ctrl Pts',(-120.477008434052,164.203686346137,0.000146028879015313));
#10155=CARTESIAN_POINT('Ctrl Pts',(-120.029136084623,164.266836901104,0.000126151351761528));
#10156=CARTESIAN_POINT('Ctrl Pts',(-119.582238587784,164.329850000651,0.000106317090538705));
#10157=CARTESIAN_POINT('Ctrl Pts',(-119.13355786795,164.379155483495,8.07360801359214E-5));
#10158=CARTESIAN_POINT('Ctrl Pts',(-118.683726494561,164.414588121366,5.70588220777379E-5));
#10159=CARTESIAN_POINT('Ctrl Pts',(-118.238056667345,164.449692959605,3.36006105522768E-5));
#10160=CARTESIAN_POINT('Ctrl Pts',(-117.791256863277,164.471180497102,1.20498408580018E-5));
#10161=CARTESIAN_POINT('Ctrl Pts',(-117.343941063875,164.478839143286,3.62904842998724E-6));
#10162=CARTESIAN_POINT('Ctrl Pts',(-117.220413574088,164.480954099519,1.30362341250648E-6));
#10163=CARTESIAN_POINT('Ctrl Pts',(-117.096846752342,164.482014156111,-6.64761662282709E-16));
#10164=CARTESIAN_POINT('Ctrl Pts',(-116.973253593067,164.482014156111,-6.66133814775094E-16));
#10165=CARTESIAN_POINT('',(-116.973253593067,164.482014156111,80.));
#10166=CARTESIAN_POINT('',(-116.973253593067,164.482014156111,0.));
#10167=CARTESIAN_POINT('',(-138.978847666209,142.474310839323,80.));
#10168=CARTESIAN_POINT('Origin',(-116.990540363753,142.491609070566,80.));
#10169=CARTESIAN_POINT('',(-138.978847666209,142.474310839323,0.));
#10170=CARTESIAN_POINT('Origin',(-138.978847666209,97.9763196492753,0.));
#10171=CARTESIAN_POINT('',(-138.978847666209,97.9763196492753,-3.46944695195361E-17));
#10172=CARTESIAN_POINT('',(-138.978847666209,71.25,-1.11022302462516E-15));
#10173=CARTESIAN_POINT('',(-138.978847666209,97.9763196492753,80.));
#10174=CARTESIAN_POINT('',(-138.978847666209,97.9763196492753,80.));
#10175=CARTESIAN_POINT('',(-138.978847666209,97.9763196492753,0.));
#10176=CARTESIAN_POINT('Ctrl Pts',(-138.978847666209,97.9763196492753,-1.58334861264874E-15));
#10177=CARTESIAN_POINT('Ctrl Pts',(-138.978847825016,95.8877357410845,-1.58334861264874E-15));
#10178=CARTESIAN_POINT('Ctrl Pts',(-137.837728683869,94.1407404195154,-1.58334861264874E-15));
#10179=CARTESIAN_POINT('Ctrl Pts',(-138.978847666209,97.9763196492753,80.));
#10180=CARTESIAN_POINT('Ctrl Pts',(-138.978847825016,95.8877357410845,80.));
#10181=CARTESIAN_POINT('Ctrl Pts',(-137.837728683869,94.1407404195154,80.));
#10182=CARTESIAN_POINT('',(-137.837728683869,94.1407404195154,1.73472347597681E-17));
#10183=CARTESIAN_POINT('Ctrl Pts',(-137.837728683869,94.1407404195154,-5.55111512312578E-17));
#10184=CARTESIAN_POINT('Ctrl Pts',(-137.940030124669,94.2973586891994,-4.82420544859309E-17));
#10185=CARTESIAN_POINT('Ctrl Pts',(-138.035709958349,94.4579312276455,-9.01593998375339E-6));
#10186=CARTESIAN_POINT('Ctrl Pts',(-138.124723292482,94.6219824712008,-2.04842408058278E-5));
#10187=CARTESIAN_POINT('Ctrl Pts',(-138.214690295969,94.7877913238283,-3.20754104896674E-5));
#10188=CARTESIAN_POINT('Ctrl Pts',(-138.297847453963,94.9571544301482,-4.61594156139936E-5));
#10189=CARTESIAN_POINT('Ctrl Pts',(-138.374105017338,95.1296124083067,-5.81041161365412E-5));
#10190=CARTESIAN_POINT('Ctrl Pts',(-138.450753933173,95.3029554377458,-7.01101166500113E-5));
#10191=CARTESIAN_POINT('Ctrl Pts',(-138.520432503762,95.4794258444077,-7.99433608421358E-5));
#10192=CARTESIAN_POINT('Ctrl Pts',(-138.583002150948,95.6585792996876,-8.523213555163E-5));
#10193=CARTESIAN_POINT('Ctrl Pts',(-138.619500980094,95.7630851048054,-8.83172429989787E-5));
#10194=CARTESIAN_POINT('Ctrl Pts',(-138.653579912985,95.8685042487057,-8.99004125375177E-5));
#10195=CARTESIAN_POINT('Ctrl Pts',(-138.685203525676,95.974750625746,-8.9898477121101E-5));
#10196=CARTESIAN_POINT('Ctrl Pts',(-138.739262778615,96.1563743961323,-8.98951686070919E-5));
#10197=CARTESIAN_POINT('Ctrl Pts',(-138.785993914777,96.3398913314609,-8.53185187956324E-5));
#10198=CARTESIAN_POINT('Ctrl Pts',(-138.825306864575,96.5248491949531,-7.69108536985558E-5));
#10199=CARTESIAN_POINT('Ctrl Pts',(-138.864592470958,96.7096784143322,-6.85090364016227E-5));
#10200=CARTESIAN_POINT('Ctrl Pts',(-138.896470397477,96.8959472410449,-5.62729106511213E-5));
#10201=CARTESIAN_POINT('Ctrl Pts',(-138.920801564785,97.0832208562329,-4.33553075257515E-5));
#10202=CARTESIAN_POINT('Ctrl Pts',(-138.944821425437,97.2680983873231,-3.06029794894409E-5));
#10203=CARTESIAN_POINT('Ctrl Pts',(-138.961486499592,97.4539558179662,-1.71826180559847E-5));
#10204=CARTESIAN_POINT('Ctrl Pts',(-138.970613061725,97.6403808773191,-8.56432905078366E-6));
#10205=CARTESIAN_POINT('Ctrl Pts',(-138.976086556079,97.7521860121381,-3.39566252343762E-6));
#10206=CARTESIAN_POINT('Ctrl Pts',(-138.978847642104,97.864195382427,-1.25655587116443E-9));
#10207=CARTESIAN_POINT('Ctrl Pts',(-138.978847666209,97.9763196492753,-6.93889390390723E-18));
#10208=CARTESIAN_POINT('',(-137.837728683869,94.1407404195154,80.));
#10209=CARTESIAN_POINT('Origin',(-131.999267430883,97.9770396395812,80.));
#10210=CARTESIAN_POINT('',(-137.837728683869,94.1407404195154,0.));
#10211=CARTESIAN_POINT('Ctrl Pts',(-116.59956978393,61.624956576967,0.));
#10212=CARTESIAN_POINT('Ctrl Pts',(-116.59956978393,61.624956576967,80.));
#10213=CARTESIAN_POINT('Ctrl Pts',(-117.007492422281,62.2494416461866,-1.61743557867593E-19));
#10214=CARTESIAN_POINT('Ctrl Pts',(-117.007492422281,62.2494416461866,80.));
#10215=CARTESIAN_POINT('Ctrl Pts',(-118.859195284814,65.0843557925322,-1.02792998202077E-18));
#10216=CARTESIAN_POINT('Ctrl Pts',(-118.859195284814,65.0843557925322,80.));
#10217=CARTESIAN_POINT('Ctrl Pts',(-123.791467977143,72.6355891192902,2.55672184337438E-18));
#10218=CARTESIAN_POINT('Ctrl Pts',(-123.791467977143,72.6355891192902,80.));
#10219=CARTESIAN_POINT('Ctrl Pts',(-127.401622590573,78.1627627551054,3.24519681282268E-17));
#10220=CARTESIAN_POINT('Ctrl Pts',(-127.401622590573,78.1627627551054,80.));
#10221=CARTESIAN_POINT('Ctrl Pts',(-132.651766038384,86.2008660158074,3.56263174701207E-17));
#10222=CARTESIAN_POINT('Ctrl Pts',(-132.651766038384,86.2008660158074,80.));
#10223=CARTESIAN_POINT('Ctrl Pts',(-134.192969095645,88.5604998581344,6.93889390390723E-17));
#10224=CARTESIAN_POINT('Ctrl Pts',(-134.192969095645,88.5604998581344,80.));
#10225=CARTESIAN_POINT('Ctrl Pts',(-136.008760039374,91.3405409271901,6.93889390390723E-17));
#10226=CARTESIAN_POINT('Ctrl Pts',(-136.008760039374,91.3405409271901,80.));
#10227=CARTESIAN_POINT('Ctrl Pts',(-136.283349431172,91.7609471707162,1.04159029793062E-16));
#10228=CARTESIAN_POINT('Ctrl Pts',(-136.283349431172,91.7609471707162,80.));
#10229=CARTESIAN_POINT('Ctrl Pts',(-136.777447435754,92.5174282739916,1.0402295652531E-16));
#10230=CARTESIAN_POINT('Ctrl Pts',(-136.777447435754,92.5174282739916,80.));
#10231=CARTESIAN_POINT('Ctrl Pts',(-137.183753892647,93.1394971945831,3.45720980190391E-17));
#10232=CARTESIAN_POINT('Ctrl Pts',(-137.183753892647,93.1394971945831,80.));
#10233=CARTESIAN_POINT('Ctrl Pts',(-137.533080437584,93.6743239567068,3.47320577525925E-17));
#10234=CARTESIAN_POINT('Ctrl Pts',(-137.533080437584,93.6743239567068,80.));
#10235=CARTESIAN_POINT('Ctrl Pts',(-137.638437465565,93.8356275421705,3.46944695195361E-17));
#10236=CARTESIAN_POINT('Ctrl Pts',(-137.638437465565,93.8356275421705,80.));
#10237=CARTESIAN_POINT('Ctrl Pts',(-137.758880989943,94.020026626233,3.46944695195361E-17));
#10238=CARTESIAN_POINT('Ctrl Pts',(-137.758880989943,94.020026626233,80.));
#10239=CARTESIAN_POINT('Ctrl Pts',(-137.806505794834,94.0929397745109,-1.04083408558608E-16));
#10240=CARTESIAN_POINT('Ctrl Pts',(-137.806505794834,94.0929397745109,80.));
#10241=CARTESIAN_POINT('Ctrl Pts',(-137.837728683869,94.1407404195154,-1.04083408558608E-16));
#10242=CARTESIAN_POINT('Ctrl Pts',(-137.837728683869,94.1407404195154,80.));
#10243=CARTESIAN_POINT('',(-116.59956978393,61.624956576967,-1.73472347597681E-17));
#10244=CARTESIAN_POINT('Ctrl Pts',(-116.59956978393,61.624956576967,0.));
#10245=CARTESIAN_POINT('Ctrl Pts',(-117.007492422281,62.2494416461866,-1.61743557867593E-19));
#10246=CARTESIAN_POINT('Ctrl Pts',(-118.859195284814,65.0843557925322,-1.02792998202077E-18));
#10247=CARTESIAN_POINT('Ctrl Pts',(-123.791467977143,72.6355891192902,2.55672184337438E-18));
#10248=CARTESIAN_POINT('Ctrl Pts',(-127.401622590573,78.1627627551054,3.24519681282268E-17));
#10249=CARTESIAN_POINT('Ctrl Pts',(-132.651766038384,86.2008660158074,3.56263174701207E-17));
#10250=CARTESIAN_POINT('Ctrl Pts',(-134.192969095645,88.5604998581344,6.93889390390723E-17));
#10251=CARTESIAN_POINT('Ctrl Pts',(-136.008760039374,91.3405409271901,6.93889390390723E-17));
#10252=CARTESIAN_POINT('Ctrl Pts',(-136.283349431172,91.7609471707162,1.04159029793062E-16));
#10253=CARTESIAN_POINT('Ctrl Pts',(-136.777447435754,92.5174282739916,1.0402295652531E-16));
#10254=CARTESIAN_POINT('Ctrl Pts',(-137.183753892647,93.1394971945831,3.45720980190391E-17));
#10255=CARTESIAN_POINT('Ctrl Pts',(-137.533080437584,93.6743239567068,3.47320577525925E-17));
#10256=CARTESIAN_POINT('Ctrl Pts',(-137.638437465565,93.8356275421705,3.46944695195361E-17));
#10257=CARTESIAN_POINT('Ctrl Pts',(-137.758880989943,94.020026626233,3.46944695195361E-17));
#10258=CARTESIAN_POINT('Ctrl Pts',(-137.806505794834,94.0929397745109,-1.04083408558608E-16));
#10259=CARTESIAN_POINT('Ctrl Pts',(-137.837728683869,94.1407404195154,-1.04083408558608E-16));
#10260=CARTESIAN_POINT('',(-116.59956978393,61.624956576967,80.));
#10261=CARTESIAN_POINT('Ctrl Pts',(-116.59956978393,61.624956576967,80.));
#10262=CARTESIAN_POINT('Ctrl Pts',(-117.007492422281,62.2494416461866,80.));
#10263=CARTESIAN_POINT('Ctrl Pts',(-118.859195284814,65.0843557925322,80.));
#10264=CARTESIAN_POINT('Ctrl Pts',(-123.791467977143,72.6355891192902,80.));
#10265=CARTESIAN_POINT('Ctrl Pts',(-127.401622590573,78.1627627551054,80.));
#10266=CARTESIAN_POINT('Ctrl Pts',(-132.651766038384,86.2008660158074,80.));
#10267=CARTESIAN_POINT('Ctrl Pts',(-134.192969095645,88.5604998581344,80.));
#10268=CARTESIAN_POINT('Ctrl Pts',(-136.008760039374,91.3405409271901,80.));
#10269=CARTESIAN_POINT('Ctrl Pts',(-136.283349431172,91.7609471707162,80.));
#10270=CARTESIAN_POINT('Ctrl Pts',(-136.777447435754,92.5174282739916,80.));
#10271=CARTESIAN_POINT('Ctrl Pts',(-137.183753892647,93.1394971945831,80.));
#10272=CARTESIAN_POINT('Ctrl Pts',(-137.533080437584,93.6743239567068,80.));
#10273=CARTESIAN_POINT('Ctrl Pts',(-137.638437465565,93.8356275421705,80.));
#10274=CARTESIAN_POINT('Ctrl Pts',(-137.758880989943,94.020026626233,80.));
#10275=CARTESIAN_POINT('Ctrl Pts',(-137.806505794834,94.0929397745109,80.));
#10276=CARTESIAN_POINT('Ctrl Pts',(-137.837728683869,94.1407404195154,80.));
#10277=CARTESIAN_POINT('',(-116.59956978393,61.624956576967,0.));
#10278=CARTESIAN_POINT('Ctrl Pts',(-114.484364139126,54.5207319107898,-9.57514790114839E-16));
#10279=CARTESIAN_POINT('Ctrl Pts',(-114.484364240591,58.3868077973917,-9.57514790114839E-16));
#10280=CARTESIAN_POINT('Ctrl Pts',(-116.59956978393,61.624956576967,-9.57514790114839E-16));
#10281=CARTESIAN_POINT('Ctrl Pts',(-114.484364139126,54.5207319107898,80.));
#10282=CARTESIAN_POINT('Ctrl Pts',(-114.484364240591,58.3868077973917,80.));
#10283=CARTESIAN_POINT('Ctrl Pts',(-116.59956978393,61.624956576967,80.));
#10284=CARTESIAN_POINT('',(-114.484364139126,54.5207319107898,0.));
#10285=CARTESIAN_POINT('Ctrl Pts',(-114.484364139126,54.5207319107898,2.77555756156289E-17));
#10286=CARTESIAN_POINT('Ctrl Pts',(-114.484364209684,54.8208433678544,-1.70205583162932E-9));
#10287=CARTESIAN_POINT('Ctrl Pts',(-114.495041158302,55.1205122044755,-6.1021327951576E-6));
#10288=CARTESIAN_POINT('Ctrl Pts',(-114.516139117082,55.4192349155811,-1.42899043270653E-5));
#10289=CARTESIAN_POINT('Ctrl Pts',(-114.537588998755,55.7229404480937,-2.26142513577494E-5));
#10290=CARTESIAN_POINT('Ctrl Pts',(-114.569810474292,56.0256685847896,-3.30974486606317E-5));
#10291=CARTESIAN_POINT('Ctrl Pts',(-114.612588228681,56.3268925580472,-4.27912013543572E-5));
#10292=CARTESIAN_POINT('Ctrl Pts',(-114.65555579102,56.6294530835834,-5.25279659209774E-5));
#10293=CARTESIAN_POINT('Ctrl Pts',(-114.70917365231,56.9304966568385,-6.14720439479379E-5));
#10294=CARTESIAN_POINT('Ctrl Pts',(-114.773275810814,57.2294831388189,-6.78613899094752E-5));
#10295=CARTESIAN_POINT('Ctrl Pts',(-114.837269164035,57.5279621291724,-7.42398907667287E-5));
#10296=CARTESIAN_POINT('Ctrl Pts',(-114.911711429994,57.8243915892326,-7.80771021139642E-5));
#10297=CARTESIAN_POINT('Ctrl Pts',(-114.996486936578,58.1182190478795,-7.87726848788459E-5));
#10298=CARTESIAN_POINT('Ctrl Pts',(-115.010199457008,58.1657459243523,-7.88851960658376E-5));
#10299=CARTESIAN_POINT('Ctrl Pts',(-115.024182431875,58.2132046806896,-7.89178748093766E-5));
#10300=CARTESIAN_POINT('Ctrl Pts',(-115.0384354888,58.2605929255713,-7.88708910310909E-5));
#10301=CARTESIAN_POINT('Ctrl Pts',(-115.127934005501,58.5581555921757,-7.85758681116206E-5));
#10302=CARTESIAN_POINT('Ctrl Pts',(-115.227842306,58.8521581517621,-7.50085073211158E-5));
#10303=CARTESIAN_POINT('Ctrl Pts',(-115.337934763629,59.1420541169603,-6.87453239835364E-5));
#10304=CARTESIAN_POINT('Ctrl Pts',(-115.44632501563,59.4274678264791,-6.25789794862857E-5));
#10305=CARTESIAN_POINT('Ctrl Pts',(-115.564587255552,59.708901515638,-5.38077391165541E-5));
#10306=CARTESIAN_POINT('Ctrl Pts',(-115.692557290522,59.9858216042761,-4.41764403804543E-5));
#10307=CARTESIAN_POINT('Ctrl Pts',(-115.823541867525,60.2692649953973,-3.43182607587151E-5));
#10308=CARTESIAN_POINT('Ctrl Pts',(-115.964696981017,60.5479803528098,-2.35595027745957E-5));
#10309=CARTESIAN_POINT('Ctrl Pts',(-116.115898651856,60.8213728941549,-1.49777609576018E-5));
#10310=CARTESIAN_POINT('Ctrl Pts',(-116.267100322695,61.0947654354999,-6.39601914060796E-6));
#10311=CARTESIAN_POINT('Ctrl Pts',(-116.428348735388,61.3628358253324,3.66500805874417E-9));
#10312=CARTESIAN_POINT('Ctrl Pts',(-116.59956978393,61.6249565769669,1.61599024315521E-15));
#10313=CARTESIAN_POINT('',(-114.484364139126,54.5207319107898,80.));
#10314=CARTESIAN_POINT('Origin',(-127.500346708554,54.5228388162155,80.));
#10315=CARTESIAN_POINT('',(-114.484364139126,54.5207319107898,0.));
#10316=CARTESIAN_POINT('Origin',(-114.484364139126,-54.5207319107898,0.));
#10317=CARTESIAN_POINT('',(-114.484364139126,-54.5207319107898,1.73472347597681E-17));
#10318=CARTESIAN_POINT('',(-114.484364139126,27.2614341206428,0.));
#10319=CARTESIAN_POINT('',(-114.484364139126,-54.5207319107898,80.));
#10320=CARTESIAN_POINT('',(-114.484364139126,-54.5207319107898,80.));
#10321=CARTESIAN_POINT('',(-114.484364139126,-54.5207319107898,0.));
#10322=CARTESIAN_POINT('Ctrl Pts',(-116.59956978393,-61.624956576967,-4.6393043250272E-16));
#10323=CARTESIAN_POINT('Ctrl Pts',(-114.484364240591,-58.3868077973918,
-4.6393043250272E-16));
#10324=CARTESIAN_POINT('Ctrl Pts',(-114.484364139126,-54.5207319107898,
-4.6393043250272E-16));
#10325=CARTESIAN_POINT('Ctrl Pts',(-116.59956978393,-61.624956576967,80.));
#10326=CARTESIAN_POINT('Ctrl Pts',(-114.484364240591,-58.3868077973918,
80.));
#10327=CARTESIAN_POINT('Ctrl Pts',(-114.484364139126,-54.5207319107898,
80.));
#10328=CARTESIAN_POINT('',(-116.59956978393,-61.624956576967,-3.46944695195361E-17));
#10329=CARTESIAN_POINT('Ctrl Pts',(-116.59956978393,-61.624956576967,5.96744875736022E-16));
#10330=CARTESIAN_POINT('Ctrl Pts',(-116.429662284785,-61.3648467262012,
3.63688918351373E-9));
#10331=CARTESIAN_POINT('Ctrl Pts',(-116.269575056238,-61.0988781281492,
-6.29960008497218E-6));
#10332=CARTESIAN_POINT('Ctrl Pts',(-116.119380329026,-60.8276640760397,
-1.47806556958646E-5));
#10333=CARTESIAN_POINT('Ctrl Pts',(-115.9719071204,-60.5613644047274,-2.31080351365522E-5));
#10334=CARTESIAN_POINT('Ctrl Pts',(-115.833971131184,-60.2900069598161,
-3.35336731884146E-5));
#10335=CARTESIAN_POINT('Ctrl Pts',(-115.705686067164,-60.0141424308412,
-4.3188313353211E-5));
#10336=CARTESIAN_POINT('Ctrl Pts',(-115.573849881665,-59.7306415611764,
-5.31102083253209E-5));
#10337=CARTESIAN_POINT('Ctrl Pts',(-115.452205897648,-59.4423800951901,
-6.22072978563136E-5));
#10338=CARTESIAN_POINT('Ctrl Pts',(-115.340929738307,-59.1499328791232,
-6.85744454048502E-5));
#10339=CARTESIAN_POINT('Ctrl Pts',(-115.229653578966,-58.8574856630564,
-7.49415929533869E-5));
#10340=CARTESIAN_POINT('Ctrl Pts',(-115.128745035624,-58.5608520360556,
-7.85731903605219E-5));
#10341=CARTESIAN_POINT('Ctrl Pts',(-115.038435666258,-58.2605935155777,
-7.88708904461942E-5));
#10342=CARTESIAN_POINT('Ctrl Pts',(-114.947198121142,-57.9572490176525,
-7.91716502143895E-5));
#10343=CARTESIAN_POINT('Ctrl Pts',(-114.867023040544,-57.6510172497297,
-7.61050598660167E-5));
#10344=CARTESIAN_POINT('Ctrl Pts',(-114.798031143862,-57.3425147085316,
-7.01595169673563E-5));
#10345=CARTESIAN_POINT('Ctrl Pts',(-114.731332465995,-57.0442664706036,
-6.44115977244089E-5));
#10346=CARTESIAN_POINT('Ctrl Pts',(-114.675086009725,-56.7438951905242,
-5.59749542997967E-5));
#10347=CARTESIAN_POINT('Ctrl Pts',(-114.629451006702,-56.4419412920153,
-4.64578273260234E-5));
#10348=CARTESIAN_POINT('Ctrl Pts',(-114.584068057215,-56.1416551604161,
-3.69932658250593E-5));
#10349=CARTESIAN_POINT('Ctrl Pts',(-114.549179543683,-55.8398032627715,
-2.64566527766155E-5));
#10350=CARTESIAN_POINT('Ctrl Pts',(-114.524992909736,-55.5369098169076,
-1.76223742270878E-5));
#10351=CARTESIAN_POINT('Ctrl Pts',(-114.501144879594,-55.2382567656937,
-8.91177226419048E-6));
#10352=CARTESIAN_POINT('Ctrl Pts',(-114.487701132246,-54.9385905836783,
-1.85444425142809E-6));
#10353=CARTESIAN_POINT('Ctrl Pts',(-114.484911234425,-54.6384149732476,
-3.08413023383531E-7));
#10354=CARTESIAN_POINT('Ctrl Pts',(-114.484546720951,-54.5991955962374,
-1.06416660270792E-7));
#10355=CARTESIAN_POINT('Ctrl Pts',(-114.484364148351,-54.5599675312714,
-2.22521380830945E-10));
#10356=CARTESIAN_POINT('Ctrl Pts',(-114.484364139126,-54.5207319107898,
6.93889390390723E-18));
#10357=CARTESIAN_POINT('',(-116.59956978393,-61.624956576967,80.));
#10358=CARTESIAN_POINT('Origin',(-127.5003467085,-54.5228388162311,80.));
#10359=CARTESIAN_POINT('',(-116.59956978393,-61.624956576967,0.));
#10360=CARTESIAN_POINT('Ctrl Pts',(-137.837728683869,-94.1407404195155,
-2.42861286636753E-16));
#10361=CARTESIAN_POINT('Ctrl Pts',(-137.837728683869,-94.1407404195155,
80.));
#10362=CARTESIAN_POINT('Ctrl Pts',(-137.53610257628,-93.6789662871829,-2.42861286636753E-16));
#10363=CARTESIAN_POINT('Ctrl Pts',(-137.53610257628,-93.6789662871829,80.));
#10364=CARTESIAN_POINT('Ctrl Pts',(-136.259172735532,-91.7239296250601,
1.72779716410861E-16));
#10365=CARTESIAN_POINT('Ctrl Pts',(-136.259172735532,-91.7239296250601,
80.));
#10366=CARTESIAN_POINT('Ctrl Pts',(-130.298763039984,-82.5983377625928,
1.74997068569341E-16));
#10367=CARTESIAN_POINT('Ctrl Pts',(-130.298763039984,-82.5983377625928,
80.));
#10368=CARTESIAN_POINT('Ctrl Pts',(-127.207480039517,-77.8655263046376,
-1.38777878078145E-16));
#10369=CARTESIAN_POINT('Ctrl Pts',(-127.207480039517,-77.8655263046376,
80.));
#10370=CARTESIAN_POINT('Ctrl Pts',(-120.366795560831,-67.3924469115724,
-1.38777878078145E-16));
#10371=CARTESIAN_POINT('Ctrl Pts',(-120.366795560831,-67.3924469115724,
80.));
#10372=CARTESIAN_POINT('Ctrl Pts',(-117.20772450859,-62.555975132008,0.));
#10373=CARTESIAN_POINT('Ctrl Pts',(-117.20772450859,-62.555975132008,80.));
#10374=CARTESIAN_POINT('Ctrl Pts',(-116.59956978393,-61.624956576967,0.));
#10375=CARTESIAN_POINT('Ctrl Pts',(-116.59956978393,-61.624956576967,80.));
#10376=CARTESIAN_POINT('',(-137.837728683869,-94.1407404195155,-3.46944695195361E-17));
#10377=CARTESIAN_POINT('Ctrl Pts',(-137.837728683869,-94.1407404195155,
-2.42861286636753E-16));
#10378=CARTESIAN_POINT('Ctrl Pts',(-137.53610257628,-93.6789662871829,-2.42861286636753E-16));
#10379=CARTESIAN_POINT('Ctrl Pts',(-136.259172735532,-91.7239296250601,
1.72779716410861E-16));
#10380=CARTESIAN_POINT('Ctrl Pts',(-130.298763039984,-82.5983377625928,
1.74997068569341E-16));
#10381=CARTESIAN_POINT('Ctrl Pts',(-127.207480039517,-77.8655263046376,
-1.38777878078145E-16));
#10382=CARTESIAN_POINT('Ctrl Pts',(-120.366795560831,-67.3924469115724,
-1.38777878078145E-16));
#10383=CARTESIAN_POINT('Ctrl Pts',(-117.20772450859,-62.555975132008,0.));
#10384=CARTESIAN_POINT('Ctrl Pts',(-116.59956978393,-61.624956576967,0.));
#10385=CARTESIAN_POINT('',(-137.837728683869,-94.1407404195155,80.));
#10386=CARTESIAN_POINT('Ctrl Pts',(-137.837728683869,-94.1407404195155,
80.));
#10387=CARTESIAN_POINT('Ctrl Pts',(-137.53610257628,-93.6789662871829,80.));
#10388=CARTESIAN_POINT('Ctrl Pts',(-136.259172735532,-91.7239296250601,
80.));
#10389=CARTESIAN_POINT('Ctrl Pts',(-130.298763039984,-82.5983377625928,
80.));
#10390=CARTESIAN_POINT('Ctrl Pts',(-127.207480039517,-77.8655263046376,
80.));
#10391=CARTESIAN_POINT('Ctrl Pts',(-120.366795560831,-67.3924469115724,
80.));
#10392=CARTESIAN_POINT('Ctrl Pts',(-117.20772450859,-62.555975132008,80.));
#10393=CARTESIAN_POINT('Ctrl Pts',(-116.59956978393,-61.624956576967,80.));
#10394=CARTESIAN_POINT('',(-137.837728683869,-94.1407404195155,0.));
#10395=CARTESIAN_POINT('Ctrl Pts',(-137.837728683869,-94.1407404195155,
-1.04384856789559E-15));
#10396=CARTESIAN_POINT('Ctrl Pts',(-138.978847825016,-95.8877357410845,
-1.04384856789559E-15));
#10397=CARTESIAN_POINT('Ctrl Pts',(-138.978847666209,-97.9763196492754,
-1.04384856789559E-15));
#10398=CARTESIAN_POINT('Ctrl Pts',(-137.837728683869,-94.1407404195155,
80.));
#10399=CARTESIAN_POINT('Ctrl Pts',(-138.978847825016,-95.8877357410845,
80.));
#10400=CARTESIAN_POINT('Ctrl Pts',(-138.978847666209,-97.9763196492754,
80.));
#10401=CARTESIAN_POINT('',(-138.978847666209,-97.9763196492754,0.));
#10402=CARTESIAN_POINT('Ctrl Pts',(-138.978847666209,-97.9763196492754,
6.93889390390723E-17));
#10403=CARTESIAN_POINT('Ctrl Pts',(-138.978847625948,-97.7890465775151,
-2.09873450635898E-9));
#10404=CARTESIAN_POINT('Ctrl Pts',(-138.971148012152,-97.6020942727249,
-9.33123334285327E-6));
#10405=CARTESIAN_POINT('Ctrl Pts',(-138.9559648049,-97.415878060647,-2.09652446350184E-5));
#10406=CARTESIAN_POINT('Ctrl Pts',(-138.940642273584,-97.2279530923638,
-3.27060118791304E-5));
#10407=CARTESIAN_POINT('Ctrl Pts',(-138.917698043423,-97.0407771278506,
-4.67999919456149E-5));
#10408=CARTESIAN_POINT('Ctrl Pts',(-138.887300658533,-96.8547773878339,
-5.86324120125312E-5));
#10409=CARTESIAN_POINT('Ctrl Pts',(-138.856830678066,-96.6683334399138,
-7.0493090476534E-5));
#10410=CARTESIAN_POINT('Ctrl Pts',(-138.818871717152,-96.4830706624325,
-8.00896657594915E-5));
#10411=CARTESIAN_POINT('Ctrl Pts',(-138.773542564364,-96.2994297940656,
-8.52664198944461E-5));
#10412=CARTESIAN_POINT('Ctrl Pts',(-138.746679966575,-96.1906020203013,
-8.83342262756846E-5));
#10413=CARTESIAN_POINT('Ctrl Pts',(-138.717228085574,-96.0823440902953,
-8.98965138813338E-5));
#10414=CARTESIAN_POINT('Ctrl Pts',(-138.685203621229,-95.974750946777,-8.98984771152064E-5));
#10415=CARTESIAN_POINT('Ctrl Pts',(-138.630984630753,-95.79259047218,-8.99018009665413E-5));
#10416=CARTESIAN_POINT('Ctrl Pts',(-138.569550929775,-95.6128610785613,
-8.51080859281583E-5));
#10417=CARTESIAN_POINT('Ctrl Pts',(-138.501070385006,-95.4359990059267,
-7.64581119010385E-5));
#10418=CARTESIAN_POINT('Ctrl Pts',(-138.432763260842,-95.2595848200311,
-6.78300431281193E-5));
#10419=CARTESIAN_POINT('Ctrl Pts',(-138.357444701951,-95.0860227838322,
-5.53760856832307E-5));
#10420=CARTESIAN_POINT('Ctrl Pts',(-138.275232286933,-94.915761966389,-4.24327575135122E-5));
#10421=CARTESIAN_POINT('Ctrl Pts',(-138.19426872285,-94.7480875026126,-2.96860454811773E-5));
#10422=CARTESIAN_POINT('Ctrl Pts',(-138.10661885168,-94.5836141462541,-1.64788976482878E-5));
#10423=CARTESIAN_POINT('Ctrl Pts',(-138.012351523712,-94.4227956322205,
-8.13857242171027E-6));
#10424=CARTESIAN_POINT('Ctrl Pts',(-137.956467807628,-94.3274589299617,
-3.19424677832505E-6));
#10425=CARTESIAN_POINT('Ctrl Pts',(-137.89825766405,-94.2334071900664,-1.50678378524533E-18));
#10426=CARTESIAN_POINT('Ctrl Pts',(-137.837728683869,-94.1407404195155,
-1.50678378524533E-18));
#10427=CARTESIAN_POINT('',(-138.978847666209,-97.9763196492754,80.));
#10428=CARTESIAN_POINT('Origin',(-131.999267430913,-97.9770396395733,80.));
#10429=CARTESIAN_POINT('',(-138.978847666209,-97.9763196492754,0.));
#10430=CARTESIAN_POINT('Origin',(-138.978847666209,-142.474310839323,0.));
#10431=CARTESIAN_POINT('',(-138.978847666209,-142.474310839323,0.));
#10432=CARTESIAN_POINT('',(-138.978847666209,-48.9885658793572,-1.11022302462516E-15));
#10433=CARTESIAN_POINT('',(-138.978847666209,-142.474310839323,80.));
#10434=CARTESIAN_POINT('',(-138.978847666209,-142.474310839323,80.));
#10435=CARTESIAN_POINT('',(-138.978847666209,-142.474310839323,0.));
#10436=CARTESIAN_POINT('Ctrl Pts',(-138.978847666209,-142.474310839322,
-6.49082564955534E-17));
#10437=CARTESIAN_POINT('Ctrl Pts',(-138.978844901413,-151.58809415581,-6.49082564955534E-17));
#10438=CARTESIAN_POINT('Ctrl Pts',(-132.532506196888,-158.035050744083,
-6.49082564955534E-17));
#10439=CARTESIAN_POINT('Ctrl Pts',(-126.086167492363,-164.482007332357,
-6.49082564955534E-17));
#10440=CARTESIAN_POINT('Ctrl Pts',(-116.973253593067,-164.482014156111,
-6.49082564955534E-17));
#10441=CARTESIAN_POINT('Ctrl Pts',(-138.978847666209,-142.474310839322,
80.));
#10442=CARTESIAN_POINT('Ctrl Pts',(-138.978844901413,-151.58809415581,80.));
#10443=CARTESIAN_POINT('Ctrl Pts',(-132.532506196888,-158.035050744083,
80.));
#10444=CARTESIAN_POINT('Ctrl Pts',(-126.086167492363,-164.482007332357,
80.));
#10445=CARTESIAN_POINT('Ctrl Pts',(-116.973253593067,-164.482014156111,
80.));
#10446=CARTESIAN_POINT('',(-116.973253593067,-164.482014156111,0.));
#10447=CARTESIAN_POINT('Ctrl Pts',(-116.973253593067,-164.482014156111,
0.));
#10448=CARTESIAN_POINT('Ctrl Pts',(-117.423848358119,-164.482014156111,
-9.50495297577653E-17));
#10449=CARTESIAN_POINT('Ctrl Pts',(-117.873795795486,-164.468232601677,
-7.64816366957713E-6));
#10450=CARTESIAN_POINT('Ctrl Pts',(-118.322447024881,-164.440789275596,
-2.03510789522632E-5));
#10451=CARTESIAN_POINT('Ctrl Pts',(-118.773397186384,-164.413205327269,
-3.3119085196217E-5));
#10452=CARTESIAN_POINT('Ctrl Pts',(-119.223038360761,-164.37181924822,-5.10384286061206E-5));
#10453=CARTESIAN_POINT('Ctrl Pts',(-119.670720181087,-164.316700551385,
-6.84014856480175E-5));
#10454=CARTESIAN_POINT('Ctrl Pts',(-120.118633322027,-164.261553374299,
-8.57735143140681E-5));
#10455=CARTESIAN_POINT('Ctrl Pts',(-120.564585629387,-164.192659360215,
-0.000102631590189415));
#10456=CARTESIAN_POINT('Ctrl Pts',(-121.007926091738,-164.11003626845,-0.000109535113415715));
#10457=CARTESIAN_POINT('Ctrl Pts',(-121.294425655619,-164.056642811801,
-0.000113996371887556));
#10458=CARTESIAN_POINT('Ctrl Pts',(-121.579834467178,-163.997514875081,
-0.000114223375546515));
#10459=CARTESIAN_POINT('Ctrl Pts',(-121.863975293031,-163.932645802738,
-0.000106713482312504));
#10460=CARTESIAN_POINT('Ctrl Pts',(-122.304173499276,-163.832148983245,
-9.50789643908026E-5));
#10461=CARTESIAN_POINT('Ctrl Pts',(-122.741329362225,-163.71787520783,-6.51221823637612E-5));
#10462=CARTESIAN_POINT('Ctrl Pts',(-123.17485817291,-163.590102974604,-3.18768874707498E-5));
#10463=CARTESIAN_POINT('Ctrl Pts',(-123.607882042239,-163.462479560749,
1.32968583356037E-6));
#10464=CARTESIAN_POINT('Ctrl Pts',(-124.037287795501,-163.321388878064,
3.77940116724645E-5));
#10465=CARTESIAN_POINT('Ctrl Pts',(-124.462472398163,-163.167061107877,
6.76274807210331E-5));
#10466=CARTESIAN_POINT('Ctrl Pts',(-124.752839995099,-163.061667395384,
8.80013904572623E-5));
#10467=CARTESIAN_POINT('Ctrl Pts',(-125.041238502759,-162.950099171361,
0.000105388315217364));
#10468=CARTESIAN_POINT('Ctrl Pts',(-125.327468586141,-162.832417885404,
0.00011809177902411));
#10469=CARTESIAN_POINT('Ctrl Pts',(-125.742624854177,-162.661729595345,
0.000136517244869075));
#10470=CARTESIAN_POINT('Ctrl Pts',(-126.1519965516,-162.47868605614,0.000143916191710254));
#10471=CARTESIAN_POINT('Ctrl Pts',(-126.555053596991,-162.283657061685,
0.000139278091541489));
#10472=CARTESIAN_POINT('Ctrl Pts',(-126.96220954927,-162.086644711033,0.000134592824002867));
#10473=CARTESIAN_POINT('Ctrl Pts',(-127.362922267707,-161.877401726696,
0.000117595097376937));
#10474=CARTESIAN_POINT('Ctrl Pts',(-127.756633033429,-161.656257886662,
9.19709512398059E-5));
#10475=CARTESIAN_POINT('Ctrl Pts',(-128.150617450506,-161.434960339092,
6.6328994865056E-5));
#10476=CARTESIAN_POINT('Ctrl Pts',(-128.537590672305,-161.201745145069,
3.20256833442894E-5));
#10477=CARTESIAN_POINT('Ctrl Pts',(-128.916973053894,-160.956894735113,
-2.15206226701625E-6));
#10478=CARTESIAN_POINT('Ctrl Pts',(-129.29396996116,-160.713583891553,-3.61149056094305E-5));
#10479=CARTESIAN_POINT('Ctrl Pts',(-129.663471642792,-160.458783411419,
-6.99707328178749E-5));
#10480=CARTESIAN_POINT('Ctrl Pts',(-130.024882761652,-160.192726989899,
-8.97809380612513E-5));
#10481=CARTESIAN_POINT('Ctrl Pts',(-130.249457054941,-160.027404370533,
-0.000102090639147556));
#10482=CARTESIAN_POINT('Ctrl Pts',(-130.470906907682,-159.857734817831,
-0.000108871202728916));
#10483=CARTESIAN_POINT('Ctrl Pts',(-130.689083088177,-159.683766572787,
-0.000105688753748057));
#10484=CARTESIAN_POINT('Ctrl Pts',(-131.042018280552,-159.402344852541,
-0.000100540628775211));
#10485=CARTESIAN_POINT('Ctrl Pts',(-131.386388925416,-159.109675737935,
-6.96038965377843E-5));
#10486=CARTESIAN_POINT('Ctrl Pts',(-131.721768640313,-158.806241769401,
-3.11085397330692E-5));
#10487=CARTESIAN_POINT('Ctrl Pts',(-131.963527086079,-158.587511412832,
-3.35916427309639E-6));
#10488=CARTESIAN_POINT('Ctrl Pts',(-132.200612866734,-158.363186601744,
2.8435541187331E-5));
#10489=CARTESIAN_POINT('Ctrl Pts',(-132.432852716558,-158.133438307367,
5.92628062066995E-5));
#10490=CARTESIAN_POINT('Ctrl Pts',(-132.751207506642,-157.818498945824,
0.0001015208747143));
#10491=CARTESIAN_POINT('Ctrl Pts',(-133.059524071674,-157.494293545178,
0.000141469586343951));
#10492=CARTESIAN_POINT('Ctrl Pts',(-133.357495158232,-157.161401469601,
0.000170901098977385));
#10493=CARTESIAN_POINT('Ctrl Pts',(-133.658143801733,-156.825518038391,
0.000200597082073029));
#10494=CARTESIAN_POINT('Ctrl Pts',(-133.948260574304,-156.480790742102,
0.000219582661748281));
#10495=CARTESIAN_POINT('Ctrl Pts',(-134.227498458244,-156.127772341487,
0.000225061701393147));
#10496=CARTESIAN_POINT('Ctrl Pts',(-134.507955977535,-155.773212052232,
0.000230564671997331));
#10497=CARTESIAN_POINT('Ctrl Pts',(-134.777439732107,-155.410287661335,
0.000222443040516318));
#10498=CARTESIAN_POINT('Ctrl Pts',(-135.035561085024,-155.039522638843,
0.000203540196049574));
#10499=CARTESIAN_POINT('Ctrl Pts',(-135.29295776899,-154.669798529461,0.000184690420824593));
#10500=CARTESIAN_POINT('Ctrl Pts',(-135.539056081989,-154.292277305945,
0.000155125927828664));
#10501=CARTESIAN_POINT('Ctrl Pts',(-135.773428823737,-153.907448257217,
0.000123241546015729));
#10502=CARTESIAN_POINT('Ctrl Pts',(-136.005188972596,-153.526908963471,
9.17125848400672E-5));
#10503=CARTESIAN_POINT('Ctrl Pts',(-136.225483755407,-153.139223407393,
5.79276319263612E-5));
#10504=CARTESIAN_POINT('Ctrl Pts',(-136.433855008118,-152.744842254077,
3.53141007024271E-5));
#10505=CARTESIAN_POINT('Ctrl Pts',(-136.560161783694,-152.505783309165,
2.16066330162132E-5));
#10506=CARTESIAN_POINT('Ctrl Pts',(-136.682086575712,-152.264263778233,
1.21059778144665E-5));
#10507=CARTESIAN_POINT('Ctrl Pts',(-136.799518533959,-152.020380999952,
1.07421656450335E-5));
#10508=CARTESIAN_POINT('Ctrl Pts',(-136.947344293026,-151.713376353507,
9.0253708969428E-6));
#10509=CARTESIAN_POINT('Ctrl Pts',(-137.088051038372,-151.402626818766,
2.01660599188453E-5));
#10510=CARTESIAN_POINT('Ctrl Pts',(-137.221548420248,-151.088389012863,
3.67715998141616E-5));
#10511=CARTESIAN_POINT('Ctrl Pts',(-137.397679146886,-150.673797113657,
5.86802377730542E-5));
#10512=CARTESIAN_POINT('Ctrl Pts',(-137.560867248633,-150.254064138951,
9.02257057879071E-5));
#10513=CARTESIAN_POINT('Ctrl Pts',(-137.711035746296,-149.82983629539,0.000119314862363523));
#10514=CARTESIAN_POINT('Ctrl Pts',(-137.861783737281,-149.403971376107,
0.000148516272655458));
#10515=CARTESIAN_POINT('Ctrl Pts',(-137.99941159976,-148.97357631237,0.000175267363755137));
#10516=CARTESIAN_POINT('Ctrl Pts',(-138.123793033502,-148.53928508369,0.000192720901165289));
#10517=CARTESIAN_POINT('Ctrl Pts',(-138.248049306138,-148.105430868546,
0.000210156875632377));
#10518=CARTESIAN_POINT('Ctrl Pts',(-138.359085917414,-147.667687794392,
0.00021834256190391));
#10519=CARTESIAN_POINT('Ctrl Pts',(-138.456726704178,-147.226676164637,
0.000215408261268535));
#10520=CARTESIAN_POINT('Ctrl Pts',(-138.483156844363,-147.107299830382,
0.000214613982773774));
#10521=CARTESIAN_POINT('Ctrl Pts',(-138.508605159012,-146.987683962022,
0.000213031647814819));
#10522=CARTESIAN_POINT('Ctrl Pts',(-138.533067501706,-146.867840792418,
0.000210682546689878));
#10523=CARTESIAN_POINT('Ctrl Pts',(-138.62360655815,-146.424281987232,0.000201988146402682));
#10524=CARTESIAN_POINT('Ctrl Pts',(-138.700503231751,-145.978295644723,
0.00018255890724702));
#10525=CARTESIAN_POINT('Ctrl Pts',(-138.763640929447,-145.530520343139,
0.000156756596756069));
#10526=CARTESIAN_POINT('Ctrl Pts',(-138.826638675035,-145.083737587995,
0.000131011480110664));
#10527=CARTESIAN_POINT('Ctrl Pts',(-138.875938478155,-144.635173262716,
9.89516479346194E-5));
#10528=CARTESIAN_POINT('Ctrl Pts',(-138.911373807141,-144.18545249383,6.97202074529946E-5));
#10529=CARTESIAN_POINT('Ctrl Pts',(-138.946481397815,-143.739891153683,
4.07591260519589E-5));
#10530=CARTESIAN_POINT('Ctrl Pts',(-138.967979838214,-143.293194150061,
1.46076682240496E-5));
#10531=CARTESIAN_POINT('Ctrl Pts',(-138.97565630598,-142.845968157886,4.40443111660027E-6));
#10532=CARTESIAN_POINT('Ctrl Pts',(-138.977782137231,-142.722118619324,
1.5788658996849E-6));
#10533=CARTESIAN_POINT('Ctrl Pts',(-138.978847666209,-142.598228530559,
1.02767829197898E-16));
#10534=CARTESIAN_POINT('Ctrl Pts',(-138.978847666209,-142.474310839322,
1.11022302462516E-16));
#10535=CARTESIAN_POINT('',(-116.973253593067,-164.482014156111,80.));
#10536=CARTESIAN_POINT('Origin',(-116.990540522055,-142.491609210683,80.));
#10537=CARTESIAN_POINT('',(-116.973253593067,-164.482014156111,0.));
#10538=CARTESIAN_POINT('Origin',(116.973253593067,-164.482014156111,0.));
#10539=CARTESIAN_POINT('',(116.973253593067,-164.482014156111,0.));
#10540=CARTESIAN_POINT('',(-58.5,-164.482014156111,0.));
#10541=CARTESIAN_POINT('',(116.973253593067,-164.482014156111,80.));
#10542=CARTESIAN_POINT('',(116.973253593067,-164.482014156111,80.));
#10543=CARTESIAN_POINT('',(116.973253593067,-164.482014156111,0.));
#10544=CARTESIAN_POINT('Ctrl Pts',(116.973253593067,-164.482014156111,-3.47710657522456E-17));
#10545=CARTESIAN_POINT('Ctrl Pts',(126.086167507336,-164.482007318757,-3.47710657522456E-17));
#10546=CARTESIAN_POINT('Ctrl Pts',(132.532506201349,-158.035050740996,-3.47710657522456E-17));
#10547=CARTESIAN_POINT('Ctrl Pts',(138.978844895362,-151.588094163235,-3.47710657522456E-17));
#10548=CARTESIAN_POINT('Ctrl Pts',(138.978847666209,-142.474310839323,-3.47710657522456E-17));
#10549=CARTESIAN_POINT('Ctrl Pts',(116.973253593067,-164.482014156111,80.));
#10550=CARTESIAN_POINT('Ctrl Pts',(126.086167507336,-164.482007318757,80.));
#10551=CARTESIAN_POINT('Ctrl Pts',(132.532506201349,-158.035050740996,80.));
#10552=CARTESIAN_POINT('Ctrl Pts',(138.978844895362,-151.588094163235,80.));
#10553=CARTESIAN_POINT('Ctrl Pts',(138.978847666209,-142.474310839323,80.));
#10554=CARTESIAN_POINT('',(138.978847666209,-142.474310839323,0.));
#10555=CARTESIAN_POINT('Ctrl Pts',(138.978847666209,-142.474310839323,-1.11022302462516E-16));
#10556=CARTESIAN_POINT('Ctrl Pts',(138.978847666209,-142.917455215524,-1.45461538740934E-16));
#10557=CARTESIAN_POINT('Ctrl Pts',(138.965171393437,-143.359884043546,2.74726775193666E-5));
#10558=CARTESIAN_POINT('Ctrl Pts',(138.938115378258,-143.801026321821,6.63898852728551E-5));
#10559=CARTESIAN_POINT('Ctrl Pts',(138.910729511962,-144.247546748791,0.000105781548866181));
#10560=CARTESIAN_POINT('Ctrl Pts',(138.869635636531,-144.692749537801,0.000156867663756948));
#10561=CARTESIAN_POINT('Ctrl Pts',(138.81508817732,-145.136050045494,0.000206819150497251));
#10562=CARTESIAN_POINT('Ctrl Pts',(138.760075767139,-145.583129152658,0.000257196413112144));
#10563=CARTESIAN_POINT('Ctrl Pts',(138.691379372184,-146.02827391774,0.000306388814488533));
#10564=CARTESIAN_POINT('Ctrl Pts',(138.609207231345,-146.470884761963,0.000345534697606564));
#10565=CARTESIAN_POINT('Ctrl Pts',(138.526698038976,-146.915311095726,0.00038484114828026));
#10566=CARTESIAN_POINT('Ctrl Pts',(138.430602217805,-147.357183203342,0.00041398923692045));
#10567=CARTESIAN_POINT('Ctrl Pts',(138.321079038634,-147.795886455621,0.0004287718152714));
#10568=CARTESIAN_POINT('Ctrl Pts',(138.211841996115,-148.233443566232,0.000443515773144981));
#10569=CARTESIAN_POINT('Ctrl Pts',(138.089247507886,-148.667848870433,0.000443944733479056));
#10570=CARTESIAN_POINT('Ctrl Pts',(137.953404491018,-149.098477195132,0.000431008405251065));
#10571=CARTESIAN_POINT('Ctrl Pts',(137.818910609002,-149.524828703144,0.000418200555112579));
#10572=CARTESIAN_POINT('Ctrl Pts',(137.671429850105,-149.947478349291,0.000392273934533815));
#10573=CARTESIAN_POINT('Ctrl Pts',(137.51102244315,-150.365797086049,0.000359482551162416));
#10574=CARTESIAN_POINT('Ctrl Pts',(137.451525812487,-150.520955478376,0.000347319915643121));
#10575=CARTESIAN_POINT('Ctrl Pts',(137.390250374837,-150.675517793175,0.000334267335563666));
#10576=CARTESIAN_POINT('Ctrl Pts',(137.327197671728,-150.829450941483,0.000320840844117848));
#10577=CARTESIAN_POINT('Ctrl Pts',(137.162506693489,-151.231517776494,0.000285771419629066));
#10578=CARTESIAN_POINT('Ctrl Pts',(136.986162586518,-151.62814776509,0.000247296892370626));
#10579=CARTESIAN_POINT('Ctrl Pts',(136.798366493849,-152.018826614102,0.000217599385173683));
#10580=CARTESIAN_POINT('Ctrl Pts',(136.603588378112,-152.424030412475,0.000186797761925314));
#10581=CARTESIAN_POINT('Ctrl Pts',(136.396491231403,-152.822832922807,0.000165368613281299));
#10582=CARTESIAN_POINT('Ctrl Pts',(136.177485723369,-153.214706373067,0.000148323517193058));
#10583=CARTESIAN_POINT('Ctrl Pts',(135.957667796585,-153.608033509776,0.000131215190933999));
#10584=CARTESIAN_POINT('Ctrl Pts',(135.72585272819,-153.994380566214,0.000118510267276162));
#10585=CARTESIAN_POINT('Ctrl Pts',(135.482407208,-154.373194192824,0.000110558656931117));
#10586=CARTESIAN_POINT('Ctrl Pts',(135.239442644725,-154.75125942598,0.0001026227559817));
#10587=CARTESIAN_POINT('Ctrl Pts',(134.984893236598,-155.121821429645,9.94125475017554E-5));
#10588=CARTESIAN_POINT('Ctrl Pts',(134.719079552447,-155.484303492638,0.000106796655447595));
#10589=CARTESIAN_POINT('Ctrl Pts',(134.542798071296,-155.72469320455,0.000111693624878773));
#10590=CARTESIAN_POINT('Ctrl Pts',(134.361561627818,-155.961528772907,0.000121363415490236));
#10591=CARTESIAN_POINT('Ctrl Pts',(134.175454002426,-156.1946339895,0.000138891455243623));
#10592=CARTESIAN_POINT('Ctrl Pts',(133.893745518382,-156.547482063568,0.00016542340145908));
#10593=CARTESIAN_POINT('Ctrl Pts',(133.600877336325,-156.891784927102,0.000209707907209087));
#10594=CARTESIAN_POINT('Ctrl Pts',(133.297314823684,-157.227112537412,0.000254992645459497));
#10595=CARTESIAN_POINT('Ctrl Pts',(133.079486831275,-157.467734277949,0.000287487710591406));
#10596=CARTESIAN_POINT('Ctrl Pts',(132.856151462561,-157.703733811763,0.000320615182674405));
#10597=CARTESIAN_POINT('Ctrl Pts',(132.627471110089,-157.934938840206,0.000349936863186358));
#10598=CARTESIAN_POINT('Ctrl Pts',(132.311854554305,-158.25403986471,0.000390405612307112));
#10599=CARTESIAN_POINT('Ctrl Pts',(131.986985789895,-158.563071652658,0.000423383075149069));
#10600=CARTESIAN_POINT('Ctrl Pts',(131.653431143215,-158.861720800586,0.00044202908956122));
#10601=CARTESIAN_POINT('Ctrl Pts',(131.31714701383,-159.162813798996,0.00046082768459051));
#10602=CARTESIAN_POINT('Ctrl Pts',(130.972033896825,-159.453353912417,0.00046506259130709));
#10603=CARTESIAN_POINT('Ctrl Pts',(130.618630093654,-159.732988319536,0.000453453355486369));
#10604=CARTESIAN_POINT('Ctrl Pts',(130.264118952438,-160.013498919315,0.000441807743858742));
#10605=CARTESIAN_POINT('Ctrl Pts',(129.901264678742,-160.283035722944,0.000414225958309118));
#10606=CARTESIAN_POINT('Ctrl Pts',(129.530574452384,-160.541205363776,0.000375069207074766));
#10607=CARTESIAN_POINT('Ctrl Pts',(129.161143312279,-160.798498105725,0.000336045455643663));
#10608=CARTESIAN_POINT('Ctrl Pts',(128.783928924018,-161.044501092657,0.000285537759318761));
#10609=CARTESIAN_POINT('Ctrl Pts',(128.399403813835,-161.278783017881,0.000233311099693295));
#10610=CARTESIAN_POINT('Ctrl Pts',(128.019404235377,-161.51030764519,0.000181699103190536));
#10611=CARTESIAN_POINT('Ctrl Pts',(127.632264562563,-161.730385726245,0.000128426712683465));
#10612=CARTESIAN_POINT('Ctrl Pts',(127.238418542272,-161.9385558851,8.80073414358529E-5));
#10613=CARTESIAN_POINT('Ctrl Pts',(126.999528028993,-162.064823191448,6.34906424054982E-5));
#10614=CARTESIAN_POINT('Ctrl Pts',(126.758169761331,-162.186708530328,4.38001945443404E-5));
#10615=CARTESIAN_POINT('Ctrl Pts',(126.514437490954,-162.304100109137,3.30631035575235E-5));
#10616=CARTESIAN_POINT('Ctrl Pts',(126.209013956364,-162.451204761613,1.96083391337065E-5));
#10617=CARTESIAN_POINT('Ctrl Pts',(125.899862530654,-162.591253365242,2.01830544820474E-5));
#10618=CARTESIAN_POINT('Ctrl Pts',(125.587238593513,-162.724157326603,2.75792209704084E-5));
#10619=CARTESIAN_POINT('Ctrl Pts',(125.172762522379,-162.900361081974,3.7385040881617E-5));
#10620=CARTESIAN_POINT('Ctrl Pts',(124.753114325905,-163.063612640063,5.9462740699869E-5));
#10621=CARTESIAN_POINT('Ctrl Pts',(124.328946768381,-163.213836329695,8.17604173799502E-5));
#10622=CARTESIAN_POINT('Ctrl Pts',(123.903118807723,-163.364648069688,0.000104145378274934));
#10623=CARTESIAN_POINT('Ctrl Pts',(123.472735515068,-163.502329899917,0.000126783433867087));
#10624=CARTESIAN_POINT('Ctrl Pts',(123.038437661782,-163.626756774509,0.000142600335714616));
#10625=CARTESIAN_POINT('Ctrl Pts',(122.604564467184,-163.751061983859,0.000158401771713695));
#10626=CARTESIAN_POINT('Ctrl Pts',(122.166783830012,-163.862138267994,0.000167430226155621));
#10627=CARTESIAN_POINT('Ctrl Pts',(121.725722959343,-163.959810649694,0.000167228663279728));
#10628=CARTESIAN_POINT('Ctrl Pts',(121.606296966788,-163.986257387333,0.000167174086126966));
#10629=CARTESIAN_POINT('Ctrl Pts',(121.486630438712,-164.011721109307,0.000166467195405426));
#10630=CARTESIAN_POINT('Ctrl Pts',(121.366735757589,-164.036197688294,0.000165112158603375));
#10631=CARTESIAN_POINT('Ctrl Pts',(120.923090310098,-164.126768201816,0.000160098125430471));
#10632=CARTESIAN_POINT('Ctrl Pts',(120.477008434048,-164.203686346137,0.00014602887901443));
#10633=CARTESIAN_POINT('Ctrl Pts',(120.029136084617,-164.266836901105,0.00012615135176075));
#10634=CARTESIAN_POINT('Ctrl Pts',(119.582238587777,-164.329850000652,0.000106317090538035));
#10635=CARTESIAN_POINT('Ctrl Pts',(119.133557867942,-164.379155483496,8.07360801349279E-5));
#10636=CARTESIAN_POINT('Ctrl Pts',(118.683726494551,-164.414588121367,5.70588220772938E-5));
#10637=CARTESIAN_POINT('Ctrl Pts',(118.238056667323,-164.449692959607,3.36006105518275E-5));
#10638=CARTESIAN_POINT('Ctrl Pts',(117.791256863243,-164.471180497103,1.20498408559704E-5));
#10639=CARTESIAN_POINT('Ctrl Pts',(117.343941063828,-164.478839143286,3.62904842843292E-6));
#10640=CARTESIAN_POINT('Ctrl Pts',(117.220413574057,-164.480954099519,1.30362341143929E-6));
#10641=CARTESIAN_POINT('Ctrl Pts',(117.096846752327,-164.482014156111,-5.55111512312578E-16));
#10642=CARTESIAN_POINT('Ctrl Pts',(116.973253593067,-164.482014156111,-5.55111512312578E-16));
#10643=CARTESIAN_POINT('',(138.978847666209,-142.474310839323,80.));
#10644=CARTESIAN_POINT('Origin',(116.990540363753,-142.491609070566,80.));
#10645=CARTESIAN_POINT('',(138.978847666209,-142.474310839323,0.));
#10646=CARTESIAN_POINT('Origin',(138.978847666209,-97.9763196492754,0.));
#10647=CARTESIAN_POINT('',(138.978847666209,-97.9763196492754,-3.46944695195361E-17));
#10648=CARTESIAN_POINT('',(138.978847666209,-71.25,-1.11022302462516E-15));
#10649=CARTESIAN_POINT('',(138.978847666209,-97.9763196492754,80.));
#10650=CARTESIAN_POINT('',(138.978847666209,-97.9763196492754,80.));
#10651=CARTESIAN_POINT('',(138.978847666209,-97.9763196492754,0.));
#10652=CARTESIAN_POINT('Ctrl Pts',(138.978847666209,-97.9763196492754,-8.97845086935172E-16));
#10653=CARTESIAN_POINT('Ctrl Pts',(138.978847825016,-95.8877357410845,-8.97845086935172E-16));
#10654=CARTESIAN_POINT('Ctrl Pts',(137.837728683869,-94.1407404195154,-8.97845086935172E-16));
#10655=CARTESIAN_POINT('Ctrl Pts',(138.978847666209,-97.9763196492754,80.));
#10656=CARTESIAN_POINT('Ctrl Pts',(138.978847825016,-95.8877357410845,80.));
#10657=CARTESIAN_POINT('Ctrl Pts',(137.837728683869,-94.1407404195154,80.));
#10658=CARTESIAN_POINT('',(137.837728683869,-94.1407404195154,-1.73472347597681E-17));
#10659=CARTESIAN_POINT('Ctrl Pts',(137.837728683869,-94.1407404195153,6.93889390390723E-18));
#10660=CARTESIAN_POINT('Ctrl Pts',(137.940030124669,-94.2973586891991,1.74668194296795E-18));
#10661=CARTESIAN_POINT('Ctrl Pts',(138.035709958349,-94.4579312276448,-9.01593998372793E-6));
#10662=CARTESIAN_POINT('Ctrl Pts',(138.124723292481,-94.6219824711999,-2.04842408058001E-5));
#10663=CARTESIAN_POINT('Ctrl Pts',(138.214690295968,-94.787791323827,-3.20754104896294E-5));
#10664=CARTESIAN_POINT('Ctrl Pts',(138.297847453962,-94.9571544301465,-4.61594156139819E-5));
#10665=CARTESIAN_POINT('Ctrl Pts',(138.374105017337,-95.1296124083045,-5.81041161365273E-5));
#10666=CARTESIAN_POINT('Ctrl Pts',(138.450753933172,-95.3029554377434,-7.01101166500022E-5));
#10667=CARTESIAN_POINT('Ctrl Pts',(138.520432503761,-95.4794258444049,-7.99433608419163E-5));
#10668=CARTESIAN_POINT('Ctrl Pts',(138.583002150948,-95.6585792996845,-8.52321355514392E-5));
#10669=CARTESIAN_POINT('Ctrl Pts',(138.619500980094,-95.7630851048033,-8.83172429988404E-5));
#10670=CARTESIAN_POINT('Ctrl Pts',(138.653579912985,-95.8685042487046,-8.99004125375171E-5));
#10671=CARTESIAN_POINT('Ctrl Pts',(138.685203525676,-95.974750625746,-8.98984771211045E-5));
#10672=CARTESIAN_POINT('Ctrl Pts',(138.739262778616,-96.156374396134,-8.98951686071053E-5));
#10673=CARTESIAN_POINT('Ctrl Pts',(138.785993914778,-96.3398913314642,-8.53185187954395E-5));
#10674=CARTESIAN_POINT('Ctrl Pts',(138.825306864576,-96.5248491949582,-7.69108536981377E-5));
#10675=CARTESIAN_POINT('Ctrl Pts',(138.86459247096,-96.709678414339,-6.85090364009762E-5));
#10676=CARTESIAN_POINT('Ctrl Pts',(138.896470397478,-96.8959472410535,-5.62729106502297E-5));
#10677=CARTESIAN_POINT('Ctrl Pts',(138.920801564787,-97.0832208562433,-4.33553075247523E-5));
#10678=CARTESIAN_POINT('Ctrl Pts',(138.944821425438,-97.2680983873353,-3.06029794883335E-5));
#10679=CARTESIAN_POINT('Ctrl Pts',(138.961486499593,-97.4539558179802,-1.7182618054805E-5));
#10680=CARTESIAN_POINT('Ctrl Pts',(138.970613061726,-97.6403808773349,-8.5643290498674E-6));
#10681=CARTESIAN_POINT('Ctrl Pts',(138.97608655608,-97.7521860121487,-3.39566252296994E-6));
#10682=CARTESIAN_POINT('Ctrl Pts',(138.978847642104,-97.8641953824323,-1.25655584556282E-9));
#10683=CARTESIAN_POINT('Ctrl Pts',(138.978847666209,-97.9763196492754,1.38777878078145E-17));
#10684=CARTESIAN_POINT('',(137.837728683869,-94.1407404195154,80.));
#10685=CARTESIAN_POINT('Origin',(131.999267430788,-97.9770396396105,80.));
#10686=CARTESIAN_POINT('',(137.837728683869,-94.1407404195154,0.));
#10687=CARTESIAN_POINT('Ctrl Pts',(116.59956978393,-61.624956576967,0.));
#10688=CARTESIAN_POINT('Ctrl Pts',(116.59956978393,-61.624956576967,80.));
#10689=CARTESIAN_POINT('Ctrl Pts',(117.007492422257,-62.24944164615,0.));
#10690=CARTESIAN_POINT('Ctrl Pts',(117.007492422257,-62.24944164615,80.));
#10691=CARTESIAN_POINT('Ctrl Pts',(118.859195283866,-65.0843557910816,-1.05111338541318E-16));
#10692=CARTESIAN_POINT('Ctrl Pts',(118.859195283866,-65.0843557910816,80.));
#10693=CARTESIAN_POINT('Ctrl Pts',(123.791467977841,-72.6355891203594,-1.01526686714726E-16));
#10694=CARTESIAN_POINT('Ctrl Pts',(123.791467977841,-72.6355891203594,80.));
#10695=CARTESIAN_POINT('Ctrl Pts',(127.401622592544,-78.1627627581242,1.36535376688027E-16));
#10696=CARTESIAN_POINT('Ctrl Pts',(127.401622592544,-78.1627627581242,80.));
#10697=CARTESIAN_POINT('Ctrl Pts',(132.651766038384,-86.2008660158074,1.39709726028729E-16));
#10698=CARTESIAN_POINT('Ctrl Pts',(132.651766038384,-86.2008660158074,80.));
#10699=CARTESIAN_POINT('Ctrl Pts',(134.192969095645,-88.5604998581345,6.86969583774209E-17));
#10700=CARTESIAN_POINT('Ctrl Pts',(134.192969095645,-88.5604998581345,80.));
#10701=CARTESIAN_POINT('Ctrl Pts',(136.008760039374,-91.3405409271902,6.95122263286578E-17));
#10702=CARTESIAN_POINT('Ctrl Pts',(136.008760039374,-91.3405409271902,80.));
#10703=CARTESIAN_POINT('Ctrl Pts',(136.283349431172,-91.7609471707162,0.));
#10704=CARTESIAN_POINT('Ctrl Pts',(136.283349431172,-91.7609471707162,80.));
#10705=CARTESIAN_POINT('Ctrl Pts',(136.777447433655,-92.5174282707777,0.));
#10706=CARTESIAN_POINT('Ctrl Pts',(136.777447433655,-92.5174282707777,80.));
#10707=CARTESIAN_POINT('Ctrl Pts',(137.183753892554,-93.1394971944408,-3.46944695195361E-17));
#10708=CARTESIAN_POINT('Ctrl Pts',(137.183753892554,-93.1394971944408,80.));
#10709=CARTESIAN_POINT('Ctrl Pts',(137.533080437758,-93.6743239569723,-3.46944695195361E-17));
#10710=CARTESIAN_POINT('Ctrl Pts',(137.533080437758,-93.6743239569723,80.));
#10711=CARTESIAN_POINT('Ctrl Pts',(137.638437465592,-93.8356275422115,3.46637373880848E-17));
#10712=CARTESIAN_POINT('Ctrl Pts',(137.638437465592,-93.8356275422115,80.));
#10713=CARTESIAN_POINT('Ctrl Pts',(137.758880989766,-94.0200266259618,3.47078643263617E-17));
#10714=CARTESIAN_POINT('Ctrl Pts',(137.758880989766,-94.0200266259618,80.));
#10715=CARTESIAN_POINT('Ctrl Pts',(137.806505794766,-94.092939774408,-6.37523446654733E-21));
#10716=CARTESIAN_POINT('Ctrl Pts',(137.806505794766,-94.092939774408,80.));
#10717=CARTESIAN_POINT('Ctrl Pts',(137.837728683869,-94.1407404195155,0.));
#10718=CARTESIAN_POINT('Ctrl Pts',(137.837728683869,-94.1407404195155,80.));
#10719=CARTESIAN_POINT('',(116.59956978393,-61.624956576967,1.73472347597681E-17));
#10720=CARTESIAN_POINT('Ctrl Pts',(116.59956978393,-61.624956576967,0.));
#10721=CARTESIAN_POINT('Ctrl Pts',(117.007492422257,-62.24944164615,0.));
#10722=CARTESIAN_POINT('Ctrl Pts',(118.859195283866,-65.0843557910816,-1.05111338541318E-16));
#10723=CARTESIAN_POINT('Ctrl Pts',(123.791467977841,-72.6355891203594,-1.01526686714726E-16));
#10724=CARTESIAN_POINT('Ctrl Pts',(127.401622592544,-78.1627627581242,1.36535376688027E-16));
#10725=CARTESIAN_POINT('Ctrl Pts',(132.651766038384,-86.2008660158074,1.39709726028729E-16));
#10726=CARTESIAN_POINT('Ctrl Pts',(134.192969095645,-88.5604998581345,6.86969583774209E-17));
#10727=CARTESIAN_POINT('Ctrl Pts',(136.008760039374,-91.3405409271902,6.95122263286578E-17));
#10728=CARTESIAN_POINT('Ctrl Pts',(136.283349431172,-91.7609471707162,0.));
#10729=CARTESIAN_POINT('Ctrl Pts',(136.777447433655,-92.5174282707777,0.));
#10730=CARTESIAN_POINT('Ctrl Pts',(137.183753892554,-93.1394971944408,-3.46944695195361E-17));
#10731=CARTESIAN_POINT('Ctrl Pts',(137.533080437758,-93.6743239569723,-3.46944695195361E-17));
#10732=CARTESIAN_POINT('Ctrl Pts',(137.638437465592,-93.8356275422115,3.46637373880848E-17));
#10733=CARTESIAN_POINT('Ctrl Pts',(137.758880989766,-94.0200266259618,3.47078643263617E-17));
#10734=CARTESIAN_POINT('Ctrl Pts',(137.806505794766,-94.092939774408,-6.37523446654733E-21));
#10735=CARTESIAN_POINT('Ctrl Pts',(137.837728683869,-94.1407404195155,0.));
#10736=CARTESIAN_POINT('',(116.59956978393,-61.624956576967,80.));
#10737=CARTESIAN_POINT('Ctrl Pts',(116.59956978393,-61.624956576967,80.));
#10738=CARTESIAN_POINT('Ctrl Pts',(117.007492422257,-62.24944164615,80.));
#10739=CARTESIAN_POINT('Ctrl Pts',(118.859195283866,-65.0843557910816,80.));
#10740=CARTESIAN_POINT('Ctrl Pts',(123.791467977841,-72.6355891203594,80.));
#10741=CARTESIAN_POINT('Ctrl Pts',(127.401622592544,-78.1627627581242,80.));
#10742=CARTESIAN_POINT('Ctrl Pts',(132.651766038384,-86.2008660158074,80.));
#10743=CARTESIAN_POINT('Ctrl Pts',(134.192969095645,-88.5604998581345,80.));
#10744=CARTESIAN_POINT('Ctrl Pts',(136.008760039374,-91.3405409271902,80.));
#10745=CARTESIAN_POINT('Ctrl Pts',(136.283349431172,-91.7609471707162,80.));
#10746=CARTESIAN_POINT('Ctrl Pts',(136.777447433655,-92.5174282707777,80.));
#10747=CARTESIAN_POINT('Ctrl Pts',(137.183753892554,-93.1394971944408,80.));
#10748=CARTESIAN_POINT('Ctrl Pts',(137.533080437758,-93.6743239569723,80.));
#10749=CARTESIAN_POINT('Ctrl Pts',(137.638437465592,-93.8356275422115,80.));
#10750=CARTESIAN_POINT('Ctrl Pts',(137.758880989766,-94.0200266259618,80.));
#10751=CARTESIAN_POINT('Ctrl Pts',(137.806505794766,-94.092939774408,80.));
#10752=CARTESIAN_POINT('Ctrl Pts',(137.837728683869,-94.1407404195155,80.));
#10753=CARTESIAN_POINT('',(116.59956978393,-61.624956576967,0.));
#10754=CARTESIAN_POINT('Ctrl Pts',(114.484364139126,-54.5207319107898,-1.33485777849235E-15));
#10755=CARTESIAN_POINT('Ctrl Pts',(114.484364240591,-58.3868077973915,-1.33485777849235E-15));
#10756=CARTESIAN_POINT('Ctrl Pts',(116.59956978393,-61.6249565769669,-1.33485777849235E-15));
#10757=CARTESIAN_POINT('Ctrl Pts',(114.484364139126,-54.5207319107898,80.));
#10758=CARTESIAN_POINT('Ctrl Pts',(114.484364240591,-58.3868077973915,80.));
#10759=CARTESIAN_POINT('Ctrl Pts',(116.59956978393,-61.6249565769669,80.));
#10760=CARTESIAN_POINT('',(114.484364139126,-54.5207319107898,0.));
#10761=CARTESIAN_POINT('Ctrl Pts',(114.484364139126,-54.5207319107898,-6.93889390390723E-18));
#10762=CARTESIAN_POINT('Ctrl Pts',(114.484364209684,-54.8208433678542,-1.70205586840502E-9));
#10763=CARTESIAN_POINT('Ctrl Pts',(114.495041158302,-55.1205122044751,-6.10213279529813E-6));
#10764=CARTESIAN_POINT('Ctrl Pts',(114.516139117082,-55.4192349155805,-1.4289904327211E-5));
#10765=CARTESIAN_POINT('Ctrl Pts',(114.537588998755,-55.7229404480924,-2.2614251357886E-5));
#10766=CARTESIAN_POINT('Ctrl Pts',(114.569810474292,-56.0256685847875,-3.30974486605759E-5));
#10767=CARTESIAN_POINT('Ctrl Pts',(114.612588228681,-56.3268925580444,-4.27912013543502E-5));
#10768=CARTESIAN_POINT('Ctrl Pts',(114.65555579102,-56.6294530835796,-5.25279659210121E-5));
#10769=CARTESIAN_POINT('Ctrl Pts',(114.70917365231,-56.9304966568337,-6.14720439480049E-5));
#10770=CARTESIAN_POINT('Ctrl Pts',(114.773275810813,-57.2294831388132,-6.78613899095723E-5));
#10771=CARTESIAN_POINT('Ctrl Pts',(114.837269164033,-57.5279621291661,-7.42398907668602E-5));
#10772=CARTESIAN_POINT('Ctrl Pts',(114.911711429992,-57.8243915892255,-7.80771021142184E-5));
#10773=CARTESIAN_POINT('Ctrl Pts',(114.996486936576,-58.1182190478718,-7.87726848791442E-5));
#10774=CARTESIAN_POINT('Ctrl Pts',(115.010199457006,-58.1657459243471,-7.88851960661494E-5));
#10775=CARTESIAN_POINT('Ctrl Pts',(115.024182431874,-58.213204680687,-7.89178748096147E-5));
#10776=CARTESIAN_POINT('Ctrl Pts',(115.0384354888,-58.2605929255712,-7.88708910313268E-5));
#10777=CARTESIAN_POINT('Ctrl Pts',(115.127934005501,-58.5581555921757,-7.85758681118565E-5));
#10778=CARTESIAN_POINT('Ctrl Pts',(115.227842306001,-58.8521581517621,-7.50085073213634E-5));
#10779=CARTESIAN_POINT('Ctrl Pts',(115.337934763629,-59.1420541169602,-6.87453239837515E-5));
#10780=CARTESIAN_POINT('Ctrl Pts',(115.44632501563,-59.4274678264793,-6.25789794864618E-5));
#10781=CARTESIAN_POINT('Ctrl Pts',(115.564587255552,-59.7089015156386,-5.38077391166083E-5));
#10782=CARTESIAN_POINT('Ctrl Pts',(115.692557290523,-59.985821604277,-4.41764403804439E-5));
#10783=CARTESIAN_POINT('Ctrl Pts',(115.823541867526,-60.269264995398,-3.43182607586551E-5));
#10784=CARTESIAN_POINT('Ctrl Pts',(115.964696981018,-60.5479803528104,-2.3559502774624E-5));
#10785=CARTESIAN_POINT('Ctrl Pts',(116.115898651857,-60.8213728941553,-1.49777609575689E-5));
#10786=CARTESIAN_POINT('Ctrl Pts',(116.267100322696,-61.0947654355001,-6.39601914051373E-6));
#10787=CARTESIAN_POINT('Ctrl Pts',(116.428348735388,-61.3628358253325,3.66500823143407E-9));
#10788=CARTESIAN_POINT('Ctrl Pts',(116.59956978393,-61.6249565769669,1.82692575537399E-15));
#10789=CARTESIAN_POINT('',(114.484364139126,-54.5207319107898,80.));
#10790=CARTESIAN_POINT('Origin',(127.500346708536,-54.5228388162221,80.));
#10791=CARTESIAN_POINT('',(114.484364139126,-54.5207319107898,0.));
#10792=CARTESIAN_POINT('Origin',(114.484364139126,54.5207319107898,0.));
#10793=CARTESIAN_POINT('',(114.484364139126,54.5207319107898,1.73472347597681E-17));
#10794=CARTESIAN_POINT('',(114.484364139126,-27.2614341206428,0.));
#10795=CARTESIAN_POINT('',(114.484364139126,54.5207319107898,80.));
#10796=CARTESIAN_POINT('',(114.484364139126,54.5207319107898,80.));
#10797=CARTESIAN_POINT('',(114.484364139126,54.5207319107898,0.));
#10798=CARTESIAN_POINT('Ctrl Pts',(116.599569783929,61.6249565769672,-3.2445847136411E-16));
#10799=CARTESIAN_POINT('Ctrl Pts',(114.48436424059,58.3868077973916,-3.2445847136411E-16));
#10800=CARTESIAN_POINT('Ctrl Pts',(114.484364139126,54.5207319107898,-3.2445847136411E-16));
#10801=CARTESIAN_POINT('Ctrl Pts',(116.599569783929,61.6249565769672,80.));
#10802=CARTESIAN_POINT('Ctrl Pts',(114.48436424059,58.3868077973916,80.));
#10803=CARTESIAN_POINT('Ctrl Pts',(114.484364139126,54.5207319107898,80.));
#10804=CARTESIAN_POINT('',(116.599569783929,61.6249565769671,-1.73472347597681E-17));
#10805=CARTESIAN_POINT('Ctrl Pts',(116.599569783929,61.6249565769672,-8.32667268468867E-16));
#10806=CARTESIAN_POINT('Ctrl Pts',(116.429662284785,61.3648467262014,3.63688788347723E-9));
#10807=CARTESIAN_POINT('Ctrl Pts',(116.269575056237,61.0988781281493,-6.29960008610426E-6));
#10808=CARTESIAN_POINT('Ctrl Pts',(116.119380329026,60.8276640760399,-1.47806556968361E-5));
#10809=CARTESIAN_POINT('Ctrl Pts',(115.971907120399,60.5613644047272,-2.31080351373778E-5));
#10810=CARTESIAN_POINT('Ctrl Pts',(115.833971131183,60.2900069598155,-3.35336731892189E-5));
#10811=CARTESIAN_POINT('Ctrl Pts',(115.705686067163,60.0141424308401,-4.31883133538979E-5));
#10812=CARTESIAN_POINT('Ctrl Pts',(115.573849881664,59.7306415611755,-5.31102083258662E-5));
#10813=CARTESIAN_POINT('Ctrl Pts',(115.452205897647,59.4423800951894,-6.22072978565679E-5));
#10814=CARTESIAN_POINT('Ctrl Pts',(115.340929738306,59.1499328791227,-6.85744454050063E-5));
#10815=CARTESIAN_POINT('Ctrl Pts',(115.229653578966,58.8574856630561,-7.49415929534448E-5));
#10816=CARTESIAN_POINT('Ctrl Pts',(115.128745035624,58.5608520360554,-7.85731903605985E-5));
#10817=CARTESIAN_POINT('Ctrl Pts',(115.038435666257,58.2605935155778,-7.88708904462532E-5));
#10818=CARTESIAN_POINT('Ctrl Pts',(114.947198121142,57.9572490176526,-7.91716502144585E-5));
#10819=CARTESIAN_POINT('Ctrl Pts',(114.867023040544,57.6510172497297,-7.61050598660824E-5));
#10820=CARTESIAN_POINT('Ctrl Pts',(114.798031143862,57.3425147085317,-7.01595169674257E-5));
#10821=CARTESIAN_POINT('Ctrl Pts',(114.731332465994,57.0442664706034,-6.44115977244759E-5));
#10822=CARTESIAN_POINT('Ctrl Pts',(114.675086009725,56.7438951905236,-5.59749542999987E-5));
#10823=CARTESIAN_POINT('Ctrl Pts',(114.629451006702,56.4419412920144,-4.64578273261596E-5));
#10824=CARTESIAN_POINT('Ctrl Pts',(114.584068057215,56.1416551604148,-3.69932658251271E-5));
#10825=CARTESIAN_POINT('Ctrl Pts',(114.549179543682,55.8398032627698,-2.6456652776585E-5));
#10826=CARTESIAN_POINT('Ctrl Pts',(114.524992909735,55.5369098169055,-1.76223742270531E-5));
#10827=CARTESIAN_POINT('Ctrl Pts',(114.501144879593,55.2382567656914,-8.91177226415851E-6));
#10828=CARTESIAN_POINT('Ctrl Pts',(114.487701132246,54.9385905836759,-1.85444425125426E-6));
#10829=CARTESIAN_POINT('Ctrl Pts',(114.484911234425,54.6384149732449,-3.0841302320087E-7));
#10830=CARTESIAN_POINT('Ctrl Pts',(114.484546720951,54.5991955962356,-1.06416660091634E-7));
#10831=CARTESIAN_POINT('Ctrl Pts',(114.48436414835,54.5599675312705,-2.22521325995402E-10));
#10832=CARTESIAN_POINT('Ctrl Pts',(114.484364139126,54.5207319107898,6.24500451351651E-17));
#10833=CARTESIAN_POINT('',(116.599569783929,61.6249565769671,80.));
#10834=CARTESIAN_POINT('Origin',(127.500346708559,54.5228388162169,80.));
#10835=CARTESIAN_POINT('',(116.599569783929,61.6249565769671,0.));
#10836=CARTESIAN_POINT('Ctrl Pts',(137.837728683869,94.1407404195155,0.));
#10837=CARTESIAN_POINT('Ctrl Pts',(137.837728683869,94.1407404195155,80.));
#10838=CARTESIAN_POINT('Ctrl Pts',(137.536102576279,93.6789662871819,0.));
#10839=CARTESIAN_POINT('Ctrl Pts',(137.536102576279,93.6789662871819,80.));
#10840=CARTESIAN_POINT('Ctrl Pts',(136.259172735523,91.7239296250464,-2.08859448304033E-16));
#10841=CARTESIAN_POINT('Ctrl Pts',(136.259172735523,91.7239296250464,80.));
#10842=CARTESIAN_POINT('Ctrl Pts',(130.298763041086,82.5983377642802,-2.06642096145966E-16));
#10843=CARTESIAN_POINT('Ctrl Pts',(130.298763041086,82.5983377642802,80.));
#10844=CARTESIAN_POINT('Ctrl Pts',(127.207480039796,77.8655263050653,-2.09243315829567E-16));
#10845=CARTESIAN_POINT('Ctrl Pts',(127.207480039796,77.8655263050653,80.));
#10846=CARTESIAN_POINT('Ctrl Pts',(120.366795560749,67.3924469114458,-2.07195062138855E-16));
#10847=CARTESIAN_POINT('Ctrl Pts',(120.366795560749,67.3924469114458,80.));
#10848=CARTESIAN_POINT('Ctrl Pts',(117.207724508461,62.5559751318104,0.));
#10849=CARTESIAN_POINT('Ctrl Pts',(117.207724508461,62.5559751318104,80.));
#10850=CARTESIAN_POINT('Ctrl Pts',(116.59956978393,61.624956576967,0.));
#10851=CARTESIAN_POINT('Ctrl Pts',(116.59956978393,61.624956576967,80.));
#10852=CARTESIAN_POINT('',(137.837728683869,94.1407404195155,-1.73472347597681E-17));
#10853=CARTESIAN_POINT('Ctrl Pts',(137.837728683869,94.1407404195155,0.));
#10854=CARTESIAN_POINT('Ctrl Pts',(137.536102576279,93.6789662871819,0.));
#10855=CARTESIAN_POINT('Ctrl Pts',(136.259172735523,91.7239296250464,-2.08859448304033E-16));
#10856=CARTESIAN_POINT('Ctrl Pts',(130.298763041086,82.5983377642802,-2.06642096145966E-16));
#10857=CARTESIAN_POINT('Ctrl Pts',(127.207480039796,77.8655263050653,-2.09243315829567E-16));
#10858=CARTESIAN_POINT('Ctrl Pts',(120.366795560749,67.3924469114458,-2.07195062138855E-16));
#10859=CARTESIAN_POINT('Ctrl Pts',(117.207724508461,62.5559751318104,0.));
#10860=CARTESIAN_POINT('Ctrl Pts',(116.59956978393,61.624956576967,0.));
#10861=CARTESIAN_POINT('',(137.837728683869,94.1407404195155,80.));
#10862=CARTESIAN_POINT('Ctrl Pts',(137.837728683869,94.1407404195155,80.));
#10863=CARTESIAN_POINT('Ctrl Pts',(137.536102576279,93.6789662871819,80.));
#10864=CARTESIAN_POINT('Ctrl Pts',(136.259172735523,91.7239296250464,80.));
#10865=CARTESIAN_POINT('Ctrl Pts',(130.298763041086,82.5983377642802,80.));
#10866=CARTESIAN_POINT('Ctrl Pts',(127.207480039796,77.8655263050653,80.));
#10867=CARTESIAN_POINT('Ctrl Pts',(120.366795560749,67.3924469114458,80.));
#10868=CARTESIAN_POINT('Ctrl Pts',(117.207724508461,62.5559751318104,80.));
#10869=CARTESIAN_POINT('Ctrl Pts',(116.59956978393,61.624956576967,80.));
#10870=CARTESIAN_POINT('',(137.837728683869,94.1407404195155,0.));
#10871=CARTESIAN_POINT('Ctrl Pts',(137.837728683869,94.1407404195155,-6.86526382528281E-16));
#10872=CARTESIAN_POINT('Ctrl Pts',(138.978847825016,95.8877357410844,-6.86526382528281E-16));
#10873=CARTESIAN_POINT('Ctrl Pts',(138.978847666209,97.9763196492754,-6.86526382528281E-16));
#10874=CARTESIAN_POINT('Ctrl Pts',(137.837728683869,94.1407404195155,80.));
#10875=CARTESIAN_POINT('Ctrl Pts',(138.978847825016,95.8877357410844,80.));
#10876=CARTESIAN_POINT('Ctrl Pts',(138.978847666209,97.9763196492754,80.));
#10877=CARTESIAN_POINT('',(138.978847666209,97.9763196492754,0.));
#10878=CARTESIAN_POINT('Ctrl Pts',(138.978847666209,97.9763196492754,-1.38777878078145E-17));
#10879=CARTESIAN_POINT('Ctrl Pts',(138.978847625948,97.7890465775158,-2.09873459770652E-9));
#10880=CARTESIAN_POINT('Ctrl Pts',(138.971148012152,97.6020942727264,-9.33123334291884E-6));
#10881=CARTESIAN_POINT('Ctrl Pts',(138.9559648049,97.4158780606493,-2.09652446350045E-5));
#10882=CARTESIAN_POINT('Ctrl Pts',(138.940642273584,97.2279530923667,-3.27060118790421E-5));
#10883=CARTESIAN_POINT('Ctrl Pts',(138.917698043424,97.0407771278542,-4.67999919455355E-5));
#10884=CARTESIAN_POINT('Ctrl Pts',(138.887300658534,96.8547773878382,-5.86324120123854E-5));
#10885=CARTESIAN_POINT('Ctrl Pts',(138.856830678067,96.6683334399187,-7.04930904763228E-5));
#10886=CARTESIAN_POINT('Ctrl Pts',(138.818871717153,96.483070662438,-8.00896657592524E-5));
#10887=CARTESIAN_POINT('Ctrl Pts',(138.773542564365,96.2994297940718,-8.52664198942935E-5));
#10888=CARTESIAN_POINT('Ctrl Pts',(138.746679966576,96.1906020203054,-8.8334226275652E-5));
#10889=CARTESIAN_POINT('Ctrl Pts',(138.717228085574,96.0823440902973,-8.98965138812547E-5));
#10890=CARTESIAN_POINT('Ctrl Pts',(138.685203621229,95.974750946777,-8.9898477115137E-5));
#10891=CARTESIAN_POINT('Ctrl Pts',(138.630984630754,95.7925904721809,-8.99018009664898E-5));
#10892=CARTESIAN_POINT('Ctrl Pts',(138.569550929776,95.6128610785631,-8.51080859282123E-5));
#10893=CARTESIAN_POINT('Ctrl Pts',(138.501070385007,95.4359990059293,-7.6458111901212E-5));
#10894=CARTESIAN_POINT('Ctrl Pts',(138.432763260844,95.2595848200345,-6.78300431284073E-5));
#10895=CARTESIAN_POINT('Ctrl Pts',(138.357444701953,95.0860227838363,-5.53760856836433E-5));
#10896=CARTESIAN_POINT('Ctrl Pts',(138.275232286935,94.9157619663938,-4.24327575140118E-5));
#10897=CARTESIAN_POINT('Ctrl Pts',(138.194268722853,94.7480875026181,-2.96860454817591E-5));
#10898=CARTESIAN_POINT('Ctrl Pts',(138.106618851683,94.5836141462602,-1.64788976487038E-5));
#10899=CARTESIAN_POINT('Ctrl Pts',(138.012351523716,94.4227956322271,-8.13857242195834E-6));
#10900=CARTESIAN_POINT('Ctrl Pts',(137.956467807631,94.327458929966,-3.19424677833869E-6));
#10901=CARTESIAN_POINT('Ctrl Pts',(137.898257664051,94.2334071900685,-1.22886334591446E-18));
#10902=CARTESIAN_POINT('Ctrl Pts',(137.837728683869,94.1407404195155,0.));
#10903=CARTESIAN_POINT('',(138.978847666209,97.9763196492754,80.));
#10904=CARTESIAN_POINT('Origin',(131.999267430826,97.9770396396,80.));
#10905=CARTESIAN_POINT('',(138.978847666209,97.9763196492754,0.));
#10906=CARTESIAN_POINT('Origin',(138.978847666209,142.474310839323,0.));
#10907=CARTESIAN_POINT('',(138.978847666209,142.474310839323,0.));
#10908=CARTESIAN_POINT('',(138.978847666209,48.9885658793572,1.11022302462516E-15));
#10909=CARTESIAN_POINT('',(138.978847666209,142.474310839323,80.));
#10910=CARTESIAN_POINT('',(138.978847666209,142.474310839323,80.));
#10911=CARTESIAN_POINT('',(138.978847666209,142.474310839323,0.));
#10912=CARTESIAN_POINT('Ctrl Pts',(138.978847666209,142.474310839322,-6.60449299247263E-17));
#10913=CARTESIAN_POINT('Ctrl Pts',(138.978844901413,151.58809415581,-6.60449299247263E-17));
#10914=CARTESIAN_POINT('Ctrl Pts',(132.532506196888,158.035050744084,-6.60449299247263E-17));
#10915=CARTESIAN_POINT('Ctrl Pts',(126.086167492363,164.482007332357,-6.60449299247263E-17));
#10916=CARTESIAN_POINT('Ctrl Pts',(116.973253593067,164.482014156111,-6.60449299247263E-17));
#10917=CARTESIAN_POINT('Ctrl Pts',(138.978847666209,142.474310839322,80.));
#10918=CARTESIAN_POINT('Ctrl Pts',(138.978844901413,151.58809415581,80.));
#10919=CARTESIAN_POINT('Ctrl Pts',(132.532506196888,158.035050744084,80.));
#10920=CARTESIAN_POINT('Ctrl Pts',(126.086167492363,164.482007332357,80.));
#10921=CARTESIAN_POINT('Ctrl Pts',(116.973253593067,164.482014156111,80.));
#10922=CARTESIAN_POINT('',(116.973253593067,164.482014156111,0.));
#10923=CARTESIAN_POINT('Ctrl Pts',(116.973253593067,164.482014156111,-4.44089209850063E-16));
#10924=CARTESIAN_POINT('Ctrl Pts',(117.416416219394,164.482014156111,-4.19488742279995E-16));
#10925=CARTESIAN_POINT('Ctrl Pts',(117.858862772705,164.468332941213,2.53611657984161E-5));
#10926=CARTESIAN_POINT('Ctrl Pts',(118.300021881462,164.441267291287,6.15443871881949E-5));
#10927=CARTESIAN_POINT('Ctrl Pts',(118.746568459756,164.413871113527,9.81694809072549E-5));
#10928=CARTESIAN_POINT('Ctrl Pts',(119.191796427698,164.372761558879,0.00014584710594702));
#10929=CARTESIAN_POINT('Ctrl Pts',(119.635120732289,164.318193291934,0.000192730188483314));
#10930=CARTESIAN_POINT('Ctrl Pts',(120.082243828727,164.263157436171,0.00024001500643069));
#10931=CARTESIAN_POINT('Ctrl Pts',(120.527431002402,164.194431155288,0.000286455563266115));
#10932=CARTESIAN_POINT('Ctrl Pts',(120.970082212101,164.112222926006,0.00032370414760563));
#10933=CARTESIAN_POINT('Ctrl Pts',(121.414599932335,164.029668052408,0.000361109796635187));
#10934=CARTESIAN_POINT('Ctrl Pts',(121.856560779799,163.93351718638,0.000389210748860579));
#10935=CARTESIAN_POINT('Ctrl Pts',(122.295349512077,163.823929852592,0.00040390819984143));
#10936=CARTESIAN_POINT('Ctrl Pts',(122.733030315301,163.714619223702,0.000418568540177081));
#10937=CARTESIAN_POINT('Ctrl Pts',(123.167555513711,163.591939739225,0.000419862401569599));
#10938=CARTESIAN_POINT('Ctrl Pts',(123.598299247358,163.456000539191,0.000408530350764325));
#10939=CARTESIAN_POINT('Ctrl Pts',(124.02482664248,163.321391981116,0.000397309223830112));
#10940=CARTESIAN_POINT('Ctrl Pts',(124.447646707241,163.173781824253,0.000373684329028264));
#10941=CARTESIAN_POINT('Ctrl Pts',(124.866129553414,163.013230472841,0.000343490591750706));
#10942=CARTESIAN_POINT('Ctrl Pts',(125.020293023284,162.954085507515,0.000332367623749444));
#10943=CARTESIAN_POINT('Ctrl Pts',(125.173867641081,162.893183875748,0.000320405382479961));
#10944=CARTESIAN_POINT('Ctrl Pts',(125.326820951898,162.830527096429,0.000308083118919111));
#10945=CARTESIAN_POINT('Ctrl Pts',(125.727832149613,162.666254286737,0.000275776752730223));
#10946=CARTESIAN_POINT('Ctrl Pts',(126.123432814139,162.490387013856,0.000239940492963027));
#10947=CARTESIAN_POINT('Ctrl Pts',(126.513113223918,162.303125229159,0.000211957914940331));
#10948=CARTESIAN_POINT('Ctrl Pts',(126.918270120176,162.10842618458,0.000182863985206038));
#10949=CARTESIAN_POINT('Ctrl Pts',(127.317027757133,161.901409918688,0.000162186463268998));
#10950=CARTESIAN_POINT('Ctrl Pts',(127.708858647253,161.682487170282,0.000145520525469567));
#10951=CARTESIAN_POINT('Ctrl Pts',(128.10220017684,161.462720401273,0.000128790334891607));
#10952=CARTESIAN_POINT('Ctrl Pts',(128.488561928723,161.230954900443,0.0001160825275945));
#10953=CARTESIAN_POINT('Ctrl Pts',(128.867390804549,160.987557474469,0.000108060217399009));
#10954=CARTESIAN_POINT('Ctrl Pts',(129.245566903051,160.744579457708,0.000100051730812315));
#10955=CARTESIAN_POINT('Ctrl Pts',(129.616236527074,160.490009267107,9.66965183855527E-5));
#10956=CARTESIAN_POINT('Ctrl Pts',(129.978822987774,160.224167693099,0.000104010855573239));
#10957=CARTESIAN_POINT('Ctrl Pts',(130.218913285531,160.048138002039,0.000108854118032337));
#10958=CARTESIAN_POINT('Ctrl Pts',(130.455458918165,159.867165408187,0.000118485671013927));
#10959=CARTESIAN_POINT('Ctrl Pts',(130.688284546552,159.681333336233,0.000136001915994062));
#10960=CARTESIAN_POINT('Ctrl Pts',(131.041250496273,159.399610081708,0.000162556716201412));
#10961=CARTESIAN_POINT('Ctrl Pts',(131.385668750309,159.106719745495,0.000206973899905311));
#10962=CARTESIAN_POINT('Ctrl Pts',(131.721108723005,158.803128992325,0.000252504699549388));
#10963=CARTESIAN_POINT('Ctrl Pts',(131.962769897829,158.58441296547,0.000285306474615703));
#10964=CARTESIAN_POINT('Ctrl Pts',(132.199770408256,158.360142440409,0.000318803618388074));
#10965=CARTESIAN_POINT('Ctrl Pts',(132.431935713821,158.130482164251,0.000348545646366667));
#10966=CARTESIAN_POINT('Ctrl Pts',(132.750873212597,157.814985954051,0.000389403809858862));
#10967=CARTESIAN_POINT('Ctrl Pts',(133.059750094306,157.490246745473,0.000422688095814822));
#10968=CARTESIAN_POINT('Ctrl Pts',(133.358253454952,157.156830550661,0.000441667760632725));
#10969=CARTESIAN_POINT('Ctrl Pts',(133.65924916645,156.820630500636,0.000460805895973901));
#10970=CARTESIAN_POINT('Ctrl Pts',(133.949697779132,156.475607593062,0.000465395862427365));
#10971=CARTESIAN_POINT('Ctrl Pts',(134.229246999324,156.122299926462,0.000454167303502482));
#10972=CARTESIAN_POINT('Ctrl Pts',(134.509750509158,155.767786183,0.000442900413948523));
#10973=CARTESIAN_POINT('Ctrl Pts',(134.779280446667,155.404930612131,0.000415706930966888));
#10974=CARTESIAN_POINT('Ctrl Pts',(135.037443830466,155.034240445079,0.000376968793102235));
#10975=CARTESIAN_POINT('Ctrl Pts',(135.294769515027,154.664753108831,0.000338356354351362));
#10976=CARTESIAN_POINT('Ctrl Pts',(135.540802611828,154.287481501017,0.000288279538544776));
#10977=CARTESIAN_POINT('Ctrl Pts',(135.775112147114,153.902898227085,0.000236645458861588));
#10978=CARTESIAN_POINT('Ctrl Pts',(136.00671045994,153.52276501025,0.000185608843026444));
#10979=CARTESIAN_POINT('Ctrl Pts',(136.226855197711,153.135487913787,0.000133062702858718));
#10980=CARTESIAN_POINT('Ctrl Pts',(136.435085149713,152.74150084384,9.38818761544863E-5));
#10981=CARTESIAN_POINT('Ctrl Pts',(136.560888320348,152.50347157806,7.02105830475861E-5));
#10982=CARTESIAN_POINT('Ctrl Pts',(136.682341668596,152.262992744847,5.15194450713589E-5));
#10983=CARTESIAN_POINT('Ctrl Pts',(136.799334791459,152.020156994303,4.2019121082551E-5));
#10984=CARTESIAN_POINT('Ctrl Pts',(136.947191638055,151.713259225973,3.0012535462353E-5));
#10985=CARTESIAN_POINT('Ctrl Pts',(137.087925032421,151.402596943246,3.26489492379908E-5));
#10986=CARTESIAN_POINT('Ctrl Pts',(137.221445199502,151.088429620118,4.22816683604554E-5));
#10987=CARTESIAN_POINT('Ctrl Pts',(137.397545494857,150.674073050596,5.49863010734861E-5));
#10988=CARTESIAN_POINT('Ctrl Pts',(137.560705264007,150.254549567635,8.00050006880418E-5));
#10989=CARTESIAN_POINT('Ctrl Pts',(137.710849006775,149.830511590332,0.000104644102116636));
#10990=CARTESIAN_POINT('Ctrl Pts',(137.861597135191,149.404766698959,0.000129382385295856));
#10991=CARTESIAN_POINT('Ctrl Pts',(137.999224391282,148.974470374159,0.00015376319714477));
#10992=CARTESIAN_POINT('Ctrl Pts',(138.123605947484,148.540263116526,0.000170330893838833));
#10993=CARTESIAN_POINT('Ctrl Pts',(138.247882907236,148.106420997735,0.000186884658224086));
#10994=CARTESIAN_POINT('Ctrl Pts',(138.358936557535,147.668673985837,0.00019566724808809));
#10995=CARTESIAN_POINT('Ctrl Pts',(138.456592137821,147.227649160701,0.000194202061966131));
#10996=CARTESIAN_POINT('Ctrl Pts',(138.483078603334,147.108032966863,0.000193804669399582));
#10997=CARTESIAN_POINT('Ctrl Pts',(138.508579187731,146.98817560872,0.000192680254523021));
#10998=CARTESIAN_POINT('Ctrl Pts',(138.533089747659,146.868089527191,0.00019083814024462));
#10999=CARTESIAN_POINT('Ctrl Pts',(138.623622291294,146.424537913199,0.000184034081431488));
#11000=CARTESIAN_POINT('Ctrl Pts',(138.700512206883,145.978551986153,0.000167204201157609));
#11001=CARTESIAN_POINT('Ctrl Pts',(138.763644319591,145.5307770576,0.00014409689617273));
#11002=CARTESIAN_POINT('Ctrl Pts',(138.82664196304,145.083955874451,0.000121038808963381));
#11003=CARTESIAN_POINT('Ctrl Pts',(138.875940452623,144.635352765377,9.17604593516926E-5));
#11004=CARTESIAN_POINT('Ctrl Pts',(138.911374628743,144.185599693993,6.47985360244241E-5));
#11005=CARTESIAN_POINT('Ctrl Pts',(138.946482122672,143.739993080481,3.80851857172266E-5));
#11006=CARTESIAN_POINT('Ctrl Pts',(138.967979812909,143.293257094017,1.36794073487806E-5));
#11007=CARTESIAN_POINT('Ctrl Pts',(138.975656195531,142.846005158218,4.12768251878415E-6));
#11008=CARTESIAN_POINT('Ctrl Pts',(138.977782109518,142.722142240871,1.48240720872031E-6));
#11009=CARTESIAN_POINT('Ctrl Pts',(138.978847666209,142.598239769804,2.60568973975201E-16));
#11010=CARTESIAN_POINT('Ctrl Pts',(138.978847666209,142.474310839322,2.22044604925031E-16));
#11011=CARTESIAN_POINT('',(116.973253593067,164.482014156111,80.));
#11012=CARTESIAN_POINT('Origin',(116.990540522054,142.491609210681,80.));
#11013=CARTESIAN_POINT('',(116.973253593067,164.482014156111,0.));
#11014=CARTESIAN_POINT('Origin',(-116.973253593067,164.482014156111,0.));
#11015=CARTESIAN_POINT('',(58.5,164.482014156111,0.));
#11016=CARTESIAN_POINT('',(-116.973253593067,164.482014156111,80.));
#11017=CARTESIAN_POINT('Origin',(140.371662000159,-92.5076459186106,0.));
#11018=CARTESIAN_POINT('',(140.371662000159,-92.5076459186106,80.));
#11019=CARTESIAN_POINT('',(140.371662000159,-92.5076459186106,80.));
#11020=CARTESIAN_POINT('',(140.371662000159,-92.5076459186106,0.));
#11021=CARTESIAN_POINT('',(140.371662000159,-92.5076459186106,0.));
#11022=CARTESIAN_POINT('',(140.371662000159,-92.5076459186106,0.));
#11023=CARTESIAN_POINT('Origin',(132.,-97.9771317587144,0.));
#11024=CARTESIAN_POINT('',(142.,-97.9771317587143,0.));
#11025=CARTESIAN_POINT('Origin',(132.,-97.9771317587143,0.));
#11026=CARTESIAN_POINT('',(142.,-97.9771317587144,80.));
#11027=CARTESIAN_POINT('Origin',(132.,-97.9771317587144,80.));
#11028=CARTESIAN_POINT('',(142.,-97.9771317587144,0.));
#11029=CARTESIAN_POINT('Origin',(142.,-142.5,0.));
#11030=CARTESIAN_POINT('',(142.,-142.5,0.));
#11031=CARTESIAN_POINT('',(142.,-142.5,0.));
#11032=CARTESIAN_POINT('',(142.,-142.5,80.));
#11033=CARTESIAN_POINT('',(142.,-142.5,80.));
#11034=CARTESIAN_POINT('',(142.,-142.5,0.));
#11035=CARTESIAN_POINT('Origin',(117.,-142.5,0.));
#11036=CARTESIAN_POINT('Origin',(117.,-142.5,0.));
#11037=CARTESIAN_POINT('Origin',(117.,-142.5,80.));
#11038=CARTESIAN_POINT('Origin',(-117.,-167.5,0.));
#11039=CARTESIAN_POINT('Origin',(-117.,-142.5,0.));
#11040=CARTESIAN_POINT('',(-142.,-142.5,0.));
#11041=CARTESIAN_POINT('Origin',(-117.,-142.5,0.));
#11042=CARTESIAN_POINT('',(-142.,-142.5,80.));
#11043=CARTESIAN_POINT('Origin',(-117.,-142.5,80.));
#11044=CARTESIAN_POINT('',(-142.,-142.5,0.));
#11045=CARTESIAN_POINT('Origin',(-142.,-97.9771317587143,0.));
#11046=CARTESIAN_POINT('',(-142.,-97.9771317587143,0.));
#11047=CARTESIAN_POINT('',(-142.,-97.9771317587143,0.));
#11048=CARTESIAN_POINT('',(-142.,-97.9771317587143,80.));
#11049=CARTESIAN_POINT('',(-142.,-97.9771317587143,80.));
#11050=CARTESIAN_POINT('',(-142.,-97.9771317587143,0.));
#11051=CARTESIAN_POINT('Origin',(-132.,-97.9771317587143,0.));
#11052=CARTESIAN_POINT('',(-140.371662000159,-92.5076459186105,0.));
#11053=CARTESIAN_POINT('Origin',(-132.,-97.9771317587143,0.));
#11054=CARTESIAN_POINT('',(-140.371662000159,-92.5076459186106,80.));
#11055=CARTESIAN_POINT('Origin',(-132.,-97.9771317587143,80.));
#11056=CARTESIAN_POINT('',(-140.371662000159,-92.5076459186106,0.));
#11057=CARTESIAN_POINT('Origin',(-119.128337999841,-59.9923540813895,0.));
#11058=CARTESIAN_POINT('',(-119.128337999841,-59.9923540813895,0.));
#11059=CARTESIAN_POINT('',(-119.128337999841,-59.9923540813895,0.));
#11060=CARTESIAN_POINT('',(-119.128337999841,-59.9923540813895,0.));
#11061=CARTESIAN_POINT('',(-119.128337999841,-59.9923540813895,80.));
#11062=CARTESIAN_POINT('Origin',(-127.5,-54.5228682412857,0.));
#11063=CARTESIAN_POINT('Origin',(-127.5,-54.5228682412857,0.));
#11064=CARTESIAN_POINT('Origin',(-140.371662000159,92.5076459186105,0.));
#11065=CARTESIAN_POINT('',(-140.371662000159,92.5076459186105,80.));
#11066=CARTESIAN_POINT('',(-140.371662000159,92.5076459186105,80.));
#11067=CARTESIAN_POINT('',(-140.371662000159,92.5076459186105,0.));
#11068=CARTESIAN_POINT('',(-140.371662000159,92.5076459186105,0.));
#11069=CARTESIAN_POINT('',(-140.371662000159,92.5076459186105,0.));
#11070=CARTESIAN_POINT('Origin',(-132.,97.9771317587143,0.));
#11071=CARTESIAN_POINT('',(-142.,97.9771317587143,0.));
#11072=CARTESIAN_POINT('Origin',(-132.,97.9771317587143,0.));
#11073=CARTESIAN_POINT('',(-142.,97.9771317587143,80.));
#11074=CARTESIAN_POINT('Origin',(-132.,97.9771317587143,80.));
#11075=CARTESIAN_POINT('',(-142.,97.9771317587143,0.));
#11076=CARTESIAN_POINT('Origin',(-142.,142.5,0.));
#11077=CARTESIAN_POINT('',(-142.,142.5,0.));
#11078=CARTESIAN_POINT('',(-142.,142.5,0.));
#11079=CARTESIAN_POINT('',(-142.,142.5,80.));
#11080=CARTESIAN_POINT('',(-142.,142.5,80.));
#11081=CARTESIAN_POINT('',(-142.,142.5,0.));
#11082=CARTESIAN_POINT('Origin',(-117.,142.5,0.));
#11083=CARTESIAN_POINT('Origin',(-117.,142.5,0.));
#11084=CARTESIAN_POINT('Origin',(-117.,142.5,80.));
#11085=CARTESIAN_POINT('Origin',(117.,167.5,0.));
#11086=CARTESIAN_POINT('Origin',(117.,142.5,0.));
#11087=CARTESIAN_POINT('',(142.,142.5,0.));
#11088=CARTESIAN_POINT('Origin',(117.,142.5,0.));
#11089=CARTESIAN_POINT('',(142.,142.5,80.));
#11090=CARTESIAN_POINT('Origin',(117.,142.5,80.));
#11091=CARTESIAN_POINT('',(142.,142.5,0.));
#11092=CARTESIAN_POINT('Origin',(142.,97.9771317587144,0.));
#11093=CARTESIAN_POINT('',(142.,97.9771317587144,0.));
#11094=CARTESIAN_POINT('',(142.,97.9771317587144,0.));
#11095=CARTESIAN_POINT('',(142.,97.9771317587144,80.));
#11096=CARTESIAN_POINT('',(142.,97.9771317587144,80.));
#11097=CARTESIAN_POINT('',(142.,97.9771317587144,0.));
#11098=CARTESIAN_POINT('Origin',(132.,97.9771317587143,0.));
#11099=CARTESIAN_POINT('Origin',(132.,97.9771317587143,0.));
#11100=CARTESIAN_POINT('Origin',(132.,97.9771317587143,80.));
#11101=CARTESIAN_POINT('Origin',(1.15463194561016E-13,0.,80.));
#11102=CARTESIAN_POINT('Ctrl Pts',(-97.2182764859418,99.6354250040021,-266.));
#11103=CARTESIAN_POINT('Ctrl Pts',(-97.1644010863017,99.529553120675,-266.));
#11104=CARTESIAN_POINT('Ctrl Pts',(-97.0568791702141,99.3176930510112,-266.));
#11105=CARTESIAN_POINT('Ctrl Pts',(-96.8418642762949,98.8939581921775,-266.));
#11106=CARTESIAN_POINT('Ctrl Pts',(-96.4657244852148,98.152353070766,-266.));
#11107=CARTESIAN_POINT('Ctrl Pts',(-95.713559951802,96.6690844806877,-266.));
#11108=CARTESIAN_POINT('Ctrl Pts',(-94.2094411209008,93.7024406928939,-266.));
#11109=CARTESIAN_POINT('Ctrl Pts',(-92.0608356781246,89.4643093057677,-266.));
#11110=CARTESIAN_POINT('Ctrl Pts',(-88.6230922654985,82.6832862508063,-266.));
#11111=CARTESIAN_POINT('Ctrl Pts',(-85.1852568365814,75.9023098719624,-266.));
#11112=CARTESIAN_POINT('Ctrl Pts',(-82.1768748217957,69.9690954692534,-266.));
#11113=CARTESIAN_POINT('Ctrl Pts',(-80.672512369101,67.0025751962218,-266.));
#11114=CARTESIAN_POINT('Ctrl Pts',(-79.9202231673721,65.5193698217224,-266.));
#11115=CARTESIAN_POINT('Ctrl Pts',(-79.5440010657552,64.7778064520273,-266.));
#11116=CARTESIAN_POINT('Ctrl Pts',(-79.3558459585834,64.407047114065,-266.));
#11117=CARTESIAN_POINT('Ctrl Pts',(-79.2482855154806,64.1952065940836,-266.));
#11118=CARTESIAN_POINT('Ctrl Pts',(-79.1944902314437,64.0892939673823,-266.));
#11119=CARTESIAN_POINT('Ctrl Pts',(-79.1675457629166,64.0363614706794,-266.));
#11120=CARTESIAN_POINT('Ctrl Pts',(-98.7119062711257,98.8753563336216,-266.));
#11121=CARTESIAN_POINT('Ctrl Pts',(-98.6591823842626,98.7718240519022,-265.999999899839));
#11122=CARTESIAN_POINT('Ctrl Pts',(-98.5515338124701,98.5594015886834,-266.000000248697));
#11123=CARTESIAN_POINT('Ctrl Pts',(-98.337069717859,98.1362986545914,-266.000000765003));
#11124=CARTESIAN_POINT('Ctrl Pts',(-97.9612131872369,97.3943469929028,-266.000001648026));
#11125=CARTESIAN_POINT('Ctrl Pts',(-97.2098946538927,95.9110205090212,-266.000002588699));
#11126=CARTESIAN_POINT('Ctrl Pts',(-95.7070678855155,92.9434404325355,-266.000003240428));
#11127=CARTESIAN_POINT('Ctrl Pts',(-93.5604605414115,88.7043436075722,-266.000002154631));
#11128=CARTESIAN_POINT('Ctrl Pts',(-90.125814154649,81.9215758740385,-266.000002926296));
#11129=CARTESIAN_POINT('Ctrl Pts',(-86.6911328827467,75.1389981511468,-265.999996263481));
#11130=CARTESIAN_POINT('Ctrl Pts',(-83.6855844681085,69.2044974001033,-265.999995827473));
#11131=CARTESIAN_POINT('Ctrl Pts',(-82.1825805808469,66.2371732165488,-265.999996603224));
#11132=CARTESIAN_POINT('Ctrl Pts',(-81.4310275901776,64.753667955244,-265.99999760615));
#11133=CARTESIAN_POINT('Ctrl Pts',(-81.0550057865937,64.0115694575795,-265.999998551846));
#11134=CARTESIAN_POINT('Ctrl Pts',(-80.8670548916206,63.6407613341606,-265.999999059194));
#11135=CARTESIAN_POINT('Ctrl Pts',(-80.7592733840136,63.4281424315316,-265.999999498491));
#11136=CARTESIAN_POINT('Ctrl Pts',(-80.7056846031762,63.3225328481612,-265.999999615663));
#11137=CARTESIAN_POINT('Ctrl Pts',(-80.6778508921988,63.2675640105741,-266.));
#11138=CARTESIAN_POINT('Ctrl Pts',(-101.693227477754,97.3582408690149,-265.284771174111));
#11139=CARTESIAN_POINT('Ctrl Pts',(-101.64280347753,97.2593806205567,-265.284801119711));
#11140=CARTESIAN_POINT('Ctrl Pts',(-101.534900583946,97.0458357373783,-265.284677968517));
#11141=CARTESIAN_POINT('Ctrl Pts',(-101.321534480963,96.6239957297717,-265.284501892203));
#11142=CARTESIAN_POINT('Ctrl Pts',(-100.946239441729,95.8813540596951,-265.284148531983));
#11143=CARTESIAN_POINT('Ctrl Pts',(-100.196601209443,94.3979163514397,-265.283474546923));
#11144=CARTESIAN_POINT('Ctrl Pts',(-98.6963341264867,91.4284762541672,-265.282110166388));
#11145=CARTESIAN_POINT('Ctrl Pts',(-96.5536849169951,87.187467117497,-265.280184285998));
#11146=CARTESIAN_POINT('Ctrl Pts',(-93.1251758403442,80.4012389152834,-265.277100465894));
#11147=CARTESIAN_POINT('Ctrl Pts',(-89.6967343205718,73.6154937197368,-265.274009524274));
#11148=CARTESIAN_POINT('Ctrl Pts',(-86.6968010351452,67.6784470874864,-265.271295214104));
#11149=CARTESIAN_POINT('Ctrl Pts',(-85.1964897282747,64.7095285900843,-265.269919625959));
#11150=CARTESIAN_POINT('Ctrl Pts',(-84.4463975781313,63.2254294820468,-265.269228667198));
#11151=CARTESIAN_POINT('Ctrl Pts',(-84.0707714314616,62.4822646678891,-265.268861800603));
#11152=CARTESIAN_POINT('Ctrl Pts',(-83.8832263102123,62.1113601763491,-265.268684343818));
#11153=CARTESIAN_POINT('Ctrl Pts',(-83.7750018944348,61.8971876812163,-265.268548665475));
#11154=CARTESIAN_POINT('Ctrl Pts',(-83.7218250278109,61.7921834762331,-265.268508683337));
#11155=CARTESIAN_POINT('Ctrl Pts',(-83.6922143831113,61.7331489107928,-265.26839438533));
#11156=CARTESIAN_POINT('Ctrl Pts',(-106.023756918458,95.1545490394264,-261.764063991918));
#11157=CARTESIAN_POINT('Ctrl Pts',(-105.976703949977,95.0624443886241,-261.764233306978));
#11158=CARTESIAN_POINT('Ctrl Pts',(-105.868283281929,94.8473478784012,-261.763537345224));
#11159=CARTESIAN_POINT('Ctrl Pts',(-105.656295818939,94.4274473109367,-261.76254221673));
#11160=CARTESIAN_POINT('Ctrl Pts',(-105.281388033071,93.6840220939479,-261.760546022925));
#11161=CARTESIAN_POINT('Ctrl Pts',(-104.53337802476,92.2008341264231,-261.756742857392));
#11162=CARTESIAN_POINT('Ctrl Pts',(-103.035195794075,89.2295252019165,-261.749051655492));
#11163=CARTESIAN_POINT('Ctrl Pts',(-100.896001122391,84.986904479527,-261.738208573242));
#11164=CARTESIAN_POINT('Ctrl Pts',(-97.4726987562316,78.197532075249,-261.720837583439));
#11165=CARTESIAN_POINT('Ctrl Pts',(-94.0496505303519,71.4090437549678,-261.703474133491));
#11166=CARTESIAN_POINT('Ctrl Pts',(-91.0545867268813,65.4699572806017,-261.688204083561));
#11167=CARTESIAN_POINT('Ctrl Pts',(-89.5565093999144,62.4995716237478,-261.680461858743));
#11168=CARTESIAN_POINT('Ctrl Pts',(-88.8076896349221,61.0150377460019,-261.676570130535));
#11169=CARTESIAN_POINT('Ctrl Pts',(-88.4321869452189,60.2705604681422,-261.674501745966));
#11170=CARTESIAN_POINT('Ctrl Pts',(-88.245010487551,59.899626733578,-261.67350101154));
#11171=CARTESIAN_POINT('Ctrl Pts',(-88.1359805205617,59.683296342064,-261.672735624962));
#11172=CARTESIAN_POINT('Ctrl Pts',(-88.0833492074702,59.5791905661025,-261.672510141846));
#11173=CARTESIAN_POINT('Ctrl Pts',(-88.0510337758241,59.5143593342997,-261.671865304354));
#11174=CARTESIAN_POINT('Ctrl Pts',(-107.621513427456,94.3414930348982,-257.750516319483));
#11175=CARTESIAN_POINT('Ctrl Pts',(-107.575779055837,94.2518604545172,-257.750819137979));
#11176=CARTESIAN_POINT('Ctrl Pts',(-107.466886789099,94.0363299970927,-257.749574376745));
#11177=CARTESIAN_POINT('Ctrl Pts',(-107.255011200234,93.6173515278454,-257.74779463049));
#11178=CARTESIAN_POINT('Ctrl Pts',(-106.879443838201,92.8740423637608,-257.744224576407));
#11179=CARTESIAN_POINT('Ctrl Pts',(-106.130500062454,91.3917250759176,-257.737423134222));
#11180=CARTESIAN_POINT('Ctrl Pts',(-104.629966950698,88.4213023104443,-257.723670451454));
#11181=CARTESIAN_POINT('Ctrl Pts',(-102.487623611848,84.180325737441,-257.704288811456));
#11182=CARTESIAN_POINT('Ctrl Pts',(-99.0591585386267,77.3933798886515,-257.673257848516));
#11183=CARTESIAN_POINT('Ctrl Pts',(-95.6309286242885,70.6075170323876,-257.64226188292));
#11184=CARTESIAN_POINT('Ctrl Pts',(-92.6313751644816,64.6708664253661,-257.615029670417));
#11185=CARTESIAN_POINT('Ctrl Pts',(-91.1309390382645,61.7015596506094,-257.601229032543));
#11186=CARTESIAN_POINT('Ctrl Pts',(-90.3809911920659,60.2176756137045,-257.594293838952));
#11187=CARTESIAN_POINT('Ctrl Pts',(-90.0046915467814,59.4731499931037,-257.590608599344));
#11188=CARTESIAN_POINT('Ctrl Pts',(-89.8172417514979,59.1024121499351,-257.58882571005));
#11189=CARTESIAN_POINT('Ctrl Pts',(-89.7076089508625,58.8854574015819,-257.587462204319));
#11190=CARTESIAN_POINT('Ctrl Pts',(-89.6550836371046,58.7817236797051,-257.587060502315));
#11191=CARTESIAN_POINT('Ctrl Pts',(-89.6215261140063,58.7149245066611,-257.585911804961));
#11192=CARTESIAN_POINT('Ctrl Pts',(-107.854958923451,94.2226987998688,-255.250352655319));
#11193=CARTESIAN_POINT('Ctrl Pts',(-107.80946644486,94.1333841702561,-255.250715282577));
#11194=CARTESIAN_POINT('Ctrl Pts',(-107.70027475559,93.917911406364,-255.249224709571));
#11195=CARTESIAN_POINT('Ctrl Pts',(-107.488081019633,93.4992317212901,-255.247093586467));
#11196=CARTESIAN_POINT('Ctrl Pts',(-107.111752751724,92.7562782895407,-255.242818966116));
#11197=CARTESIAN_POINT('Ctrl Pts',(-106.361410599842,91.2747272410408,-255.234676518566));
#11198=CARTESIAN_POINT('Ctrl Pts',(-104.857993848177,88.305727553255,-255.218216323197));
#11199=CARTESIAN_POINT('Ctrl Pts',(-102.711619404707,84.0668047814437,-255.19502973819));
#11200=CARTESIAN_POINT('Ctrl Pts',(-99.2766458307199,77.2831333463638,-255.157926010074));
#11201=CARTESIAN_POINT('Ctrl Pts',(-95.8419528230686,70.5005432261467,-255.120898345102));
#11202=CARTESIAN_POINT('Ctrl Pts',(-92.8366616468467,64.566814274288,-255.08839141995));
#11203=CARTESIAN_POINT('Ctrl Pts',(-91.3332937099502,61.5989754292462,-255.071924326303));
#11204=CARTESIAN_POINT('Ctrl Pts',(-90.5818730978791,60.1158456683728,-255.063650664866));
#11205=CARTESIAN_POINT('Ctrl Pts',(-90.2047633368501,59.3716758029806,-255.059254527613));
#11206=CARTESIAN_POINT('Ctrl Pts',(-90.0169346457533,59.0011367708928,-255.057127794806));
#11207=CARTESIAN_POINT('Ctrl Pts',(-89.9069642122976,58.7842411884894,-255.055501376961));
#11208=CARTESIAN_POINT('Ctrl Pts',(-89.8543736441076,58.6805917052332,-255.055022217457));
#11209=CARTESIAN_POINT('Ctrl Pts',(-89.8204431309084,58.6136688766556,-255.053652076235));
#11210=CARTESIAN_POINT('',(-107.854958923451,94.2226987998688,-255.250352655319));
#11211=CARTESIAN_POINT('',(-96.6786249481448,98.5720700621367,-266.));
#11212=CARTESIAN_POINT('Ctrl Pts',(-107.854958923451,94.2226987998688,-255.250352655319));
#11213=CARTESIAN_POINT('Ctrl Pts',(-107.754756930643,94.2183297211328,-256.083852025044));
#11214=CARTESIAN_POINT('Ctrl Pts',(-107.213529566916,94.3068366183595,-258.556451059179));
#11215=CARTESIAN_POINT('Ctrl Pts',(-105.178443476306,95.0236120919516,-262.26511388418));
#11216=CARTESIAN_POINT('Ctrl Pts',(-101.316952506868,96.6011890130535,-265.287283646177));
#11217=CARTESIAN_POINT('Ctrl Pts',(-98.2250867784543,97.9150303456555,-266.));
#11218=CARTESIAN_POINT('Ctrl Pts',(-96.6786249481448,98.5720700621367,-266.));
#11219=CARTESIAN_POINT('',(-89.8204431309083,58.6136688766556,-255.053652076235));
#11220=CARTESIAN_POINT('Ctrl Pts',(-89.8204431309084,58.6136688766556,-255.053652076235));
#11221=CARTESIAN_POINT('Ctrl Pts',(-89.8543736441076,58.6805917052332,-255.055022217457));
#11222=CARTESIAN_POINT('Ctrl Pts',(-89.9069642122976,58.7842411884894,-255.055501376961));
#11223=CARTESIAN_POINT('Ctrl Pts',(-90.0169346457533,59.0011367708928,-255.057127794806));
#11224=CARTESIAN_POINT('Ctrl Pts',(-90.2047633368501,59.3716758029806,-255.059254527613));
#11225=CARTESIAN_POINT('Ctrl Pts',(-90.5818730978791,60.1158456683728,-255.063650664866));
#11226=CARTESIAN_POINT('Ctrl Pts',(-91.3332937099502,61.5989754292462,-255.071924326303));
#11227=CARTESIAN_POINT('Ctrl Pts',(-92.8366616468467,64.566814274288,-255.08839141995));
#11228=CARTESIAN_POINT('Ctrl Pts',(-95.8419528230686,70.5005432261467,-255.120898345102));
#11229=CARTESIAN_POINT('Ctrl Pts',(-99.2766458307199,77.2831333463638,-255.157926010074));
#11230=CARTESIAN_POINT('Ctrl Pts',(-102.711619404707,84.0668047814437,-255.19502973819));
#11231=CARTESIAN_POINT('Ctrl Pts',(-104.857993848177,88.305727553255,-255.218216323197));
#11232=CARTESIAN_POINT('Ctrl Pts',(-106.361410599842,91.2747272410408,-255.234676518566));
#11233=CARTESIAN_POINT('Ctrl Pts',(-107.111752751724,92.7562782895407,-255.242818966116));
#11234=CARTESIAN_POINT('Ctrl Pts',(-107.488081019633,93.4992317212901,-255.247093586467));
#11235=CARTESIAN_POINT('Ctrl Pts',(-107.70027475559,93.917911406364,-255.249224709571));
#11236=CARTESIAN_POINT('Ctrl Pts',(-107.80946644486,94.1333841702561,-255.250715282577));
#11237=CARTESIAN_POINT('Ctrl Pts',(-107.854958923451,94.2226987998688,-255.250352655319));
#11238=CARTESIAN_POINT('',(-79.1675457629166,64.0363614706794,-266.));
#11239=CARTESIAN_POINT('Ctrl Pts',(-79.1675457629166,64.0363614706794,-266.));
#11240=CARTESIAN_POINT('Ctrl Pts',(-80.6778508921988,63.2675640105741,-266.));
#11241=CARTESIAN_POINT('Ctrl Pts',(-83.6922143831113,61.7331489107928,-265.26839438533));
#11242=CARTESIAN_POINT('Ctrl Pts',(-88.0510337758241,59.5143593342997,-261.671865304354));
#11243=CARTESIAN_POINT('Ctrl Pts',(-89.6215261140063,58.7149245066611,-257.585911804961));
#11244=CARTESIAN_POINT('Ctrl Pts',(-89.8204431309084,58.6136688766556,-255.053652076235));
#11245=CARTESIAN_POINT('Ctrl Pts',(-96.6786105725366,98.5720773678403,-266.));
#11246=CARTESIAN_POINT('Ctrl Pts',(-96.6434721439607,98.502797940927,-266.));
#11247=CARTESIAN_POINT('Ctrl Pts',(-96.393405367868,98.0097397588408,-266.));
#11248=CARTESIAN_POINT('Ctrl Pts',(-95.713559951802,96.6690844806877,-266.));
#11249=CARTESIAN_POINT('Ctrl Pts',(-94.2094411209008,93.7024406928939,-266.));
#11250=CARTESIAN_POINT('Ctrl Pts',(-92.0608356781246,89.4643093057677,-266.));
#11251=CARTESIAN_POINT('Ctrl Pts',(-88.6230922654985,82.6832862508063,-266.));
#11252=CARTESIAN_POINT('Ctrl Pts',(-85.1852568365814,75.9023098719624,-266.));
#11253=CARTESIAN_POINT('Ctrl Pts',(-82.1768748217957,69.9690954692534,-266.));
#11254=CARTESIAN_POINT('Ctrl Pts',(-80.672512369101,67.0025751962218,-266.));
#11255=CARTESIAN_POINT('Ctrl Pts',(-79.9202231673721,65.5193698217224,-266.));
#11256=CARTESIAN_POINT('Ctrl Pts',(-79.5440010657552,64.7778064520273,-266.));
#11257=CARTESIAN_POINT('Ctrl Pts',(-79.3558459585834,64.407047114065,-266.));
#11258=CARTESIAN_POINT('Ctrl Pts',(-79.2482855154806,64.1952065940836,-266.));
#11259=CARTESIAN_POINT('Ctrl Pts',(-79.1944902314437,64.0892939673823,-266.));
#11260=CARTESIAN_POINT('Ctrl Pts',(-79.1675457629166,64.0363614706794,-266.));
#11261=CARTESIAN_POINT('Ctrl Pts',(-79.1675457629168,64.0363614706794,-266.));
#11262=CARTESIAN_POINT('Ctrl Pts',(-77.3935636697119,60.5513678362636,-266.));
#11263=CARTESIAN_POINT('Ctrl Pts',(-76.455277944701,56.6441925102081,-266.));
#11264=CARTESIAN_POINT('Ctrl Pts',(-76.455277944701,52.7336691310516,-266.));
#11265=CARTESIAN_POINT('Ctrl Pts',(-80.677850892199,63.267564010574,-266.));
#11266=CARTESIAN_POINT('Ctrl Pts',(-79.0162239844823,60.0235977526642,-265.999973035648));
#11267=CARTESIAN_POINT('Ctrl Pts',(-78.1352901921642,56.3803449903317,-266.000003597803));
#11268=CARTESIAN_POINT('Ctrl Pts',(-78.1340433917958,52.7336691310516,-266.));
#11269=CARTESIAN_POINT('Ctrl Pts',(-83.6922609927648,61.7331251848698,-265.268423264326));
#11270=CARTESIAN_POINT('Ctrl Pts',(-82.2550801739933,58.9704204158948,-265.276442197913));
#11271=CARTESIAN_POINT('Ctrl Pts',(-81.4886334789939,55.8534451943468,-265.281241986758));
#11272=CARTESIAN_POINT('Ctrl Pts',(-81.4849094360062,52.7336691310516,-265.282316728331));
#11273=CARTESIAN_POINT('Ctrl Pts',(-88.0510929016861,59.5143292371943,-261.671892035275));
#11274=CARTESIAN_POINT('Ctrl Pts',(-86.9476857065802,57.4412174832531,-261.71713262322));
#11275=CARTESIAN_POINT('Ctrl Pts',(-86.354687101843,55.0900099826354,-261.7440256993));
#11276=CARTESIAN_POINT('Ctrl Pts',(-86.3488403699482,52.7336691310516,-261.750100364722));
#11277=CARTESIAN_POINT('Ctrl Pts',(-89.6215261140064,58.714924506661,-257.585911804961));
#11278=CARTESIAN_POINT('Ctrl Pts',(-88.6574619677192,56.8824273667138,-257.666502254949));
#11279=CARTESIAN_POINT('Ctrl Pts',(-88.1408580903022,54.8077360238196,-257.714638921229));
#11280=CARTESIAN_POINT('Ctrl Pts',(-88.1369620444813,52.7336691310516,-257.725496853072));
#11281=CARTESIAN_POINT('Ctrl Pts',(-89.8204431309085,58.6136688766555,-255.053652076235));
#11282=CARTESIAN_POINT('Ctrl Pts',(-88.8888413186379,56.8022118561331,-255.149778612365));
#11283=CARTESIAN_POINT('Ctrl Pts',(-88.3943872359741,54.7689556661231,-255.207410434469));
#11284=CARTESIAN_POINT('Ctrl Pts',(-88.3930587845822,52.7336691310516,-255.220405104449));
#11285=CARTESIAN_POINT('',(-76.455277944701,52.7336691310516,-266.));
#11286=CARTESIAN_POINT('',(-88.3930587845822,52.7336691310516,-255.220405104449));
#11287=CARTESIAN_POINT('Origin',(-76.455277944701,52.7336691310516,-254.));
#11288=CARTESIAN_POINT('Ctrl Pts',(-79.1675457629168,64.0363614706794,-266.));
#11289=CARTESIAN_POINT('Ctrl Pts',(-77.3935636697119,60.5513678362636,-266.));
#11290=CARTESIAN_POINT('Ctrl Pts',(-76.455277944701,56.6441925102081,-266.));
#11291=CARTESIAN_POINT('Ctrl Pts',(-76.455277944701,52.7336691310516,-266.));
#11292=CARTESIAN_POINT('Ctrl Pts',(-88.3930587845822,52.7336691310516,-255.220405104449));
#11293=CARTESIAN_POINT('Ctrl Pts',(-88.3943872359741,54.7689556661231,-255.207410434469));
#11294=CARTESIAN_POINT('Ctrl Pts',(-88.8888413186379,56.8022118561331,-255.149778612365));
#11295=CARTESIAN_POINT('Ctrl Pts',(-89.8204431309085,58.6136688766555,-255.053652076235));
#11296=CARTESIAN_POINT('Origin',(-76.4552779447008,27.2614341206428,-254.));
#11297=CARTESIAN_POINT('',(-76.4552779447008,-52.7336691310516,-266.));
#11298=CARTESIAN_POINT('',(-88.3930587845816,-52.7336691310516,-255.220405104449));
#11299=CARTESIAN_POINT('Origin',(-76.4552779447008,-52.7336691310516,-254.));
#11300=CARTESIAN_POINT('',(-76.4552779447008,27.2614341206428,-266.));
#11301=CARTESIAN_POINT('',(-88.393058784582,27.2614341206428,-255.220405104449));
#11302=CARTESIAN_POINT('Ctrl Pts',(-76.4552779447003,-52.7336691310516,
-266.));
#11303=CARTESIAN_POINT('Ctrl Pts',(-76.4552779447003,-56.6441925102083,
-266.));
#11304=CARTESIAN_POINT('Ctrl Pts',(-77.3935636697113,-60.5513678362638,
-266.));
#11305=CARTESIAN_POINT('Ctrl Pts',(-79.1675457629162,-64.0363614706797,
-266.));
#11306=CARTESIAN_POINT('Ctrl Pts',(-78.1340433917951,-52.7336691310516,
-266.));
#11307=CARTESIAN_POINT('Ctrl Pts',(-78.1352901921636,-56.3803449903318,
-266.000003597803));
#11308=CARTESIAN_POINT('Ctrl Pts',(-79.0162239844816,-60.0235977526642,
-265.999973035648));
#11309=CARTESIAN_POINT('Ctrl Pts',(-80.6778508921984,-63.2675640105743,
-266.));
#11310=CARTESIAN_POINT('Ctrl Pts',(-81.4849094360056,-52.7336691310516,
-265.282316728331));
#11311=CARTESIAN_POINT('Ctrl Pts',(-81.4886334789932,-55.8534451943468,
-265.281241986758));
#11312=CARTESIAN_POINT('Ctrl Pts',(-82.2550801739924,-58.9704204158944,
-265.276442197913));
#11313=CARTESIAN_POINT('Ctrl Pts',(-83.6922609927643,-61.7331251848701,
-265.268423264326));
#11314=CARTESIAN_POINT('Ctrl Pts',(-86.3488403699476,-52.7336691310516,
-261.750100364723));
#11315=CARTESIAN_POINT('Ctrl Pts',(-86.3546871018424,-55.0900099826354,
-261.7440256993));
#11316=CARTESIAN_POINT('Ctrl Pts',(-86.947685706579,-57.4412174832522,-261.71713262322));
#11317=CARTESIAN_POINT('Ctrl Pts',(-88.0510929016856,-59.5143292371946,
-261.671892035275));
#11318=CARTESIAN_POINT('Ctrl Pts',(-88.1369620444807,-52.7336691310516,
-257.725496853072));
#11319=CARTESIAN_POINT('Ctrl Pts',(-88.1408580903015,-54.8077360238196,
-257.714638921229));
#11320=CARTESIAN_POINT('Ctrl Pts',(-88.6574619677178,-56.8824273667126,
-257.666502254949));
#11321=CARTESIAN_POINT('Ctrl Pts',(-89.6215261140058,-58.7149245066613,
-257.585911804962));
#11322=CARTESIAN_POINT('Ctrl Pts',(-88.3930587845815,-52.7336691310516,
-255.220405104449));
#11323=CARTESIAN_POINT('Ctrl Pts',(-88.3943872359735,-54.768955666123,-255.207410434469));
#11324=CARTESIAN_POINT('Ctrl Pts',(-88.8888413186366,-56.8022118561319,
-255.149778612365));
#11325=CARTESIAN_POINT('Ctrl Pts',(-89.8204431309079,-58.6136688766558,
-255.053652076235));
#11326=CARTESIAN_POINT('',(-79.1675457629162,-64.0363614706797,-266.));
#11327=CARTESIAN_POINT('',(-89.8204431309079,-58.6136688766558,-255.053652076235));
#11328=CARTESIAN_POINT('Ctrl Pts',(-79.1675457629162,-64.0363614706797,
-266.));
#11329=CARTESIAN_POINT('Ctrl Pts',(-80.6778508921984,-63.2675640105743,
-266.));
#11330=CARTESIAN_POINT('Ctrl Pts',(-83.6922609927643,-61.7331251848701,
-265.268423264326));
#11331=CARTESIAN_POINT('Ctrl Pts',(-88.0510929016856,-59.5143292371946,
-261.671892035275));
#11332=CARTESIAN_POINT('Ctrl Pts',(-89.6215261140058,-58.7149245066613,
-257.585911804962));
#11333=CARTESIAN_POINT('Ctrl Pts',(-89.8204431309079,-58.6136688766558,
-255.053652076235));
#11334=CARTESIAN_POINT('Ctrl Pts',(-76.4552779447003,-52.7336691310516,
-266.));
#11335=CARTESIAN_POINT('Ctrl Pts',(-76.4552779447003,-56.6441925102083,
-266.));
#11336=CARTESIAN_POINT('Ctrl Pts',(-77.3935636697113,-60.5513678362638,
-266.));
#11337=CARTESIAN_POINT('Ctrl Pts',(-79.1675457629162,-64.0363614706797,
-266.));
#11338=CARTESIAN_POINT('Ctrl Pts',(-89.8204431309079,-58.6136688766558,
-255.053652076235));
#11339=CARTESIAN_POINT('Ctrl Pts',(-88.8888413186366,-56.8022118561319,
-255.149778612365));
#11340=CARTESIAN_POINT('Ctrl Pts',(-88.3943872359735,-54.768955666123,-255.207410434469));
#11341=CARTESIAN_POINT('Ctrl Pts',(-88.3930587845815,-52.7336691310516,
-255.220405104449));
#11342=CARTESIAN_POINT('Ctrl Pts',(-79.1675457629166,-64.0363614706794,
-266.));
#11343=CARTESIAN_POINT('Ctrl Pts',(-79.1944902314236,-64.0892939673428,
-266.));
#11344=CARTESIAN_POINT('Ctrl Pts',(-79.2482855155542,-64.1952065942307,
-266.));
#11345=CARTESIAN_POINT('Ctrl Pts',(-79.3558459545907,-64.4070471062009,
-266.));
#11346=CARTESIAN_POINT('Ctrl Pts',(-79.5440010623322,-64.777806445282,-266.));
#11347=CARTESIAN_POINT('Ctrl Pts',(-79.9202231624482,-65.5193698120176,
-266.));
#11348=CARTESIAN_POINT('Ctrl Pts',(-80.6725123630301,-67.0025751842529,
-266.));
#11349=CARTESIAN_POINT('Ctrl Pts',(-82.1768748069292,-69.9690954399366,
-266.));
#11350=CARTESIAN_POINT('Ctrl Pts',(-85.185256822264,-75.9023098437223,-266.));
#11351=CARTESIAN_POINT('Ctrl Pts',(-88.6230922511538,-82.6832862225127,
-266.));
#11352=CARTESIAN_POINT('Ctrl Pts',(-92.0608356601716,-89.4643092703505,
-266.));
#11353=CARTESIAN_POINT('Ctrl Pts',(-94.2094410957424,-93.7024406432707,
-266.));
#11354=CARTESIAN_POINT('Ctrl Pts',(-95.7135599378363,-96.6690844531354,
-266.));
#11355=CARTESIAN_POINT('Ctrl Pts',(-96.4657244692736,-98.1523530393327,
-266.));
#11356=CARTESIAN_POINT('Ctrl Pts',(-96.8418642677642,-98.8939581753501,
-266.));
#11357=CARTESIAN_POINT('Ctrl Pts',(-97.0568791530149,-99.3176930171202,
-266.));
#11358=CARTESIAN_POINT('Ctrl Pts',(-97.1644010863419,-99.5295531207541,
-266.));
#11359=CARTESIAN_POINT('Ctrl Pts',(-97.2182764859418,-99.6354250040022,
-266.));
#11360=CARTESIAN_POINT('Ctrl Pts',(-80.6778508921988,-63.267564010574,-266.));
#11361=CARTESIAN_POINT('Ctrl Pts',(-80.7056846031554,-63.3225328481201,
-265.999999615663));
#11362=CARTESIAN_POINT('Ctrl Pts',(-80.759273384082,-63.4281424316673,-265.99999949849));
#11363=CARTESIAN_POINT('Ctrl Pts',(-80.8670548876247,-63.6407613262783,
-265.999999059194));
#11364=CARTESIAN_POINT('Ctrl Pts',(-81.0550057831695,-64.0115694508226,
-265.999998551846));
#11365=CARTESIAN_POINT('Ctrl Pts',(-81.4310275852537,-64.7536679455264,
-265.99999760615));
#11366=CARTESIAN_POINT('Ctrl Pts',(-82.1825805747781,-66.2371732045691,
-265.999996603224));
#11367=CARTESIAN_POINT('Ctrl Pts',(-83.6855844532528,-69.204497370773,-265.999995827473));
#11368=CARTESIAN_POINT('Ctrl Pts',(-86.6911328684405,-75.1389981228956,
-265.999996263481));
#11369=CARTESIAN_POINT('Ctrl Pts',(-90.1258141403162,-81.9215758457353,
-266.000002926296));
#11370=CARTESIAN_POINT('Ctrl Pts',(-93.5604605234693,-88.7043435721345,
-266.000002154631));
#11371=CARTESIAN_POINT('Ctrl Pts',(-95.7070678603763,-92.9434403828917,
-266.000003240428));
#11372=CARTESIAN_POINT('Ctrl Pts',(-97.2098946399278,-95.9110204814363,
-266.000002588699));
#11373=CARTESIAN_POINT('Ctrl Pts',(-97.9612131713058,-97.3943469614508,
-266.000001648026));
#11374=CARTESIAN_POINT('Ctrl Pts',(-98.3370697093231,-98.1362986377315,
-266.000000765003));
#11375=CARTESIAN_POINT('Ctrl Pts',(-98.5515337952962,-98.5594015548019,
-266.000000248697));
#11376=CARTESIAN_POINT('Ctrl Pts',(-98.6591823843019,-98.7718240519796,
-265.999999899839));
#11377=CARTESIAN_POINT('Ctrl Pts',(-98.7119062711256,-98.8753563336216,
-266.));
#11378=CARTESIAN_POINT('Ctrl Pts',(-83.6922143831114,-61.7331489107927,
-265.26839438533));
#11379=CARTESIAN_POINT('Ctrl Pts',(-83.7218250277888,-61.792183476189,-265.268508683336));
#11380=CARTESIAN_POINT('Ctrl Pts',(-83.7750018944929,-61.8971876813293,
-265.268548665474));
#11381=CARTESIAN_POINT('Ctrl Pts',(-83.8832263062097,-62.1113601684308,
-265.268684343813));
#11382=CARTESIAN_POINT('Ctrl Pts',(-84.070771428035,-62.482264661109,-265.2688618006));
#11383=CARTESIAN_POINT('Ctrl Pts',(-84.4463975732073,-63.2254294723036,
-265.269228667193));
#11384=CARTESIAN_POINT('Ctrl Pts',(-85.1964897222101,-64.709528578083,-265.269919625953));
#11385=CARTESIAN_POINT('Ctrl Pts',(-86.6968010203112,-67.6784470581294,
-265.27129521409));
#11386=CARTESIAN_POINT('Ctrl Pts',(-89.6967343062876,-73.6154936914634,
-265.274009524261));
#11387=CARTESIAN_POINT('Ctrl Pts',(-93.1251758260351,-80.4012388869612,
-265.277100465881));
#11388=CARTESIAN_POINT('Ctrl Pts',(-96.5536848990743,-87.1874670820185,
-265.280184285982));
#11389=CARTESIAN_POINT('Ctrl Pts',(-98.6963341013857,-91.4284762044822,
-265.282110166365));
#11390=CARTESIAN_POINT('Ctrl Pts',(-100.196601195479,-94.3979163237899,
-265.28347454691));
#11391=CARTESIAN_POINT('Ctrl Pts',(-100.946239425818,-95.8813540282056,
-265.284148531969));
#11392=CARTESIAN_POINT('Ctrl Pts',(-101.321534472416,-96.6239957128468,
-265.284501892195));
#11393=CARTESIAN_POINT('Ctrl Pts',(-101.534900566823,-97.0458357035157,
-265.284677968501));
#11394=CARTESIAN_POINT('Ctrl Pts',(-101.642803477567,-97.2593806206306,
-265.284801119711));
#11395=CARTESIAN_POINT('Ctrl Pts',(-101.693227477754,-97.3582408690149,
-265.284771174111));
#11396=CARTESIAN_POINT('Ctrl Pts',(-88.0510337758241,-59.5143593342997,
-261.671865304354));
#11397=CARTESIAN_POINT('Ctrl Pts',(-88.0833492074461,-59.5791905660541,
-261.672510141845));
#11398=CARTESIAN_POINT('Ctrl Pts',(-88.1359805206043,-59.6832963421445,
-261.67273562496));
#11399=CARTESIAN_POINT('Ctrl Pts',(-88.2450104835333,-59.8996267256105,
-261.673501011515));
#11400=CARTESIAN_POINT('Ctrl Pts',(-88.4321869417844,-60.2705604613308,
-261.674501745945));
#11401=CARTESIAN_POINT('Ctrl Pts',(-88.8076896299919,-61.0150377362249,
-261.676570130506));
#11402=CARTESIAN_POINT('Ctrl Pts',(-89.5565093938486,-62.4995716117189,
-261.680461858709));
#11403=CARTESIAN_POINT('Ctrl Pts',(-91.0545867120618,-65.4699572512145,
-261.688204083484));
#11404=CARTESIAN_POINT('Ctrl Pts',(-94.0496505160839,-71.4090437266704,
-261.703474133418));
#11405=CARTESIAN_POINT('Ctrl Pts',(-97.472698741941,-78.1975320469072,-261.720837583365));
#11406=CARTESIAN_POINT('Ctrl Pts',(-100.896001104481,-84.9869044439994,
-261.73820857315));
#11407=CARTESIAN_POINT('Ctrl Pts',(-103.035195769001,-89.2295251521859,
-261.749051655363));
#11408=CARTESIAN_POINT('Ctrl Pts',(-104.533378010783,-92.2008340986874,
-261.756742857317));
#11409=CARTESIAN_POINT('Ctrl Pts',(-105.281388017171,-93.6840220624133,
-261.76054602284));
#11410=CARTESIAN_POINT('Ctrl Pts',(-105.656295810367,-94.427447293923,-261.762542216681));
#11411=CARTESIAN_POINT('Ctrl Pts',(-105.86828326486,-94.8473478445759,-261.763537345134));
#11412=CARTESIAN_POINT('Ctrl Pts',(-105.976703950013,-95.0624443886931,
-261.764233306978));
#11413=CARTESIAN_POINT('Ctrl Pts',(-106.023756918458,-95.1545490394264,
-261.764063991918));
#11414=CARTESIAN_POINT('Ctrl Pts',(-89.6215261140063,-58.7149245066611,
-257.585911804961));
#11415=CARTESIAN_POINT('Ctrl Pts',(-89.6550836370796,-58.7817236796552,
-257.587060502314));
#11416=CARTESIAN_POINT('Ctrl Pts',(-89.7076089508984,-58.8854574016511,
-257.587462204314));
#11417=CARTESIAN_POINT('Ctrl Pts',(-89.8172417474642,-59.102412141955,-257.588825710004));
#11418=CARTESIAN_POINT('Ctrl Pts',(-90.0046915433356,-59.4731499862852,
-257.590608599307));
#11419=CARTESIAN_POINT('Ctrl Pts',(-90.3809911871218,-60.2176756039211,
-257.594293838902));
#11420=CARTESIAN_POINT('Ctrl Pts',(-91.1309390321846,-61.7015596385773,
-257.601229032483));
#11421=CARTESIAN_POINT('Ctrl Pts',(-92.6313751496358,-64.670866395984,-257.615029670279));
#11422=CARTESIAN_POINT('Ctrl Pts',(-95.6309286099963,-70.6075170040965,
-257.642261882789));
#11423=CARTESIAN_POINT('Ctrl Pts',(-99.0591585243132,-77.3933798603176,
-257.673257848385));
#11424=CARTESIAN_POINT('Ctrl Pts',(-102.487623593905,-84.1803257019141,
-257.704288811291));
#11425=CARTESIAN_POINT('Ctrl Pts',(-104.629966925582,-88.4213022607232,
-257.723670451223));
#11426=CARTESIAN_POINT('Ctrl Pts',(-106.130500048441,-91.3917250481653,
-257.737423134087));
#11427=CARTESIAN_POINT('Ctrl Pts',(-106.87944382227,-92.8740423322267,-257.744224576255));
#11428=CARTESIAN_POINT('Ctrl Pts',(-107.255011191632,-93.6173515108086,
-257.747794630402));
#11429=CARTESIAN_POINT('Ctrl Pts',(-107.466886772014,-94.0363299632993,
-257.749574376586));
#11430=CARTESIAN_POINT('Ctrl Pts',(-107.575779055872,-94.2518604545842,
-257.750819137979));
#11431=CARTESIAN_POINT('Ctrl Pts',(-107.621513427455,-94.3414930348982,
-257.750516319483));
#11432=CARTESIAN_POINT('Ctrl Pts',(-89.8204431309084,-58.6136688766556,
-255.053652076235));
#11433=CARTESIAN_POINT('Ctrl Pts',(-89.8543736440823,-58.6805917051832,
-255.055022217456));
#11434=CARTESIAN_POINT('Ctrl Pts',(-89.9069642123318,-58.7842411885578,
-255.055501376956));
#11435=CARTESIAN_POINT('Ctrl Pts',(-90.0169346417088,-59.0011367629158,
-255.057127794751));
#11436=CARTESIAN_POINT('Ctrl Pts',(-90.2047633333957,-59.371675796165,-255.059254527569));
#11437=CARTESIAN_POINT('Ctrl Pts',(-90.5818730929234,-60.1158456585937,
-255.063650664805));
#11438=CARTESIAN_POINT('Ctrl Pts',(-91.3332937038571,-61.5989754172196,
-255.071924326232));
#11439=CARTESIAN_POINT('Ctrl Pts',(-92.8366616319711,-64.56681424492,-255.088391419785));
#11440=CARTESIAN_POINT('Ctrl Pts',(-95.8419528087486,-70.5005431978691,
-255.120898344946));
#11441=CARTESIAN_POINT('Ctrl Pts',(-99.2766458163786,-77.2831333180434,
-255.157926009917));
#11442=CARTESIAN_POINT('Ctrl Pts',(-102.711619386728,-84.0668047459326,
-255.195029737993));
#11443=CARTESIAN_POINT('Ctrl Pts',(-104.857993823013,-88.3057275035572,
-255.218216322921));
#11444=CARTESIAN_POINT('Ctrl Pts',(-106.361410585798,-91.2747272132989,
-255.234676518405));
#11445=CARTESIAN_POINT('Ctrl Pts',(-107.111752735761,-92.7562782580211,
-255.242818965935));
#11446=CARTESIAN_POINT('Ctrl Pts',(-107.488081011011,-93.4992317042584,
-255.247093586362));
#11447=CARTESIAN_POINT('Ctrl Pts',(-107.700274738473,-93.9179113725903,
-255.24922470938));
#11448=CARTESIAN_POINT('Ctrl Pts',(-107.809466444894,-94.1333841703229,
-255.250715282576));
#11449=CARTESIAN_POINT('Ctrl Pts',(-107.854958923451,-94.2226987998688,
-255.250352655319));
#11450=CARTESIAN_POINT('',(-96.6786249481448,-98.5720700621368,-266.));
#11451=CARTESIAN_POINT('',(-107.854958923451,-94.2226987998688,-255.250352655319));
#11452=CARTESIAN_POINT('Ctrl Pts',(-96.6786249481448,-98.5720700621368,
-266.));
#11453=CARTESIAN_POINT('Ctrl Pts',(-98.2250867775192,-97.9150303438119,
-266.));
#11454=CARTESIAN_POINT('Ctrl Pts',(-101.316952504036,-96.6011890074686,
-265.287283646179));
#11455=CARTESIAN_POINT('Ctrl Pts',(-105.178443468144,-95.0236120757665,
-262.265113884138));
#11456=CARTESIAN_POINT('Ctrl Pts',(-107.213529557341,-94.3068365994468,
-258.556451059101));
#11457=CARTESIAN_POINT('Ctrl Pts',(-107.754756931069,-94.2183297219656,
-256.083852025033));
#11458=CARTESIAN_POINT('Ctrl Pts',(-107.854958923452,-94.2226987998687,
-255.250352655319));
#11459=CARTESIAN_POINT('Ctrl Pts',(-79.1675457629166,-64.0363614706794,
-266.));
#11460=CARTESIAN_POINT('Ctrl Pts',(-79.1944902314236,-64.0892939673428,
-266.));
#11461=CARTESIAN_POINT('Ctrl Pts',(-79.2482855155542,-64.1952065942307,
-266.));
#11462=CARTESIAN_POINT('Ctrl Pts',(-79.3558459545907,-64.4070471062009,
-266.));
#11463=CARTESIAN_POINT('Ctrl Pts',(-79.5440010623322,-64.777806445282,-266.));
#11464=CARTESIAN_POINT('Ctrl Pts',(-79.9202231624482,-65.5193698120176,
-266.));
#11465=CARTESIAN_POINT('Ctrl Pts',(-80.6725123630301,-67.0025751842529,
-266.));
#11466=CARTESIAN_POINT('Ctrl Pts',(-82.1768748069292,-69.9690954399366,
-266.));
#11467=CARTESIAN_POINT('Ctrl Pts',(-85.185256822264,-75.9023098437223,-266.));
#11468=CARTESIAN_POINT('Ctrl Pts',(-88.6230922511538,-82.6832862225127,
-266.));
#11469=CARTESIAN_POINT('Ctrl Pts',(-92.0608356601716,-89.4643092703505,
-266.));
#11470=CARTESIAN_POINT('Ctrl Pts',(-94.2094410957424,-93.7024406432707,
-266.));
#11471=CARTESIAN_POINT('Ctrl Pts',(-95.7135599378363,-96.6690844531354,
-266.));
#11472=CARTESIAN_POINT('Ctrl Pts',(-96.3934053561887,-98.0097397358106,
-266.));
#11473=CARTESIAN_POINT('Ctrl Pts',(-96.6434721400286,-98.5027979331689,
-266.));
#11474=CARTESIAN_POINT('Ctrl Pts',(-96.6786105731009,-98.5720773689467,
-266.));
#11475=CARTESIAN_POINT('Ctrl Pts',(-107.854958923451,-94.2226987998688,
-255.250352655319));
#11476=CARTESIAN_POINT('Ctrl Pts',(-107.809466444894,-94.1333841703229,
-255.250715282576));
#11477=CARTESIAN_POINT('Ctrl Pts',(-107.700274738473,-93.9179113725903,
-255.24922470938));
#11478=CARTESIAN_POINT('Ctrl Pts',(-107.488081011011,-93.4992317042584,
-255.247093586362));
#11479=CARTESIAN_POINT('Ctrl Pts',(-107.111752735761,-92.7562782580211,
-255.242818965935));
#11480=CARTESIAN_POINT('Ctrl Pts',(-106.361410585798,-91.2747272132989,
-255.234676518405));
#11481=CARTESIAN_POINT('Ctrl Pts',(-104.857993823013,-88.3057275035572,
-255.218216322921));
#11482=CARTESIAN_POINT('Ctrl Pts',(-102.711619386728,-84.0668047459326,
-255.195029737993));
#11483=CARTESIAN_POINT('Ctrl Pts',(-99.2766458163786,-77.2831333180434,
-255.157926009917));
#11484=CARTESIAN_POINT('Ctrl Pts',(-95.8419528087486,-70.5005431978691,
-255.120898344946));
#11485=CARTESIAN_POINT('Ctrl Pts',(-92.8366616319711,-64.56681424492,-255.088391419785));
#11486=CARTESIAN_POINT('Ctrl Pts',(-91.3332937038571,-61.5989754172196,
-255.071924326232));
#11487=CARTESIAN_POINT('Ctrl Pts',(-90.5818730929234,-60.1158456585937,
-255.063650664805));
#11488=CARTESIAN_POINT('Ctrl Pts',(-90.2047633333957,-59.371675796165,-255.059254527569));
#11489=CARTESIAN_POINT('Ctrl Pts',(-90.0169346417088,-59.0011367629158,
-255.057127794751));
#11490=CARTESIAN_POINT('Ctrl Pts',(-89.9069642123318,-58.7842411885578,
-255.055501376956));
#11491=CARTESIAN_POINT('Ctrl Pts',(-89.8543736440823,-58.6805917051832,
-255.055022217456));
#11492=CARTESIAN_POINT('Ctrl Pts',(-89.8204431309084,-58.6136688766556,
-255.053652076235));
#11493=CARTESIAN_POINT('Origin',(96.6786249481448,48.9885658793572,-254.));
#11494=CARTESIAN_POINT('',(108.594607997839,97.3909938737354,-255.417514712231));
#11495=CARTESIAN_POINT('',(96.6786249481448,98.5720700621367,-266.));
#11496=CARTESIAN_POINT('Ctrl Pts',(108.594607997839,97.3909938737354,-255.417514712231));
#11497=CARTESIAN_POINT('Ctrl Pts',(108.496514353231,97.4384822340419,-256.242114412217));
#11498=CARTESIAN_POINT('Ctrl Pts',(107.946974189333,97.6154994722783,-258.684102907618));
#11499=CARTESIAN_POINT('Ctrl Pts',(105.791725197911,97.8924523721054,-262.335051728695));
#11500=CARTESIAN_POINT('Ctrl Pts',(101.657584781316,98.2340329437311,-265.301499460134));
#11501=CARTESIAN_POINT('Ctrl Pts',(98.3385033971765,98.4595866156222,-266.));
#11502=CARTESIAN_POINT('Ctrl Pts',(96.6786249481448,98.5720700621367,-266.));
#11503=CARTESIAN_POINT('',(108.594607997839,123.95891479141,-255.417514712231));
#11504=CARTESIAN_POINT('',(108.594607997839,48.9885658793572,-255.417514712231));
#11505=CARTESIAN_POINT('',(96.6786249481448,123.95891479141,-266.));
#11506=CARTESIAN_POINT('Origin',(96.6786249481448,123.95891479141,-254.));
#11507=CARTESIAN_POINT('',(96.6786249481448,48.9885658793572,-266.));
#11508=CARTESIAN_POINT('Ctrl Pts',(96.6786249481448,123.95891479141,-266.));
#11509=CARTESIAN_POINT('Ctrl Pts',(96.6786249481448,124.046720400881,-266.));
#11510=CARTESIAN_POINT('Ctrl Pts',(96.6342252188768,124.221191946913,-266.));
#11511=CARTESIAN_POINT('Ctrl Pts',(96.4672289092327,124.431962447431,-266.));
#11512=CARTESIAN_POINT('Ctrl Pts',(96.2686277507805,124.537181161754,-266.));
#11513=CARTESIAN_POINT('Ctrl Pts',(96.136936569329,124.555052193192,-266.));
#11514=CARTESIAN_POINT('Ctrl Pts',(96.0930337645934,124.555052193192,-266.));
#11515=CARTESIAN_POINT('Ctrl Pts',(98.3385033971765,123.95891479141,-266.));
#11516=CARTESIAN_POINT('Ctrl Pts',(98.3246614840537,124.327398255249,-265.999959196092));
#11517=CARTESIAN_POINT('Ctrl Pts',(98.1324608074831,124.976400874915,-265.999901735127));
#11518=CARTESIAN_POINT('Ctrl Pts',(97.5425505814451,125.713027557934,-265.999887252456));
#11519=CARTESIAN_POINT('Ctrl Pts',(96.8294803187664,126.118466500227,-265.999922428881));
#11520=CARTESIAN_POINT('Ctrl Pts',(96.2874055293553,126.217077823009,-265.999975208946));
#11521=CARTESIAN_POINT('Ctrl Pts',(96.0930337645934,126.225414918441,-266.));
#11522=CARTESIAN_POINT('Ctrl Pts',(101.65142989582,123.95891479141,-265.298520861753));
#11523=CARTESIAN_POINT('Ctrl Pts',(101.610112993125,124.887790750974,-265.310306318026));
#11524=CARTESIAN_POINT('Ctrl Pts',(101.123366915577,126.483965517348,-265.324135249017));
#11525=CARTESIAN_POINT('Ctrl Pts',(99.689243878747,128.270400776569,-265.326333368718));
#11526=CARTESIAN_POINT('Ctrl Pts',(97.9490927413227,129.274858727525,-265.313697219207));
#11527=CARTESIAN_POINT('Ctrl Pts',(96.5878159088363,129.53422896971,-265.296659415249));
#11528=CARTESIAN_POINT('Ctrl Pts',(96.0930337645934,129.559112007013,-265.289514324254));
#11529=CARTESIAN_POINT('Ctrl Pts',(106.483212591667,123.95891479141,-261.841444464292));
#11530=CARTESIAN_POINT('Ctrl Pts',(106.41778535254,125.703651076859,-261.908205337014));
#11531=CARTESIAN_POINT('Ctrl Pts',(105.515608285041,128.695787279199,-261.986820913479));
#11532=CARTESIAN_POINT('Ctrl Pts',(102.842031140647,132.028355350029,-261.999363517847));
#11533=CARTESIAN_POINT('Ctrl Pts',(99.5843906702421,133.898020936142,-261.927560829059));
#11534=CARTESIAN_POINT('Ctrl Pts',(97.0240788529625,134.369981177275,-261.831022003805));
#11535=CARTESIAN_POINT('Ctrl Pts',(96.0930337645934,134.409205795143,-261.790595717539));
#11536=CARTESIAN_POINT('Ctrl Pts',(108.300495232587,123.95891479141,-257.889900145133));
#11537=CARTESIAN_POINT('Ctrl Pts',(108.255630029989,126.01216312766,-258.009697132586));
#11538=CARTESIAN_POINT('Ctrl Pts',(107.230351159416,129.554846770064,-258.151535477245));
#11539=CARTESIAN_POINT('Ctrl Pts',(104.074317536701,133.499503255914,-258.174237603151));
#11540=CARTESIAN_POINT('Ctrl Pts',(100.207929393046,135.676492587563,-258.044541971404));
#11541=CARTESIAN_POINT('Ctrl Pts',(97.1870027250661,136.183927590673,-257.871137938391));
#11542=CARTESIAN_POINT('Ctrl Pts',(96.0930337645934,136.210403519839,-257.798754615488));
#11543=CARTESIAN_POINT('Ctrl Pts',(108.594607997839,123.95891479141,-255.417514712231));
#11544=CARTESIAN_POINT('Ctrl Pts',(108.577485535062,126.060393367121,-255.561450414955));
#11545=CARTESIAN_POINT('Ctrl Pts',(107.555118548875,129.714370759252,-255.732792794644));
#11546=CARTESIAN_POINT('Ctrl Pts',(104.30823546918,133.781665249367,-255.760308060428));
#11547=CARTESIAN_POINT('Ctrl Pts',(100.312953071141,135.994862326851,-255.603467721595));
#11548=CARTESIAN_POINT('Ctrl Pts',(97.2107849278819,136.47402076213,-255.394922812906));
#11549=CARTESIAN_POINT('Ctrl Pts',(96.0930337645934,136.48353756793,-255.308142448159));
#11550=CARTESIAN_POINT('',(96.0930337645934,124.555052193192,-266.));
#11551=CARTESIAN_POINT('',(96.0930337645934,136.48353756793,-255.308142448159));
#11552=CARTESIAN_POINT('Origin',(96.0930337645934,124.555052193192,-254.));
#11553=CARTESIAN_POINT('Ctrl Pts',(96.6786249481448,123.95891479141,-266.));
#11554=CARTESIAN_POINT('Ctrl Pts',(96.6786249481448,124.046720400881,-266.));
#11555=CARTESIAN_POINT('Ctrl Pts',(96.6342252188768,124.221191946913,-266.));
#11556=CARTESIAN_POINT('Ctrl Pts',(96.4672289092327,124.431962447431,-266.));
#11557=CARTESIAN_POINT('Ctrl Pts',(96.2686277507805,124.537181161754,-266.));
#11558=CARTESIAN_POINT('Ctrl Pts',(96.136936569329,124.555052193192,-266.));
#11559=CARTESIAN_POINT('Ctrl Pts',(96.0930337645934,124.555052193192,-266.));
#11560=CARTESIAN_POINT('Ctrl Pts',(96.0930337645934,136.48353756793,-255.308142448159));
#11561=CARTESIAN_POINT('Ctrl Pts',(97.2107849278819,136.47402076213,-255.394922812906));
#11562=CARTESIAN_POINT('Ctrl Pts',(100.312953071141,135.994862326851,-255.603467721595));
#11563=CARTESIAN_POINT('Ctrl Pts',(104.30823546918,133.781665249367,-255.760308060428));
#11564=CARTESIAN_POINT('Ctrl Pts',(107.555118548875,129.714370759252,-255.732792794644));
#11565=CARTESIAN_POINT('Ctrl Pts',(108.577485535062,126.060393367121,-255.561450414955));
#11566=CARTESIAN_POINT('Ctrl Pts',(108.594607997839,123.95891479141,-255.417514712231));
#11567=CARTESIAN_POINT('Origin',(58.5,124.555052193192,-254.));
#11568=CARTESIAN_POINT('',(-96.0930337645934,124.555052193192,-266.));
#11569=CARTESIAN_POINT('',(-96.0930337645934,136.48353756793,-255.308142448159));
#11570=CARTESIAN_POINT('Origin',(-96.0930337645934,124.555052193192,-254.));
#11571=CARTESIAN_POINT('',(58.5,124.555052193192,-266.));
#11572=CARTESIAN_POINT('',(58.5,136.48353756793,-255.308142448159));
#11573=CARTESIAN_POINT('Ctrl Pts',(-96.0930337645934,124.555052193192,-266.));
#11574=CARTESIAN_POINT('Ctrl Pts',(-96.1369365865002,124.555052193192,-266.));
#11575=CARTESIAN_POINT('Ctrl Pts',(-96.2246208294234,124.543209657205,-266.));
#11576=CARTESIAN_POINT('Ctrl Pts',(-96.389354272882,124.479032164718,-266.));
#11577=CARTESIAN_POINT('Ctrl Pts',(-96.5614529494217,124.335232614511,-266.));
#11578=CARTESIAN_POINT('Ctrl Pts',(-96.6618743437965,124.134518285843,-266.));
#11579=CARTESIAN_POINT('Ctrl Pts',(-96.6786249481448,124.002817613317,-266.));
#11580=CARTESIAN_POINT('Ctrl Pts',(-96.6786249481448,123.95891479141,-266.));
#11581=CARTESIAN_POINT('Ctrl Pts',(-96.0930337645934,126.225414918441,-266.));
#11582=CARTESIAN_POINT('Ctrl Pts',(-96.2874056053777,126.217077819749,-265.999975208936));
#11583=CARTESIAN_POINT('Ctrl Pts',(-96.6489943881454,126.152482116948,-265.999940813364));
#11584=CARTESIAN_POINT('Ctrl Pts',(-97.2691118830243,125.889355220796,-265.999895190274));
#11585=CARTESIAN_POINT('Ctrl Pts',(-97.8698695074866,125.373549164546,-265.9998889347));
#11586=CARTESIAN_POINT('Ctrl Pts',(-98.2454050547855,124.662873908501,-265.999925483855));
#11587=CARTESIAN_POINT('Ctrl Pts',(-98.3315824379082,124.14315659539,-265.999979598038));
#11588=CARTESIAN_POINT('Ctrl Pts',(-98.3385033971765,123.95891479141,-266.));
#11589=CARTESIAN_POINT('Ctrl Pts',(-96.0930337645935,129.559112007002,-265.289514324247));
#11590=CARTESIAN_POINT('Ctrl Pts',(-96.5878161023549,129.534228959967,-265.296659418036));
#11591=CARTESIAN_POINT('Ctrl Pts',(-97.4961345646444,129.364638321453,-265.308078571353));
#11592=CARTESIAN_POINT('Ctrl Pts',(-99.0254875841677,128.704554415687,-265.32219863146));
#11593=CARTESIAN_POINT('Ctrl Pts',(-100.48185718144,127.446377162958,-265.327256626704));
#11594=CARTESIAN_POINT('Ctrl Pts',(-101.406409422767,125.717575945491,-265.318252252219));
#11595=CARTESIAN_POINT('Ctrl Pts',(-101.630771436382,124.423352952843,-265.304413592188));
#11596=CARTESIAN_POINT('Ctrl Pts',(-101.65142989581,123.95891479141,-265.298520861747));
#11597=CARTESIAN_POINT('Ctrl Pts',(-96.0930337645934,134.409205795121,-261.790595717529));
#11598=CARTESIAN_POINT('Ctrl Pts',(-97.0240792171117,134.369981161912,-261.831022019606));
#11599=CARTESIAN_POINT('Ctrl Pts',(-98.7326512861572,134.061627856989,-261.895714091233));
#11600=CARTESIAN_POINT('Ctrl Pts',(-101.599938211736,132.837944431542,-261.975868324087));
#11601=CARTESIAN_POINT('Ctrl Pts',(-104.320739467959,130.492023777813,-262.004600779404));
#11602=CARTESIAN_POINT('Ctrl Pts',(-106.04132266412,127.261030885292,-261.953358880908));
#11603=CARTESIAN_POINT('Ctrl Pts',(-106.450498959288,124.831283275334,-261.874824913699));
#11604=CARTESIAN_POINT('Ctrl Pts',(-106.483212591646,123.95891479141,-261.841444464282));
#11605=CARTESIAN_POINT('Ctrl Pts',(-96.0930337645934,136.21040351984,-257.798754615488));
#11606=CARTESIAN_POINT('Ctrl Pts',(-97.1870031529379,136.183927580318,-257.871137966701));
#11607=CARTESIAN_POINT('Ctrl Pts',(-99.2023069891031,135.853408593249,-257.987318378899));
#11608=CARTESIAN_POINT('Ctrl Pts',(-102.599725314103,134.44591231636,-258.131745515087));
#11609=CARTESIAN_POINT('Ctrl Pts',(-105.824893794089,131.684901474253,-258.183730784513));
#11610=CARTESIAN_POINT('Ctrl Pts',(-107.835284445246,127.853686366951,-258.091094634136));
#11611=CARTESIAN_POINT('Ctrl Pts',(-108.278062622514,124.985539361067,-257.949798662287));
#11612=CARTESIAN_POINT('Ctrl Pts',(-108.300495232587,123.95891479141,-257.889900145133));
#11613=CARTESIAN_POINT('Ctrl Pts',(-96.0930337645934,136.48353756793,-255.308142448159));
#11614=CARTESIAN_POINT('Ctrl Pts',(-97.2107853650554,136.474020758408,-255.394922846848));
#11615=CARTESIAN_POINT('Ctrl Pts',(-99.2801563712299,136.162342451393,-255.534622917954));
#11616=CARTESIAN_POINT('Ctrl Pts',(-102.782220234994,134.748795574804,-255.708861395103));
#11617=CARTESIAN_POINT('Ctrl Pts',(-106.114388252109,131.913354739586,-255.77182447816));
#11618=CARTESIAN_POINT('Ctrl Pts',(-108.164179061336,127.95787977597,-255.65969775207));
#11619=CARTESIAN_POINT('Ctrl Pts',(-108.586046763102,125.009654490229,-255.489482591741));
#11620=CARTESIAN_POINT('Ctrl Pts',(-108.594607997839,123.95891479141,-255.417514712231));
#11621=CARTESIAN_POINT('',(-96.6786249481448,123.95891479141,-266.));
#11622=CARTESIAN_POINT('',(-108.594607997839,123.95891479141,-255.417514712231));
#11623=CARTESIAN_POINT('Origin',(-96.6786249481448,123.95891479141,-254.));
#11624=CARTESIAN_POINT('Ctrl Pts',(-96.0930337645934,124.555052193192,-266.));
#11625=CARTESIAN_POINT('Ctrl Pts',(-96.1369365865002,124.555052193192,-266.));
#11626=CARTESIAN_POINT('Ctrl Pts',(-96.2246208294234,124.543209657205,-266.));
#11627=CARTESIAN_POINT('Ctrl Pts',(-96.389354272882,124.479032164718,-266.));
#11628=CARTESIAN_POINT('Ctrl Pts',(-96.5614529494217,124.335232614511,-266.));
#11629=CARTESIAN_POINT('Ctrl Pts',(-96.6618743437965,124.134518285843,-266.));
#11630=CARTESIAN_POINT('Ctrl Pts',(-96.6786249481448,124.002817613317,-266.));
#11631=CARTESIAN_POINT('Ctrl Pts',(-96.6786249481448,123.95891479141,-266.));
#11632=CARTESIAN_POINT('Ctrl Pts',(-108.594607997839,123.95891479141,-255.417514712231));
#11633=CARTESIAN_POINT('Ctrl Pts',(-108.586046763102,125.009654490229,-255.489482591741));
#11634=CARTESIAN_POINT('Ctrl Pts',(-108.164179061336,127.95787977597,-255.65969775207));
#11635=CARTESIAN_POINT('Ctrl Pts',(-106.114388252109,131.913354739586,-255.77182447816));
#11636=CARTESIAN_POINT('Ctrl Pts',(-102.782220234994,134.748795574804,-255.708861395103));
#11637=CARTESIAN_POINT('Ctrl Pts',(-99.2801563712299,136.162342451393,-255.534622917954));
#11638=CARTESIAN_POINT('Ctrl Pts',(-97.2107853650554,136.474020758408,-255.394922846848));
#11639=CARTESIAN_POINT('Ctrl Pts',(-96.0930337645934,136.48353756793,-255.308142448159));
#11640=CARTESIAN_POINT('Origin',(-96.6786249481448,71.25,-254.));
#11641=CARTESIAN_POINT('',(-108.594607997839,97.3909938737353,-255.417514712231));
#11642=CARTESIAN_POINT('Ctrl Pts',(-96.6786249481448,98.5720700621367,-266.));
#11643=CARTESIAN_POINT('Ctrl Pts',(-98.3385033971765,98.4595866156223,-266.));
#11644=CARTESIAN_POINT('Ctrl Pts',(-101.657584781316,98.234032943731,-265.301499460134));
#11645=CARTESIAN_POINT('Ctrl Pts',(-105.791725197911,97.8924523721052,-262.335051728695));
#11646=CARTESIAN_POINT('Ctrl Pts',(-107.946974189333,97.6154994722782,-258.684102907618));
#11647=CARTESIAN_POINT('Ctrl Pts',(-108.496514353231,97.4384822340419,-256.242114412217));
#11648=CARTESIAN_POINT('Ctrl Pts',(-108.594607997839,97.3909938737353,-255.417514712231));
#11649=CARTESIAN_POINT('',(-96.6786249481448,71.25,-266.));
#11650=CARTESIAN_POINT('',(-108.594607997839,71.25,-255.417514712231));
#11651=CARTESIAN_POINT('Ctrl Pts',(97.2182764859419,-99.6354250040023,-266.));
#11652=CARTESIAN_POINT('Ctrl Pts',(97.1644010863018,-99.5295531206751,-266.));
#11653=CARTESIAN_POINT('Ctrl Pts',(97.0568791702141,-99.3176930510113,-266.));
#11654=CARTESIAN_POINT('Ctrl Pts',(96.841864276295,-98.8939581921776,-266.));
#11655=CARTESIAN_POINT('Ctrl Pts',(96.4657244852148,-98.1523530707661,-266.));
#11656=CARTESIAN_POINT('Ctrl Pts',(95.7135599518022,-96.6690844806879,-266.));
#11657=CARTESIAN_POINT('Ctrl Pts',(94.2094411209009,-93.702440692894,-266.));
#11658=CARTESIAN_POINT('Ctrl Pts',(92.0608356781246,-89.4643093057677,-266.));
#11659=CARTESIAN_POINT('Ctrl Pts',(88.6230922654986,-82.6832862508065,-266.));
#11660=CARTESIAN_POINT('Ctrl Pts',(85.1852568365814,-75.9023098719623,-266.));
#11661=CARTESIAN_POINT('Ctrl Pts',(82.1768748217958,-69.9690954692535,-266.));
#11662=CARTESIAN_POINT('Ctrl Pts',(80.672512369101,-67.0025751962218,-266.));
#11663=CARTESIAN_POINT('Ctrl Pts',(79.9202231673722,-65.5193698217224,-266.));
#11664=CARTESIAN_POINT('Ctrl Pts',(79.5440010657553,-64.7778064520273,-266.));
#11665=CARTESIAN_POINT('Ctrl Pts',(79.3558459585835,-64.4070471140651,-266.));
#11666=CARTESIAN_POINT('Ctrl Pts',(79.2482855154806,-64.1952065940837,-266.));
#11667=CARTESIAN_POINT('Ctrl Pts',(79.1944902314437,-64.0892939673823,-266.));
#11668=CARTESIAN_POINT('Ctrl Pts',(79.1675457629167,-64.0363614706794,-266.));
#11669=CARTESIAN_POINT('Ctrl Pts',(98.7119062711257,-98.8753563336217,-266.));
#11670=CARTESIAN_POINT('Ctrl Pts',(98.6591823842626,-98.7718240519024,-265.999999899839));
#11671=CARTESIAN_POINT('Ctrl Pts',(98.5515338124701,-98.5594015886836,-266.000000248697));
#11672=CARTESIAN_POINT('Ctrl Pts',(98.337069717859,-98.1362986545915,-266.000000765003));
#11673=CARTESIAN_POINT('Ctrl Pts',(97.961213187237,-97.394346992903,-266.000001648026));
#11674=CARTESIAN_POINT('Ctrl Pts',(97.2098946538928,-95.9110205090214,-266.000002588699));
#11675=CARTESIAN_POINT('Ctrl Pts',(95.7070678855156,-92.9434404325357,-266.000003240428));
#11676=CARTESIAN_POINT('Ctrl Pts',(93.5604605414115,-88.7043436075723,-266.000002154631));
#11677=CARTESIAN_POINT('Ctrl Pts',(90.1258141546491,-81.9215758740387,-266.000002926296));
#11678=CARTESIAN_POINT('Ctrl Pts',(86.6911328827468,-75.1389981511468,-265.999996263481));
#11679=CARTESIAN_POINT('Ctrl Pts',(83.6855844681085,-69.2044974001033,-265.999995827473));
#11680=CARTESIAN_POINT('Ctrl Pts',(82.1825805808469,-66.2371732165489,-265.999996603224));
#11681=CARTESIAN_POINT('Ctrl Pts',(81.4310275901777,-64.753667955244,-265.99999760615));
#11682=CARTESIAN_POINT('Ctrl Pts',(81.0550057865937,-64.0115694575796,-265.999998551846));
#11683=CARTESIAN_POINT('Ctrl Pts',(80.8670548916207,-63.6407613341606,-265.999999059194));
#11684=CARTESIAN_POINT('Ctrl Pts',(80.7592733840136,-63.4281424315317,-265.99999949849));
#11685=CARTESIAN_POINT('Ctrl Pts',(80.7056846031762,-63.3225328481612,-265.999999615663));
#11686=CARTESIAN_POINT('Ctrl Pts',(80.6778508921989,-63.2675640105741,-266.));
#11687=CARTESIAN_POINT('Ctrl Pts',(101.693227477754,-97.358240869015,-265.284771174111));
#11688=CARTESIAN_POINT('Ctrl Pts',(101.64280347753,-97.259380620557,-265.284801119711));
#11689=CARTESIAN_POINT('Ctrl Pts',(101.534900583946,-97.0458357373785,-265.284677968517));
#11690=CARTESIAN_POINT('Ctrl Pts',(101.321534480963,-96.6239957297719,-265.284501892203));
#11691=CARTESIAN_POINT('Ctrl Pts',(100.946239441729,-95.8813540596953,-265.284148531983));
#11692=CARTESIAN_POINT('Ctrl Pts',(100.196601209443,-94.39791635144,-265.283474546923));
#11693=CARTESIAN_POINT('Ctrl Pts',(98.6963341264868,-91.4284762541674,-265.282110166388));
#11694=CARTESIAN_POINT('Ctrl Pts',(96.5536849169952,-87.1874671174971,-265.280184285998));
#11695=CARTESIAN_POINT('Ctrl Pts',(93.1251758403444,-80.4012389152836,-265.277100465894));
#11696=CARTESIAN_POINT('Ctrl Pts',(89.6967343205718,-73.6154937197367,-265.274009524274));
#11697=CARTESIAN_POINT('Ctrl Pts',(86.6968010351453,-67.6784470874865,-265.271295214104));
#11698=CARTESIAN_POINT('Ctrl Pts',(85.1964897282748,-64.7095285900844,-265.269919625959));
#11699=CARTESIAN_POINT('Ctrl Pts',(84.4463975781314,-63.2254294820469,-265.269228667198));
#11700=CARTESIAN_POINT('Ctrl Pts',(84.0707714314617,-62.4822646678892,-265.268861800603));
#11701=CARTESIAN_POINT('Ctrl Pts',(83.8832263102123,-62.1113601763492,-265.268684343817));
#11702=CARTESIAN_POINT('Ctrl Pts',(83.7750018944348,-61.8971876812164,-265.268548665474));
#11703=CARTESIAN_POINT('Ctrl Pts',(83.721825027811,-61.7921834762331,-265.268508683337));
#11704=CARTESIAN_POINT('Ctrl Pts',(83.6922143831114,-61.7331489107928,-265.26839438533));
#11705=CARTESIAN_POINT('Ctrl Pts',(106.023756918458,-95.1545490394265,-261.764063991918));
#11706=CARTESIAN_POINT('Ctrl Pts',(105.976703949978,-95.0624443886246,-261.764233306978));
#11707=CARTESIAN_POINT('Ctrl Pts',(105.868283281929,-94.8473478784015,-261.763537345224));
#11708=CARTESIAN_POINT('Ctrl Pts',(105.656295818939,-94.427447310937,-261.76254221673));
#11709=CARTESIAN_POINT('Ctrl Pts',(105.281388033071,-93.6840220939481,-261.760546022925));
#11710=CARTESIAN_POINT('Ctrl Pts',(104.53337802476,-92.2008341264235,-261.756742857392));
#11711=CARTESIAN_POINT('Ctrl Pts',(103.035195794075,-89.2295252019168,-261.749051655492));
#11712=CARTESIAN_POINT('Ctrl Pts',(100.896001122391,-84.9869044795271,-261.738208573242));
#11713=CARTESIAN_POINT('Ctrl Pts',(97.4726987562317,-78.1975320752492,-261.720837583439));
#11714=CARTESIAN_POINT('Ctrl Pts',(94.049650530352,-71.4090437549679,-261.703474133491));
#11715=CARTESIAN_POINT('Ctrl Pts',(91.0545867268814,-65.4699572806018,-261.688204083562));
#11716=CARTESIAN_POINT('Ctrl Pts',(89.5565093999145,-62.4995716237479,-261.680461858743));
#11717=CARTESIAN_POINT('Ctrl Pts',(88.8076896349222,-61.015037746002,-261.676570130535));
#11718=CARTESIAN_POINT('Ctrl Pts',(88.432186945219,-60.2705604681422,-261.674501745966));
#11719=CARTESIAN_POINT('Ctrl Pts',(88.2450104875511,-59.8996267335781,-261.67350101154));
#11720=CARTESIAN_POINT('Ctrl Pts',(88.1359805205618,-59.6832963420641,-261.672735624962));
#11721=CARTESIAN_POINT('Ctrl Pts',(88.0833492074703,-59.5791905661025,-261.672510141846));
#11722=CARTESIAN_POINT('Ctrl Pts',(88.0510337758241,-59.5143593342997,-261.671865304354));
#11723=CARTESIAN_POINT('Ctrl Pts',(107.621513427456,-94.3414930348982,-257.750516319483));
#11724=CARTESIAN_POINT('Ctrl Pts',(107.575779055838,-94.2518604545176,-257.750819137979));
#11725=CARTESIAN_POINT('Ctrl Pts',(107.466886789099,-94.0363299970929,-257.749574376745));
#11726=CARTESIAN_POINT('Ctrl Pts',(107.255011200234,-93.6173515278456,-257.74779463049));
#11727=CARTESIAN_POINT('Ctrl Pts',(106.879443838201,-92.874042363761,-257.744224576407));
#11728=CARTESIAN_POINT('Ctrl Pts',(106.130500062455,-91.3917250759179,-257.737423134222));
#11729=CARTESIAN_POINT('Ctrl Pts',(104.629966950698,-88.4213023104446,-257.723670451454));
#11730=CARTESIAN_POINT('Ctrl Pts',(102.487623611848,-84.1803257374411,-257.704288811456));
#11731=CARTESIAN_POINT('Ctrl Pts',(99.0591585386269,-77.3933798886517,-257.673257848516));
#11732=CARTESIAN_POINT('Ctrl Pts',(95.6309286242885,-70.6075170323876,-257.64226188292));
#11733=CARTESIAN_POINT('Ctrl Pts',(92.6313751644817,-64.6708664253662,-257.615029670417));
#11734=CARTESIAN_POINT('Ctrl Pts',(91.1309390382646,-61.7015596506095,-257.601229032543));
#11735=CARTESIAN_POINT('Ctrl Pts',(90.380991192066,-60.2176756137046,-257.594293838952));
#11736=CARTESIAN_POINT('Ctrl Pts',(90.0046915467815,-59.4731499931037,-257.590608599344));
#11737=CARTESIAN_POINT('Ctrl Pts',(89.817241751498,-59.1024121499351,-257.58882571005));
#11738=CARTESIAN_POINT('Ctrl Pts',(89.7076089508626,-58.885457401582,-257.587462204319));
#11739=CARTESIAN_POINT('Ctrl Pts',(89.6550836371047,-58.7817236797051,-257.587060502315));
#11740=CARTESIAN_POINT('Ctrl Pts',(89.6215261140063,-58.7149245066612,-257.585911804961));
#11741=CARTESIAN_POINT('Ctrl Pts',(107.854958923451,-94.2226987998688,-255.250352655319));
#11742=CARTESIAN_POINT('Ctrl Pts',(107.80946644486,-94.1333841702565,-255.250715282577));
#11743=CARTESIAN_POINT('Ctrl Pts',(107.70027475559,-93.9179114063643,-255.249224709571));
#11744=CARTESIAN_POINT('Ctrl Pts',(107.488081019633,-93.4992317212904,-255.247093586467));
#11745=CARTESIAN_POINT('Ctrl Pts',(107.111752751725,-92.7562782895409,-255.242818966116));
#11746=CARTESIAN_POINT('Ctrl Pts',(106.361410599842,-91.2747272410411,-255.234676518566));
#11747=CARTESIAN_POINT('Ctrl Pts',(104.857993848178,-88.3057275532552,-255.218216323197));
#11748=CARTESIAN_POINT('Ctrl Pts',(102.711619404707,-84.0668047814438,-255.19502973819));
#11749=CARTESIAN_POINT('Ctrl Pts',(99.2766458307201,-77.2831333463641,-255.157926010073));
#11750=CARTESIAN_POINT('Ctrl Pts',(95.8419528230686,-70.5005432261467,-255.120898345102));
#11751=CARTESIAN_POINT('Ctrl Pts',(92.8366616468469,-64.5668142742881,-255.08839141995));
#11752=CARTESIAN_POINT('Ctrl Pts',(91.3332937099503,-61.5989754292463,-255.071924326303));
#11753=CARTESIAN_POINT('Ctrl Pts',(90.5818730978792,-60.1158456683729,-255.063650664866));
#11754=CARTESIAN_POINT('Ctrl Pts',(90.2047633368501,-59.3716758029806,-255.059254527613));
#11755=CARTESIAN_POINT('Ctrl Pts',(90.0169346457534,-59.0011367708929,-255.057127794806));
#11756=CARTESIAN_POINT('Ctrl Pts',(89.9069642122977,-58.7842411884896,-255.055501376961));
#11757=CARTESIAN_POINT('Ctrl Pts',(89.8543736441077,-58.6805917052332,-255.055022217457));
#11758=CARTESIAN_POINT('Ctrl Pts',(89.8204431309084,-58.6136688766556,-255.053652076235));
#11759=CARTESIAN_POINT('',(107.854958923451,-94.2226987998688,-255.250352655319));
#11760=CARTESIAN_POINT('',(96.6786249481448,-98.5720700621367,-266.));
#11761=CARTESIAN_POINT('Ctrl Pts',(107.854958923451,-94.2226987998688,-255.250352655319));
#11762=CARTESIAN_POINT('Ctrl Pts',(107.754756930643,-94.2183297211328,-256.083852025044));
#11763=CARTESIAN_POINT('Ctrl Pts',(107.213529566916,-94.3068366183594,-258.556451059179));
#11764=CARTESIAN_POINT('Ctrl Pts',(105.178443476306,-95.0236120919515,-262.26511388418));
#11765=CARTESIAN_POINT('Ctrl Pts',(101.316952506868,-96.6011890130534,-265.287283646177));
#11766=CARTESIAN_POINT('Ctrl Pts',(98.2250867784543,-97.9150303456554,-266.));
#11767=CARTESIAN_POINT('Ctrl Pts',(96.6786249481448,-98.5720700621367,-266.));
#11768=CARTESIAN_POINT('',(89.8204431309084,-58.6136688766556,-255.053652076235));
#11769=CARTESIAN_POINT('Ctrl Pts',(89.8204431309084,-58.6136688766556,-255.053652076235));
#11770=CARTESIAN_POINT('Ctrl Pts',(89.8543736441077,-58.6805917052332,-255.055022217457));
#11771=CARTESIAN_POINT('Ctrl Pts',(89.9069642122977,-58.7842411884896,-255.055501376961));
#11772=CARTESIAN_POINT('Ctrl Pts',(90.0169346457534,-59.0011367708929,-255.057127794806));
#11773=CARTESIAN_POINT('Ctrl Pts',(90.2047633368501,-59.3716758029806,-255.059254527613));
#11774=CARTESIAN_POINT('Ctrl Pts',(90.5818730978792,-60.1158456683729,-255.063650664866));
#11775=CARTESIAN_POINT('Ctrl Pts',(91.3332937099503,-61.5989754292463,-255.071924326303));
#11776=CARTESIAN_POINT('Ctrl Pts',(92.8366616468469,-64.5668142742881,-255.08839141995));
#11777=CARTESIAN_POINT('Ctrl Pts',(95.8419528230686,-70.5005432261467,-255.120898345102));
#11778=CARTESIAN_POINT('Ctrl Pts',(99.2766458307201,-77.2831333463641,-255.157926010073));
#11779=CARTESIAN_POINT('Ctrl Pts',(102.711619404707,-84.0668047814438,-255.19502973819));
#11780=CARTESIAN_POINT('Ctrl Pts',(104.857993848178,-88.3057275532552,-255.218216323197));
#11781=CARTESIAN_POINT('Ctrl Pts',(106.361410599842,-91.2747272410411,-255.234676518566));
#11782=CARTESIAN_POINT('Ctrl Pts',(107.111752751725,-92.7562782895409,-255.242818966116));
#11783=CARTESIAN_POINT('Ctrl Pts',(107.488081019633,-93.4992317212904,-255.247093586467));
#11784=CARTESIAN_POINT('Ctrl Pts',(107.70027475559,-93.9179114063643,-255.249224709571));
#11785=CARTESIAN_POINT('Ctrl Pts',(107.80946644486,-94.1333841702565,-255.250715282577));
#11786=CARTESIAN_POINT('Ctrl Pts',(107.854958923451,-94.2226987998688,-255.250352655319));
#11787=CARTESIAN_POINT('',(79.1675457629167,-64.0363614706794,-266.));
#11788=CARTESIAN_POINT('Ctrl Pts',(79.1675457629167,-64.0363614706794,-266.));
#11789=CARTESIAN_POINT('Ctrl Pts',(80.6778508921989,-63.2675640105741,-266.));
#11790=CARTESIAN_POINT('Ctrl Pts',(83.6922143831114,-61.7331489107928,-265.26839438533));
#11791=CARTESIAN_POINT('Ctrl Pts',(88.0510337758241,-59.5143593342997,-261.671865304354));
#11792=CARTESIAN_POINT('Ctrl Pts',(89.6215261140063,-58.7149245066612,-257.585911804961));
#11793=CARTESIAN_POINT('Ctrl Pts',(89.8204431309084,-58.6136688766556,-255.053652076235));
#11794=CARTESIAN_POINT('Ctrl Pts',(96.6786105725367,-98.5720773678405,-266.));
#11795=CARTESIAN_POINT('Ctrl Pts',(96.6434721439608,-98.5027979409272,-266.));
#11796=CARTESIAN_POINT('Ctrl Pts',(96.3934053678681,-98.0097397588409,-266.));
#11797=CARTESIAN_POINT('Ctrl Pts',(95.7135599518022,-96.6690844806879,-266.));
#11798=CARTESIAN_POINT('Ctrl Pts',(94.2094411209009,-93.702440692894,-266.));
#11799=CARTESIAN_POINT('Ctrl Pts',(92.0608356781246,-89.4643093057677,-266.));
#11800=CARTESIAN_POINT('Ctrl Pts',(88.6230922654986,-82.6832862508065,-266.));
#11801=CARTESIAN_POINT('Ctrl Pts',(85.1852568365814,-75.9023098719623,-266.));
#11802=CARTESIAN_POINT('Ctrl Pts',(82.1768748217958,-69.9690954692535,-266.));
#11803=CARTESIAN_POINT('Ctrl Pts',(80.672512369101,-67.0025751962218,-266.));
#11804=CARTESIAN_POINT('Ctrl Pts',(79.9202231673722,-65.5193698217224,-266.));
#11805=CARTESIAN_POINT('Ctrl Pts',(79.5440010657553,-64.7778064520273,-266.));
#11806=CARTESIAN_POINT('Ctrl Pts',(79.3558459585835,-64.4070471140651,-266.));
#11807=CARTESIAN_POINT('Ctrl Pts',(79.2482855154806,-64.1952065940837,-266.));
#11808=CARTESIAN_POINT('Ctrl Pts',(79.1944902314437,-64.0892939673823,-266.));
#11809=CARTESIAN_POINT('Ctrl Pts',(79.1675457629167,-64.0363614706794,-266.));
#11810=CARTESIAN_POINT('Ctrl Pts',(79.1675457629169,-64.0363614706793,-266.));
#11811=CARTESIAN_POINT('Ctrl Pts',(77.393563669712,-60.5513678362636,-266.));
#11812=CARTESIAN_POINT('Ctrl Pts',(76.455277944701,-56.6441925102081,-266.));
#11813=CARTESIAN_POINT('Ctrl Pts',(76.455277944701,-52.7336691310516,-266.));
#11814=CARTESIAN_POINT('Ctrl Pts',(80.6778508921991,-63.267564010574,-266.));
#11815=CARTESIAN_POINT('Ctrl Pts',(79.0162239844824,-60.0235977526642,-265.999973035648));
#11816=CARTESIAN_POINT('Ctrl Pts',(78.1352901921643,-56.3803449903317,-266.000003597803));
#11817=CARTESIAN_POINT('Ctrl Pts',(78.1340433917959,-52.7336691310516,-266.));
#11818=CARTESIAN_POINT('Ctrl Pts',(83.6922609927649,-61.7331251848697,-265.268423264326));
#11819=CARTESIAN_POINT('Ctrl Pts',(82.2550801739935,-58.9704204158949,-265.276442197913));
#11820=CARTESIAN_POINT('Ctrl Pts',(81.4886334789939,-55.8534451943469,-265.281241986758));
#11821=CARTESIAN_POINT('Ctrl Pts',(81.4849094360063,-52.7336691310516,-265.282316728331));
#11822=CARTESIAN_POINT('Ctrl Pts',(88.0510929016862,-59.5143292371942,-261.671892035275));
#11823=CARTESIAN_POINT('Ctrl Pts',(86.9476857065804,-57.4412174832533,-261.71713262322));
#11824=CARTESIAN_POINT('Ctrl Pts',(86.3546871018431,-55.0900099826357,-261.7440256993));
#11825=CARTESIAN_POINT('Ctrl Pts',(86.3488403699483,-52.7336691310516,-261.750100364722));
#11826=CARTESIAN_POINT('Ctrl Pts',(89.6215261140065,-58.714924506661,-257.585911804961));
#11827=CARTESIAN_POINT('Ctrl Pts',(88.6574619677194,-56.882427366714,-257.666502254949));
#11828=CARTESIAN_POINT('Ctrl Pts',(88.1408580903023,-54.80773602382,-257.714638921229));
#11829=CARTESIAN_POINT('Ctrl Pts',(88.1369620444814,-52.7336691310516,-257.725496853072));
#11830=CARTESIAN_POINT('Ctrl Pts',(89.8204431309086,-58.6136688766555,-255.053652076235));
#11831=CARTESIAN_POINT('Ctrl Pts',(88.8888413186381,-56.8022118561334,-255.149778612365));
#11832=CARTESIAN_POINT('Ctrl Pts',(88.3943872359742,-54.7689556661235,-255.207410434469));
#11833=CARTESIAN_POINT('Ctrl Pts',(88.3930587845823,-52.7336691310516,-255.220405104449));
#11834=CARTESIAN_POINT('',(76.4552779447011,-52.7336691310516,-266.));
#11835=CARTESIAN_POINT('',(88.3930587845823,-52.7336691310516,-255.220405104449));
#11836=CARTESIAN_POINT('Origin',(76.4552779447011,-52.7336691310516,-254.));
#11837=CARTESIAN_POINT('Ctrl Pts',(79.1675457629169,-64.0363614706793,-266.));
#11838=CARTESIAN_POINT('Ctrl Pts',(77.393563669712,-60.5513678362636,-266.));
#11839=CARTESIAN_POINT('Ctrl Pts',(76.455277944701,-56.6441925102081,-266.));
#11840=CARTESIAN_POINT('Ctrl Pts',(76.455277944701,-52.7336691310516,-266.));
#11841=CARTESIAN_POINT('Ctrl Pts',(88.3930587845823,-52.7336691310516,-255.220405104449));
#11842=CARTESIAN_POINT('Ctrl Pts',(88.3943872359742,-54.7689556661235,-255.207410434469));
#11843=CARTESIAN_POINT('Ctrl Pts',(88.8888413186381,-56.8022118561334,-255.149778612365));
#11844=CARTESIAN_POINT('Ctrl Pts',(89.8204431309086,-58.6136688766555,-255.053652076235));
#11845=CARTESIAN_POINT('Origin',(76.4552779447008,-27.2614341206429,-254.));
#11846=CARTESIAN_POINT('',(76.4552779447008,52.7336691310516,-266.));
#11847=CARTESIAN_POINT('',(88.393058784582,52.7336691310516,-255.220405104449));
#11848=CARTESIAN_POINT('Origin',(76.4552779447008,52.7336691310516,-254.));
#11849=CARTESIAN_POINT('',(76.4552779447008,-27.2614341206429,-266.));
#11850=CARTESIAN_POINT('',(88.393058784582,-27.2614341206429,-255.220405104449));
#11851=CARTESIAN_POINT('Ctrl Pts',(76.4552779447008,52.7336691310516,-266.));
#11852=CARTESIAN_POINT('Ctrl Pts',(76.4552779447008,56.6441925102082,-266.));
#11853=CARTESIAN_POINT('Ctrl Pts',(77.3935636697117,60.5513678362636,-266.));
#11854=CARTESIAN_POINT('Ctrl Pts',(79.1675457629166,64.0363614706794,-266.));
#11855=CARTESIAN_POINT('Ctrl Pts',(78.1340433917956,52.7336691310516,-266.));
#11856=CARTESIAN_POINT('Ctrl Pts',(78.135290192164,56.3803449903317,-266.000003597803));
#11857=CARTESIAN_POINT('Ctrl Pts',(79.016223984482,60.0235977526641,-265.999973035648));
#11858=CARTESIAN_POINT('Ctrl Pts',(80.6778508921988,63.2675640105741,-266.));
#11859=CARTESIAN_POINT('Ctrl Pts',(81.4849094360061,52.7336691310516,-265.282316728331));
#11860=CARTESIAN_POINT('Ctrl Pts',(81.4886334789937,55.8534451943466,-265.281241986758));
#11861=CARTESIAN_POINT('Ctrl Pts',(82.2550801739929,58.9704204158945,-265.276442197913));
#11862=CARTESIAN_POINT('Ctrl Pts',(83.6922609927646,61.7331251848699,-265.268423264326));
#11863=CARTESIAN_POINT('Ctrl Pts',(86.3488403699481,52.7336691310516,-261.750100364722));
#11864=CARTESIAN_POINT('Ctrl Pts',(86.3546871018429,55.0900099826351,-261.7440256993));
#11865=CARTESIAN_POINT('Ctrl Pts',(86.9476857065796,57.4412174832525,-261.71713262322));
#11866=CARTESIAN_POINT('Ctrl Pts',(88.051092901686,59.5143292371944,-261.671892035275));
#11867=CARTESIAN_POINT('Ctrl Pts',(88.1369620444811,52.7336691310516,-257.725496853072));
#11868=CARTESIAN_POINT('Ctrl Pts',(88.140858090302,54.8077360238192,-257.714638921229));
#11869=CARTESIAN_POINT('Ctrl Pts',(88.6574619677185,56.882427366713,-257.666502254949));
#11870=CARTESIAN_POINT('Ctrl Pts',(89.6215261140062,58.7149245066611,-257.585911804961));
#11871=CARTESIAN_POINT('Ctrl Pts',(88.393058784582,52.7336691310516,-255.220405104449));
#11872=CARTESIAN_POINT('Ctrl Pts',(88.3943872359739,54.7689556661226,-255.207410434469));
#11873=CARTESIAN_POINT('Ctrl Pts',(88.8888413186372,56.8022118561323,-255.149778612365));
#11874=CARTESIAN_POINT('Ctrl Pts',(89.8204431309083,58.6136688766556,-255.053652076235));
#11875=CARTESIAN_POINT('',(79.1675457629166,64.0363614706794,-266.));
#11876=CARTESIAN_POINT('',(89.8204431309083,58.6136688766556,-255.053652076235));
#11877=CARTESIAN_POINT('Ctrl Pts',(79.1675457629166,64.0363614706794,-266.));
#11878=CARTESIAN_POINT('Ctrl Pts',(80.6778508921988,63.2675640105741,-266.));
#11879=CARTESIAN_POINT('Ctrl Pts',(83.6922609927646,61.7331251848699,-265.268423264326));
#11880=CARTESIAN_POINT('Ctrl Pts',(88.051092901686,59.5143292371944,-261.671892035275));
#11881=CARTESIAN_POINT('Ctrl Pts',(89.6215261140062,58.7149245066611,-257.585911804961));
#11882=CARTESIAN_POINT('Ctrl Pts',(89.8204431309083,58.6136688766556,-255.053652076235));
#11883=CARTESIAN_POINT('Ctrl Pts',(76.4552779447008,52.7336691310516,-266.));
#11884=CARTESIAN_POINT('Ctrl Pts',(76.4552779447008,56.6441925102082,-266.));
#11885=CARTESIAN_POINT('Ctrl Pts',(77.3935636697117,60.5513678362636,-266.));
#11886=CARTESIAN_POINT('Ctrl Pts',(79.1675457629166,64.0363614706794,-266.));
#11887=CARTESIAN_POINT('Ctrl Pts',(89.8204431309083,58.6136688766556,-255.053652076235));
#11888=CARTESIAN_POINT('Ctrl Pts',(88.8888413186372,56.8022118561323,-255.149778612365));
#11889=CARTESIAN_POINT('Ctrl Pts',(88.3943872359739,54.7689556661226,-255.207410434469));
#11890=CARTESIAN_POINT('Ctrl Pts',(88.393058784582,52.7336691310516,-255.220405104449));
#11891=CARTESIAN_POINT('Ctrl Pts',(79.1675457629166,64.0363614706795,-266.));
#11892=CARTESIAN_POINT('Ctrl Pts',(79.1944902314236,64.0892939673428,-266.));
#11893=CARTESIAN_POINT('Ctrl Pts',(79.2482855154009,64.1952065943065,-266.));
#11894=CARTESIAN_POINT('Ctrl Pts',(79.3558459565497,64.4070471052061,-266.));
#11895=CARTESIAN_POINT('Ctrl Pts',(79.5440010556849,64.7778064486366,-266.));
#11896=CARTESIAN_POINT('Ctrl Pts',(79.9202232085549,65.519369788658,-266.));
#11897=CARTESIAN_POINT('Ctrl Pts',(80.672512126084,67.002575304101,-266.));
#11898=CARTESIAN_POINT('Ctrl Pts',(82.1768759585295,69.969094857,-266.));
#11899=CARTESIAN_POINT('Ctrl Pts',(85.1852522263889,75.9023121695653,-266.));
#11900=CARTESIAN_POINT('Ctrl Pts',(89.4825636116357,84.3785239901763,-266.));
#11901=CARTESIAN_POINT('Ctrl Pts',(93.3499538915775,92.0072109156032,-266.));
#11902=CARTESIAN_POINT('Ctrl Pts',(95.7135585627941,96.6690851499293,-266.));
#11903=CARTESIAN_POINT('Ctrl Pts',(96.4657246327275,98.152352956757,-266.));
#11904=CARTESIAN_POINT('Ctrl Pts',(96.8418642129564,98.8939582031562,-266.));
#11905=CARTESIAN_POINT('Ctrl Pts',(97.0568791578432,99.3176930147049,-266.));
#11906=CARTESIAN_POINT('Ctrl Pts',(97.164401086342,99.5295531207541,-266.));
#11907=CARTESIAN_POINT('Ctrl Pts',(97.2182764859419,99.6354250040022,-266.));
#11908=CARTESIAN_POINT('Ctrl Pts',(80.6778508921988,63.2675640105741,-266.));
#11909=CARTESIAN_POINT('Ctrl Pts',(80.7056846031554,63.3225328481202,-265.999999615663));
#11910=CARTESIAN_POINT('Ctrl Pts',(80.759273409674,63.4281424889416,-265.999999498091));
#11911=CARTESIAN_POINT('Ctrl Pts',(80.8670549412476,63.6407614415174,-265.999999057828));
#11912=CARTESIAN_POINT('Ctrl Pts',(81.0550058958811,64.0115697181016,-265.999998550111));
#11913=CARTESIAN_POINT('Ctrl Pts',(81.4310281030981,64.7536690076664,-265.999997583377));
#11914=CARTESIAN_POINT('Ctrl Pts',(82.1825808027303,66.2371742879204,-265.999996611233));
#11915=CARTESIAN_POINT('Ctrl Pts',(83.6855904190013,69.2045083822807,-265.999995382303));
#11916=CARTESIAN_POINT('Ctrl Pts',(86.6911207983693,75.1389820346539,-265.99999691351));
#11917=CARTESIAN_POINT('Ctrl Pts',(90.9845246628551,83.617285864451,-265.999999807752));
#11918=CARTESIAN_POINT('Ctrl Pts',(94.8483697677224,91.2477881543593,-266.000003613563));
#11919=CARTESIAN_POINT('Ctrl Pts',(97.2098971915947,95.9110284362846,-266.000003127306));
#11920=CARTESIAN_POINT('Ctrl Pts',(97.9612154226581,97.3943513851718,-266.000001687427));
#11921=CARTESIAN_POINT('Ctrl Pts',(98.3370701303012,98.1362996324031,-266.00000079583));
#11922=CARTESIAN_POINT('Ctrl Pts',(98.5515340967629,98.5594021830912,-266.000000257321));
#11923=CARTESIAN_POINT('Ctrl Pts',(98.659182384302,98.7718240519795,-265.999999899839));
#11924=CARTESIAN_POINT('Ctrl Pts',(98.7119062711257,98.8753563336216,-266.));
#11925=CARTESIAN_POINT('Ctrl Pts',(83.6922143831113,61.7331489107928,-265.26839438533));
#11926=CARTESIAN_POINT('Ctrl Pts',(83.7218250277888,61.7921834761891,-265.268508683337));
#11927=CARTESIAN_POINT('Ctrl Pts',(83.7750019710351,61.8971878533932,-265.268548667494));
#11928=CARTESIAN_POINT('Ctrl Pts',(83.883226461173,62.111360517321,-265.268684347525));
#11929=CARTESIAN_POINT('Ctrl Pts',(84.0707717772604,62.4822654582843,-265.268861809692));
#11930=CARTESIAN_POINT('Ctrl Pts',(84.4463990000493,63.225432723904,-265.269228694045));
#11931=CARTESIAN_POINT('Ctrl Pts',(85.196490897395,64.7095315928501,-265.269919660817));
#11932=CARTESIAN_POINT('Ctrl Pts',(86.6968159211898,67.6784815946205,-265.271295348611));
#11933=CARTESIAN_POINT('Ctrl Pts',(89.696708336636,73.6154403907392,-265.274009103577));
#11934=CARTESIAN_POINT('Ctrl Pts',(93.9823742763281,82.0978880924291,-265.277872436291));
#11935=CARTESIAN_POINT('Ctrl Pts',(97.8392002852017,89.7319859901324,-265.281335577378));
#11936=CARTESIAN_POINT('Ctrl Pts',(100.196612461076,94.39793841009,-265.283475238119));
#11937=CARTESIAN_POINT('Ctrl Pts',(100.946245917174,95.8813674321583,-265.284148756364));
#11938=CARTESIAN_POINT('Ctrl Pts',(101.321535894489,96.6239986188418,-265.284501954894));
#11939=CARTESIAN_POINT('Ctrl Pts',(101.534901475556,97.0458375866043,-265.284678001506));
#11940=CARTESIAN_POINT('Ctrl Pts',(101.642803477567,97.2593806206306,-265.284801119711));
#11941=CARTESIAN_POINT('Ctrl Pts',(101.693227477754,97.358240869015,-265.284771174111));
#11942=CARTESIAN_POINT('Ctrl Pts',(88.0510337758241,59.5143593342997,-261.671865304354));
#11943=CARTESIAN_POINT('Ctrl Pts',(88.0833492074462,59.5791905660543,-261.672510141845));
#11944=CARTESIAN_POINT('Ctrl Pts',(88.1359806758328,59.6832966753899,-261.672735638414));
#11945=CARTESIAN_POINT('Ctrl Pts',(88.2450107997737,59.8996274008522,-261.673501039658));
#11946=CARTESIAN_POINT('Ctrl Pts',(88.4321876539905,60.27056200105,-261.674501806012));
#11947=CARTESIAN_POINT('Ctrl Pts',(88.8076925888173,61.0150440118994,-261.67657040343));
#11948=CARTESIAN_POINT('Ctrl Pts',(89.5565118666125,62.4995773353876,-261.680462005495));
#11949=CARTESIAN_POINT('Ctrl Pts',(91.054618502278,65.470023654409,-261.688207236195));
#11950=CARTESIAN_POINT('Ctrl Pts',(94.0495980612282,71.4089391495213,-261.703468205692));
#11951=CARTESIAN_POINT('Ctrl Pts',(98.3286589696628,79.8950601831089,-261.725200014774));
#11952=CARTESIAN_POINT('Ctrl Pts',(102.179406077374,87.532288953993,-261.744685100224));
#11953=CARTESIAN_POINT('Ctrl Pts',(104.533397894802,92.2008782809948,-261.756743812405));
#11954=CARTESIAN_POINT('Ctrl Pts',(105.281400546235,93.6840484532477,-261.760547069717));
#11955=CARTESIAN_POINT('Ctrl Pts',(105.656298477845,94.4274530416714,-261.762542401458));
#11956=CARTESIAN_POINT('Ctrl Pts',(105.868285012605,94.8473515529785,-261.763537483761));
#11957=CARTESIAN_POINT('Ctrl Pts',(105.976703950013,95.062444388693,-261.764233306978));
#11958=CARTESIAN_POINT('Ctrl Pts',(106.023756918458,95.1545490394264,-261.764063991918));
#11959=CARTESIAN_POINT('Ctrl Pts',(89.6215261140062,58.7149245066611,-257.585911804961));
#11960=CARTESIAN_POINT('Ctrl Pts',(89.6550836370797,58.7817236796554,-257.587060502314));
#11961=CARTESIAN_POINT('Ctrl Pts',(89.7076091375132,58.8854577937764,-257.587462228035));
#11962=CARTESIAN_POINT('Ctrl Pts',(89.8172421235249,59.1024129386278,-257.588825759295));
#11963=CARTESIAN_POINT('Ctrl Pts',(90.0046924009509,59.4731517983106,-257.590608705235));
#11964=CARTESIAN_POINT('Ctrl Pts',(90.3809946320442,60.2176830467214,-257.594294310961));
#11965=CARTESIAN_POINT('Ctrl Pts',(91.1309421293964,61.7015663289887,-257.601229298566));
#11966=CARTESIAN_POINT('Ctrl Pts',(92.6314106626907,64.6709458919972,-257.615035008836));
#11967=CARTESIAN_POINT('Ctrl Pts',(95.6308696181165,70.6073920621721,-257.64225171537));
#11968=CARTESIAN_POINT('Ctrl Pts',(99.9164224158187,79.0903389744007,-257.681042225595));
#11969=CARTESIAN_POINT('Ctrl Pts',(103.772902722632,86.7246874233944,-257.715862657394));
#11970=CARTESIAN_POINT('Ctrl Pts',(106.130528314864,91.3917752827584,-257.737425212012));
#11971=CARTESIAN_POINT('Ctrl Pts',(106.879459393508,92.8740732405687,-257.744226477522));
#11972=CARTESIAN_POINT('Ctrl Pts',(107.255014675027,93.6173581723388,-257.74779498225));
#11973=CARTESIAN_POINT('Ctrl Pts',(107.466888967847,94.0363342971183,-257.749574630654));
#11974=CARTESIAN_POINT('Ctrl Pts',(107.575779055872,94.2518604545842,-257.750819137979));
#11975=CARTESIAN_POINT('Ctrl Pts',(107.621513427456,94.3414930348982,-257.750516319483));
#11976=CARTESIAN_POINT('Ctrl Pts',(89.8204431309083,58.6136688766556,-255.053652076235));
#11977=CARTESIAN_POINT('Ctrl Pts',(89.8543736440824,58.6805917051834,-255.055022217456));
#11978=CARTESIAN_POINT('Ctrl Pts',(89.9069644098308,58.7842415819603,-255.05550140539));
#11979=CARTESIAN_POINT('Ctrl Pts',(90.0169350446373,59.0011375604873,-255.057127854133));
#11980=CARTESIAN_POINT('Ctrl Pts',(90.2047642385353,59.3716776123004,-255.059254654334));
#11981=CARTESIAN_POINT('Ctrl Pts',(90.5818768710548,60.1158530757214,-255.063651238483));
#11982=CARTESIAN_POINT('Ctrl Pts',(91.3332968066804,61.5989821172467,-255.071924632698));
#11983=CARTESIAN_POINT('Ctrl Pts',(92.8367024071378,64.5668928444763,-255.088398008486));
#11984=CARTESIAN_POINT('Ctrl Pts',(95.8418851274994,70.5004186766235,-255.120885817939));
#11985=CARTESIAN_POINT('Ctrl Pts',(100.135574858794,78.9792621933956,-255.167227594973));
#11986=CARTESIAN_POINT('Ctrl Pts',(103.999300286822,86.6099359216489,-255.208871375801));
#11987=CARTESIAN_POINT('Ctrl Pts',(106.361435538747,91.2747800646534,-255.23467872723));
#11988=CARTESIAN_POINT('Ctrl Pts',(107.111768702945,92.7563097105705,-255.242821220451));
#11989=CARTESIAN_POINT('Ctrl Pts',(107.488084390697,93.4992385644364,-255.247093991501));
#11990=CARTESIAN_POINT('Ctrl Pts',(107.700276962405,93.917915794019,-255.249225008947));
#11991=CARTESIAN_POINT('Ctrl Pts',(107.809466444894,94.1333841703229,-255.250715282576));
#11992=CARTESIAN_POINT('Ctrl Pts',(107.854958923451,94.2226987998688,-255.250352655319));
#11993=CARTESIAN_POINT('',(107.854958923451,94.2226987998688,-255.250352655319));
#11994=CARTESIAN_POINT('Ctrl Pts',(96.6786249481448,98.5720700621367,-266.));
#11995=CARTESIAN_POINT('Ctrl Pts',(98.2250867775192,97.9150303438118,-266.));
#11996=CARTESIAN_POINT('Ctrl Pts',(101.316952504036,96.6011890074686,-265.287283646179));
#11997=CARTESIAN_POINT('Ctrl Pts',(105.178443468144,95.0236120757666,-262.265113884138));
#11998=CARTESIAN_POINT('Ctrl Pts',(107.213529557341,94.3068365994469,-258.556451059101));
#11999=CARTESIAN_POINT('Ctrl Pts',(107.754756931068,94.2183297219658,-256.083852025033));
#12000=CARTESIAN_POINT('Ctrl Pts',(107.854958923451,94.2226987998689,-255.250352655319));
#12001=CARTESIAN_POINT('Ctrl Pts',(79.1675457629166,64.0363614706795,-266.));
#12002=CARTESIAN_POINT('Ctrl Pts',(79.1944902314236,64.0892939673428,-266.));
#12003=CARTESIAN_POINT('Ctrl Pts',(79.2482855154009,64.1952065943065,-266.));
#12004=CARTESIAN_POINT('Ctrl Pts',(79.3558459565497,64.4070471052061,-266.));
#12005=CARTESIAN_POINT('Ctrl Pts',(79.5440010556849,64.7778064486366,-266.));
#12006=CARTESIAN_POINT('Ctrl Pts',(79.9202232085549,65.519369788658,-266.));
#12007=CARTESIAN_POINT('Ctrl Pts',(80.672512126084,67.002575304101,-266.));
#12008=CARTESIAN_POINT('Ctrl Pts',(82.1768759585295,69.969094857,-266.));
#12009=CARTESIAN_POINT('Ctrl Pts',(85.1852522263889,75.9023121695653,-266.));
#12010=CARTESIAN_POINT('Ctrl Pts',(89.4825636116357,84.3785239901763,-266.));
#12011=CARTESIAN_POINT('Ctrl Pts',(93.3499538915775,92.0072109156032,-266.));
#12012=CARTESIAN_POINT('Ctrl Pts',(95.7135585627941,96.6690851499293,-266.));
#12013=CARTESIAN_POINT('Ctrl Pts',(96.3934053717193,98.0097397281697,-266.));
#12014=CARTESIAN_POINT('Ctrl Pts',(96.6434721577408,98.5027979243274,-266.));
#12015=CARTESIAN_POINT('Ctrl Pts',(96.6786105865008,98.5720773622761,-266.));
#12016=CARTESIAN_POINT('Ctrl Pts',(107.854958923451,94.2226987998688,-255.250352655319));
#12017=CARTESIAN_POINT('Ctrl Pts',(107.809466444894,94.1333841703229,-255.250715282576));
#12018=CARTESIAN_POINT('Ctrl Pts',(107.700276962405,93.917915794019,-255.249225008947));
#12019=CARTESIAN_POINT('Ctrl Pts',(107.488084390697,93.4992385644364,-255.247093991501));
#12020=CARTESIAN_POINT('Ctrl Pts',(107.111768702945,92.7563097105705,-255.242821220451));
#12021=CARTESIAN_POINT('Ctrl Pts',(106.361435538747,91.2747800646534,-255.23467872723));
#12022=CARTESIAN_POINT('Ctrl Pts',(103.999300286822,86.6099359216489,-255.208871375801));
#12023=CARTESIAN_POINT('Ctrl Pts',(100.135574858794,78.9792621933956,-255.167227594973));
#12024=CARTESIAN_POINT('Ctrl Pts',(95.8418851274994,70.5004186766235,-255.120885817939));
#12025=CARTESIAN_POINT('Ctrl Pts',(92.8367024071378,64.5668928444763,-255.088398008486));
#12026=CARTESIAN_POINT('Ctrl Pts',(91.3332968066804,61.5989821172467,-255.071924632698));
#12027=CARTESIAN_POINT('Ctrl Pts',(90.5818768710548,60.1158530757214,-255.063651238483));
#12028=CARTESIAN_POINT('Ctrl Pts',(90.2047642385353,59.3716776123004,-255.059254654334));
#12029=CARTESIAN_POINT('Ctrl Pts',(90.0169350446373,59.0011375604873,-255.057127854133));
#12030=CARTESIAN_POINT('Ctrl Pts',(89.9069644098308,58.7842415819603,-255.05550140539));
#12031=CARTESIAN_POINT('Ctrl Pts',(89.8543736440824,58.6805917051834,-255.055022217456));
#12032=CARTESIAN_POINT('Ctrl Pts',(89.8204431309083,58.6136688766556,-255.053652076235));
#12033=CARTESIAN_POINT('Origin',(-96.6786249481448,-48.9885658793572,-254.));
#12034=CARTESIAN_POINT('',(-108.594607997839,-97.3909938737353,-255.417514712231));
#12035=CARTESIAN_POINT('Ctrl Pts',(-108.59460799784,-97.3909938737353,-255.417514712231));
#12036=CARTESIAN_POINT('Ctrl Pts',(-108.496514353232,-97.4384822340419,
-256.242114412217));
#12037=CARTESIAN_POINT('Ctrl Pts',(-107.946974189333,-97.6154994722783,
-258.684102907618));
#12038=CARTESIAN_POINT('Ctrl Pts',(-105.791725197911,-97.8924523721055,
-262.335051728695));
#12039=CARTESIAN_POINT('Ctrl Pts',(-101.657584781316,-98.2340329437311,
-265.301499460134));
#12040=CARTESIAN_POINT('Ctrl Pts',(-98.3385033971765,-98.4595866156223,
-266.));
#12041=CARTESIAN_POINT('Ctrl Pts',(-96.6786249481448,-98.5720700621368,
-266.));
#12042=CARTESIAN_POINT('',(-108.594607997839,-123.95891479141,-255.417514712231));
#12043=CARTESIAN_POINT('',(-108.594607997839,-48.9885658793572,-255.417514712231));
#12044=CARTESIAN_POINT('',(-96.6786249481448,-123.95891479141,-266.));
#12045=CARTESIAN_POINT('Origin',(-96.6786249481448,-123.95891479141,-254.));
#12046=CARTESIAN_POINT('',(-96.6786249481448,-48.9885658793572,-266.));
#12047=CARTESIAN_POINT('Ctrl Pts',(-96.6786249481448,-123.95891479141,-266.));
#12048=CARTESIAN_POINT('Ctrl Pts',(-96.6786249481448,-124.046720400882,
-266.));
#12049=CARTESIAN_POINT('Ctrl Pts',(-96.634225218877,-124.221191946913,-266.));
#12050=CARTESIAN_POINT('Ctrl Pts',(-96.4672289092329,-124.431962447431,
-266.));
#12051=CARTESIAN_POINT('Ctrl Pts',(-96.2686277507807,-124.537181161754,
-266.));
#12052=CARTESIAN_POINT('Ctrl Pts',(-96.136936569329,-124.555052193192,-266.));
#12053=CARTESIAN_POINT('Ctrl Pts',(-96.0930337645934,-124.555052193192,
-266.));
#12054=CARTESIAN_POINT('Ctrl Pts',(-98.3385033971765,-123.95891479141,-266.));
#12055=CARTESIAN_POINT('Ctrl Pts',(-98.3246614840537,-124.32739825525,-265.999959196092));
#12056=CARTESIAN_POINT('Ctrl Pts',(-98.1324608074834,-124.976400874915,
-265.999901735127));
#12057=CARTESIAN_POINT('Ctrl Pts',(-97.5425505814455,-125.713027557934,
-265.999887252456));
#12058=CARTESIAN_POINT('Ctrl Pts',(-96.8294803187674,-126.118466500227,
-265.999922428881));
#12059=CARTESIAN_POINT('Ctrl Pts',(-96.2874055293551,-126.217077823009,
-265.999975208946));
#12060=CARTESIAN_POINT('Ctrl Pts',(-96.0930337645934,-126.225414918441,
-266.));
#12061=CARTESIAN_POINT('Ctrl Pts',(-101.65142989582,-123.95891479141,-265.298520861753));
#12062=CARTESIAN_POINT('Ctrl Pts',(-101.610112993125,-124.887790750976,
-265.310306318026));
#12063=CARTESIAN_POINT('Ctrl Pts',(-101.123366915577,-126.483965517349,
-265.324135249017));
#12064=CARTESIAN_POINT('Ctrl Pts',(-99.6892438787481,-128.270400776569,
-265.326333368717));
#12065=CARTESIAN_POINT('Ctrl Pts',(-97.9490927413252,-129.274858727525,
-265.313697219207));
#12066=CARTESIAN_POINT('Ctrl Pts',(-96.5878159088359,-129.53422896971,-265.296659415249));
#12067=CARTESIAN_POINT('Ctrl Pts',(-96.0930337645934,-129.559112007013,
-265.289514324254));
#12068=CARTESIAN_POINT('Ctrl Pts',(-106.483212591667,-123.95891479141,-261.841444464292));
#12069=CARTESIAN_POINT('Ctrl Pts',(-106.41778535254,-125.703651076862,-261.908205337014));
#12070=CARTESIAN_POINT('Ctrl Pts',(-105.515608285042,-128.6957872792,-261.986820913479));
#12071=CARTESIAN_POINT('Ctrl Pts',(-102.842031140649,-132.028355350029,
-261.999363517847));
#12072=CARTESIAN_POINT('Ctrl Pts',(-99.5843906702468,-133.898020936141,
-261.927560829059));
#12073=CARTESIAN_POINT('Ctrl Pts',(-97.0240788529617,-134.369981177275,
-261.831022003805));
#12074=CARTESIAN_POINT('Ctrl Pts',(-96.0930337645934,-134.409205795143,
-261.790595717539));
#12075=CARTESIAN_POINT('Ctrl Pts',(-108.300495232587,-123.958914791409,
-257.889900145133));
#12076=CARTESIAN_POINT('Ctrl Pts',(-108.255630029989,-126.012163127663,
-258.009697132586));
#12077=CARTESIAN_POINT('Ctrl Pts',(-107.230351159418,-129.554846770065,
-258.151535477245));
#12078=CARTESIAN_POINT('Ctrl Pts',(-104.074317536704,-133.499503255914,
-258.174237603151));
#12079=CARTESIAN_POINT('Ctrl Pts',(-100.207929393052,-135.676492587563,
-258.044541971405));
#12080=CARTESIAN_POINT('Ctrl Pts',(-97.1870027250651,-136.183927590673,
-257.871137938391));
#12081=CARTESIAN_POINT('Ctrl Pts',(-96.0930337645934,-136.21040351984,-257.798754615488));
#12082=CARTESIAN_POINT('Ctrl Pts',(-108.594607997839,-123.958914791409,
-255.417514712231));
#12083=CARTESIAN_POINT('Ctrl Pts',(-108.577485535062,-126.060393367124,
-255.561450414956));
#12084=CARTESIAN_POINT('Ctrl Pts',(-107.555118548876,-129.714370759253,
-255.732792794644));
#12085=CARTESIAN_POINT('Ctrl Pts',(-104.308235469183,-133.781665249367,
-255.760308060428));
#12086=CARTESIAN_POINT('Ctrl Pts',(-100.312953071147,-135.99486232685,-255.603467721595));
#12087=CARTESIAN_POINT('Ctrl Pts',(-97.2107849278809,-136.47402076213,-255.394922812906));
#12088=CARTESIAN_POINT('Ctrl Pts',(-96.0930337645934,-136.48353756793,-255.308142448159));
#12089=CARTESIAN_POINT('',(-96.0930337645934,-124.555052193192,-266.));
#12090=CARTESIAN_POINT('',(-96.0930337645934,-136.48353756793,-255.308142448159));
#12091=CARTESIAN_POINT('Origin',(-96.0930337645934,-124.555052193192,-254.));
#12092=CARTESIAN_POINT('Ctrl Pts',(-96.6786249481448,-123.95891479141,-266.));
#12093=CARTESIAN_POINT('Ctrl Pts',(-96.6786249481448,-124.046720400882,
-266.));
#12094=CARTESIAN_POINT('Ctrl Pts',(-96.634225218877,-124.221191946913,-266.));
#12095=CARTESIAN_POINT('Ctrl Pts',(-96.4672289092329,-124.431962447431,
-266.));
#12096=CARTESIAN_POINT('Ctrl Pts',(-96.2686277507807,-124.537181161754,
-266.));
#12097=CARTESIAN_POINT('Ctrl Pts',(-96.136936569329,-124.555052193192,-266.));
#12098=CARTESIAN_POINT('Ctrl Pts',(-96.0930337645934,-124.555052193192,
-266.));
#12099=CARTESIAN_POINT('Ctrl Pts',(-96.0930337645934,-136.48353756793,-255.308142448159));
#12100=CARTESIAN_POINT('Ctrl Pts',(-97.2107849278809,-136.47402076213,-255.394922812906));
#12101=CARTESIAN_POINT('Ctrl Pts',(-100.312953071147,-135.99486232685,-255.603467721595));
#12102=CARTESIAN_POINT('Ctrl Pts',(-104.308235469183,-133.781665249367,
-255.760308060428));
#12103=CARTESIAN_POINT('Ctrl Pts',(-107.555118548876,-129.714370759253,
-255.732792794644));
#12104=CARTESIAN_POINT('Ctrl Pts',(-108.577485535062,-126.060393367124,
-255.561450414956));
#12105=CARTESIAN_POINT('Ctrl Pts',(-108.594607997839,-123.958914791409,
-255.417514712231));
#12106=CARTESIAN_POINT('Ctrl Pts',(96.0930337645934,-124.555052193192,-266.));
#12107=CARTESIAN_POINT('Ctrl Pts',(96.136936569329,-124.555052193192,-266.));
#12108=CARTESIAN_POINT('Ctrl Pts',(96.2246380538689,-124.54317002629,-266.));
#12109=CARTESIAN_POINT('Ctrl Pts',(96.3481553372719,-124.495067012746,-266.));
#12110=CARTESIAN_POINT('Ctrl Pts',(96.4949857964125,-124.396872051831,-266.));
#12111=CARTESIAN_POINT('Ctrl Pts',(96.6342814345806,-124.221174065802,-266.));
#12112=CARTESIAN_POINT('Ctrl Pts',(96.6786249481448,-124.046720400881,-266.));
#12113=CARTESIAN_POINT('Ctrl Pts',(96.6786249481448,-123.95891479141,-266.));
#12114=CARTESIAN_POINT('Ctrl Pts',(96.0930337645934,-126.225414918441,-266.));
#12115=CARTESIAN_POINT('Ctrl Pts',(96.2874055293553,-126.217077823009,-265.999975208946));
#12116=CARTESIAN_POINT('Ctrl Pts',(96.6489858396458,-126.152160784478,-265.999941732186));
#12117=CARTESIAN_POINT('Ctrl Pts',(97.114481105379,-125.955431796891,-265.999906348091));
#12118=CARTESIAN_POINT('Ctrl Pts',(97.6410610885898,-125.590884628963,-265.999888026845));
#12119=CARTESIAN_POINT('Ctrl Pts',(98.1323219803229,-124.975864747427,-265.999900657825));
#12120=CARTESIAN_POINT('Ctrl Pts',(98.3246614840537,-124.327398255249,-265.999959196092));
#12121=CARTESIAN_POINT('Ctrl Pts',(98.3385033971765,-123.95891479141,-266.));
#12122=CARTESIAN_POINT('Ctrl Pts',(96.0930337645934,-129.559112007013,-265.289514324254));
#12123=CARTESIAN_POINT('Ctrl Pts',(96.5878159088362,-129.53422896971,-265.296659415248));
#12124=CARTESIAN_POINT('Ctrl Pts',(97.4960461234182,-129.363783275876,-265.308065427395));
#12125=CARTESIAN_POINT('Ctrl Pts',(98.6443818423097,-128.870469635358,-265.318700834124));
#12126=CARTESIAN_POINT('Ctrl Pts',(99.9290489355668,-127.974407058264,-265.326002382676));
#12127=CARTESIAN_POINT('Ctrl Pts',(101.122886721641,-126.482346020865,-265.324103854402));
#12128=CARTESIAN_POINT('Ctrl Pts',(101.610112993125,-124.887790750975,-265.310306318026));
#12129=CARTESIAN_POINT('Ctrl Pts',(101.65142989582,-123.95891479141,-265.298520861753));
#12130=CARTESIAN_POINT('Ctrl Pts',(96.0930337645934,-134.409205795143,-261.790595717539));
#12131=CARTESIAN_POINT('Ctrl Pts',(97.0240788529624,-134.369981177275,-261.831022003805));
#12132=CARTESIAN_POINT('Ctrl Pts',(98.7326886546344,-134.059713371019,-261.895635532097));
#12133=CARTESIAN_POINT('Ctrl Pts',(100.885446457496,-133.145664718312,-261.956009857907));
#12134=CARTESIAN_POINT('Ctrl Pts',(103.288686877311,-131.476770692168,-261.997475962513));
#12135=CARTESIAN_POINT('Ctrl Pts',(105.514393990656,-128.692969508951,-261.98665228291));
#12136=CARTESIAN_POINT('Ctrl Pts',(106.41778535254,-125.70365107686,-261.908205337015));
#12137=CARTESIAN_POINT('Ctrl Pts',(106.483212591667,-123.95891479141,-261.841444464292));
#12138=CARTESIAN_POINT('Ctrl Pts',(96.0930337645934,-136.21040351984,-257.798754615488));
#12139=CARTESIAN_POINT('Ctrl Pts',(97.1870027250659,-136.183927590673,-257.871137938391));
#12140=CARTESIAN_POINT('Ctrl Pts',(99.2021886257851,-135.851236633177,-257.987176897027));
#12141=CARTESIAN_POINT('Ctrl Pts',(101.753068942684,-134.799804438419,-258.095952101629));
#12142=CARTESIAN_POINT('Ctrl Pts',(104.601732781014,-132.846183359187,-258.170804061656));
#12143=CARTESIAN_POINT('Ctrl Pts',(107.229483268766,-129.551180636681,-258.15124558877));
#12144=CARTESIAN_POINT('Ctrl Pts',(108.255630029989,-126.01216312766,-258.009697132586));
#12145=CARTESIAN_POINT('Ctrl Pts',(108.300495232587,-123.95891479141,-257.889900145133));
#12146=CARTESIAN_POINT('Ctrl Pts',(96.0930337645934,-136.48353756793,-255.308142448159));
#12147=CARTESIAN_POINT('Ctrl Pts',(97.2107849278817,-136.47402076213,-255.394922812906));
#12148=CARTESIAN_POINT('Ctrl Pts',(99.2803031471753,-136.159785845525,-255.534451813066));
#12149=CARTESIAN_POINT('Ctrl Pts',(101.909298265679,-135.104258747874,-255.665666694482));
#12150=CARTESIAN_POINT('Ctrl Pts',(104.850111488609,-133.108491759582,-255.756127419324));
#12151=CARTESIAN_POINT('Ctrl Pts',(107.554070660849,-129.711025270874,-255.732460360025));
#12152=CARTESIAN_POINT('Ctrl Pts',(108.577485535062,-126.060393367121,-255.561450414955));
#12153=CARTESIAN_POINT('Ctrl Pts',(108.594607997839,-123.95891479141,-255.417514712231));
#12154=CARTESIAN_POINT('',(96.6786249481448,-123.95891479141,-266.));
#12155=CARTESIAN_POINT('',(108.594607997839,-123.95891479141,-255.417514712231));
#12156=CARTESIAN_POINT('Origin',(96.6786249481448,-123.95891479141,-254.));
#12157=CARTESIAN_POINT('',(96.0930337645934,-124.555052193192,-266.));
#12158=CARTESIAN_POINT('Ctrl Pts',(96.0930337645934,-124.555052193192,-266.));
#12159=CARTESIAN_POINT('Ctrl Pts',(96.136936569329,-124.555052193192,-266.));
#12160=CARTESIAN_POINT('Ctrl Pts',(96.2246380538689,-124.54317002629,-266.));
#12161=CARTESIAN_POINT('Ctrl Pts',(96.3481553372719,-124.495067012746,-266.));
#12162=CARTESIAN_POINT('Ctrl Pts',(96.4949857964125,-124.396872051831,-266.));
#12163=CARTESIAN_POINT('Ctrl Pts',(96.6342814345806,-124.221174065802,-266.));
#12164=CARTESIAN_POINT('Ctrl Pts',(96.6786249481448,-124.046720400881,-266.));
#12165=CARTESIAN_POINT('Ctrl Pts',(96.6786249481448,-123.95891479141,-266.));
#12166=CARTESIAN_POINT('',(96.0930337645934,-136.48353756793,-255.308142448159));
#12167=CARTESIAN_POINT('Origin',(96.0930337645934,-124.555052193192,-254.));
#12168=CARTESIAN_POINT('Ctrl Pts',(108.594607997839,-123.95891479141,-255.417514712231));
#12169=CARTESIAN_POINT('Ctrl Pts',(108.577485535062,-126.060393367121,-255.561450414955));
#12170=CARTESIAN_POINT('Ctrl Pts',(107.554070660849,-129.711025270874,-255.732460360025));
#12171=CARTESIAN_POINT('Ctrl Pts',(104.850111488609,-133.108491759582,-255.756127419324));
#12172=CARTESIAN_POINT('Ctrl Pts',(101.909298265679,-135.104258747874,-255.665666694482));
#12173=CARTESIAN_POINT('Ctrl Pts',(99.2803031471753,-136.159785845525,-255.534451813066));
#12174=CARTESIAN_POINT('Ctrl Pts',(97.2107849278817,-136.47402076213,-255.394922812906));
#12175=CARTESIAN_POINT('Ctrl Pts',(96.0930337645934,-136.48353756793,-255.308142448159));
#12176=CARTESIAN_POINT('Origin',(96.6786249481448,-71.25,-254.));
#12177=CARTESIAN_POINT('',(108.594607997839,-97.3909938737354,-255.417514712231));
#12178=CARTESIAN_POINT('Ctrl Pts',(96.6786249481448,-98.5720700621367,-266.));
#12179=CARTESIAN_POINT('Ctrl Pts',(98.3385033971765,-98.4595866156222,-266.));
#12180=CARTESIAN_POINT('Ctrl Pts',(101.657584781316,-98.2340329437309,-265.301499460134));
#12181=CARTESIAN_POINT('Ctrl Pts',(105.791725197911,-97.8924523721053,-262.335051728695));
#12182=CARTESIAN_POINT('Ctrl Pts',(107.946974189333,-97.6154994722782,-258.684102907618));
#12183=CARTESIAN_POINT('Ctrl Pts',(108.496514353231,-97.4384822340419,-256.242114412217));
#12184=CARTESIAN_POINT('Ctrl Pts',(108.594607997839,-97.3909938737354,-255.417514712231));
#12185=CARTESIAN_POINT('',(96.6786249481448,-71.25,-266.));
#12186=CARTESIAN_POINT('',(108.594607997839,-71.25,-255.417514712231));
#12187=CARTESIAN_POINT('Origin',(-58.5,-124.555052193192,-254.));
#12188=CARTESIAN_POINT('',(-58.5,-124.555052193192,-266.));
#12189=CARTESIAN_POINT('',(-58.5,-136.48353756793,-255.308142448159));
#12190=CARTESIAN_POINT('Ctrl Pts',(96.6786249481448,-98.5720700621367,-266.));
#12191=CARTESIAN_POINT('Ctrl Pts',(96.6786249481448,-98.5720700621367,-266.));
#12192=CARTESIAN_POINT('Ctrl Pts',(96.6786249481448,-98.5720700621367,-266.));
#12193=CARTESIAN_POINT('Ctrl Pts',(96.6786249481448,-98.5720700621366,-266.));
#12194=CARTESIAN_POINT('Ctrl Pts',(96.6786249481448,-98.5720700621366,-266.));
#12195=CARTESIAN_POINT('Ctrl Pts',(96.6786249481448,-98.5720700621366,-266.));
#12196=CARTESIAN_POINT('Ctrl Pts',(96.6786249481448,-98.5720700621366,-266.));
#12197=CARTESIAN_POINT('Ctrl Pts',(96.6786249481448,-98.5720700621367,-266.));
#12198=CARTESIAN_POINT('Ctrl Pts',(96.6786249481448,-98.5720700621367,-266.));
#12199=CARTESIAN_POINT('Ctrl Pts',(98.3385033971765,-98.4595866156222,-266.));
#12200=CARTESIAN_POINT('Ctrl Pts',(98.3370922533474,-98.4531648364862,-265.99995968303));
#12201=CARTESIAN_POINT('Ctrl Pts',(98.334361788767,-98.4425816758468,-265.999881583189));
#12202=CARTESIAN_POINT('Ctrl Pts',(98.3284665260233,-98.4188802911352,-266.000333621032));
#12203=CARTESIAN_POINT('Ctrl Pts',(98.3187009598473,-98.3684488641182,-265.999991247384));
#12204=CARTESIAN_POINT('Ctrl Pts',(98.2998999451742,-98.282547563268,-265.999382013116));
#12205=CARTESIAN_POINT('Ctrl Pts',(98.2663523638038,-98.1224284859899,-265.9994327428));
#12206=CARTESIAN_POINT('Ctrl Pts',(98.2401075950052,-97.9925088956743,-265.999813464383));
#12207=CARTESIAN_POINT('Ctrl Pts',(98.2250867784543,-97.9150303456554,-266.));
#12208=CARTESIAN_POINT('Ctrl Pts',(101.657584781316,-98.2340329437309,-265.301499460134));
#12209=CARTESIAN_POINT('Ctrl Pts',(101.655737346317,-98.2157538356147,-265.302563301037));
#12210=CARTESIAN_POINT('Ctrl Pts',(101.651707326412,-98.1746432640829,-265.304618042691));
#12211=CARTESIAN_POINT('Ctrl Pts',(101.64370339144,-98.0936682524961,-265.307511209525));
#12212=CARTESIAN_POINT('Ctrl Pts',(101.627627940814,-97.9648248529317,-265.313432930753));
#12213=CARTESIAN_POINT('Ctrl Pts',(101.589823711483,-97.6900979099193,-265.321683809767));
#12214=CARTESIAN_POINT('Ctrl Pts',(101.496466618133,-97.205520600959,-265.321838550698));
#12215=CARTESIAN_POINT('Ctrl Pts',(101.386362699739,-96.8083241703875,-265.303708861259));
#12216=CARTESIAN_POINT('Ctrl Pts',(101.316952506868,-96.6011890130534,-265.287283646177));
#12217=CARTESIAN_POINT('Ctrl Pts',(105.791725197911,-97.8924523721053,-262.335051728695));
#12218=CARTESIAN_POINT('Ctrl Pts',(105.791794752649,-97.8601219544053,-262.335315035635));
#12219=CARTESIAN_POINT('Ctrl Pts',(105.791507648843,-97.795088923144,-262.33580657825));
#12220=CARTESIAN_POINT('Ctrl Pts',(105.788452194827,-97.6537178986503,-262.337353253342));
#12221=CARTESIAN_POINT('Ctrl Pts',(105.781202959834,-97.3955879010109,-262.33591028984));
#12222=CARTESIAN_POINT('Ctrl Pts',(105.749895835374,-96.9294973127495,-262.326722619706));
#12223=CARTESIAN_POINT('Ctrl Pts',(105.60095044288,-96.0681544612719,-262.302350226742));
#12224=CARTESIAN_POINT('Ctrl Pts',(105.350394935163,-95.3682000300411,-262.274527729624));
#12225=CARTESIAN_POINT('Ctrl Pts',(105.178443476306,-95.0236120919515,-262.26511388418));
#12226=CARTESIAN_POINT('Ctrl Pts',(107.946974189333,-97.6154994722782,-258.684102907618));
#12227=CARTESIAN_POINT('Ctrl Pts',(107.947277106498,-97.5762054142116,-258.683493678639));
#12228=CARTESIAN_POINT('Ctrl Pts',(107.946790359153,-97.4797876887419,-258.682524395223));
#12229=CARTESIAN_POINT('Ctrl Pts',(107.946099936044,-97.2844209636247,-258.677022676127));
#12230=CARTESIAN_POINT('Ctrl Pts',(107.941681298724,-97.0265330010771,-258.665770980335));
#12231=CARTESIAN_POINT('Ctrl Pts',(107.902165317778,-96.4840502398162,-258.638355751757));
#12232=CARTESIAN_POINT('Ctrl Pts',(107.732198901541,-95.5210753494452,-258.575812260843));
#12233=CARTESIAN_POINT('Ctrl Pts',(107.430378403567,-94.7237511686433,-258.54701829304));
#12234=CARTESIAN_POINT('Ctrl Pts',(107.213529566916,-94.3068366183594,-258.556451059179));
#12235=CARTESIAN_POINT('Ctrl Pts',(108.496514353231,-97.4384822340419,-256.242114412217));
#12236=CARTESIAN_POINT('Ctrl Pts',(108.496683451529,-97.3990009225806,-256.241179210318));
#12237=CARTESIAN_POINT('Ctrl Pts',(108.496705296054,-97.2920304810885,-256.239965734932));
#12238=CARTESIAN_POINT('Ctrl Pts',(108.49468535068,-97.1581303199956,-256.237262114127));
#12239=CARTESIAN_POINT('Ctrl Pts',(108.483386064091,-96.8837172126572,-256.229042055715));
#12240=CARTESIAN_POINT('Ctrl Pts',(108.434743053409,-96.3361979605686,-256.195755926775));
#12241=CARTESIAN_POINT('Ctrl Pts',(108.258352731773,-95.394034688961,-256.112883369387));
#12242=CARTESIAN_POINT('Ctrl Pts',(107.970619283878,-94.6388088638991,-256.072360108908));
#12243=CARTESIAN_POINT('Ctrl Pts',(107.754756930643,-94.2183297211328,-256.083852025044));
#12244=CARTESIAN_POINT('Ctrl Pts',(108.594607997839,-97.3909938737354,-255.417514712231));
#12245=CARTESIAN_POINT('Ctrl Pts',(108.594658712247,-97.3521852680666,-255.417088394242));
#12246=CARTESIAN_POINT('Ctrl Pts',(108.594032298886,-97.274490248078,-255.416915919479));
#12247=CARTESIAN_POINT('Ctrl Pts',(108.590487463318,-97.1188548121227,-255.41399075161));
#12248=CARTESIAN_POINT('Ctrl Pts',(108.57793668085,-96.8460129097847,-255.404575573049));
#12249=CARTESIAN_POINT('Ctrl Pts',(108.5269925149,-96.299887283123,-255.370675082642));
#12250=CARTESIAN_POINT('Ctrl Pts',(108.347849718258,-95.3716919872198,-255.283756330577));
#12251=CARTESIAN_POINT('Ctrl Pts',(108.067275413711,-94.6368234958897,-255.236916854515));
#12252=CARTESIAN_POINT('Ctrl Pts',(107.854958923451,-94.2226987998688,-255.250352655319));
#12253=CARTESIAN_POINT('Ctrl Pts',(107.854958923451,-94.2226987998688,-255.250352655319));
#12254=CARTESIAN_POINT('Ctrl Pts',(108.067275413711,-94.6368234958897,-255.236916854515));
#12255=CARTESIAN_POINT('Ctrl Pts',(108.347849718258,-95.3716919872198,-255.283756330577));
#12256=CARTESIAN_POINT('Ctrl Pts',(108.5269925149,-96.299887283123,-255.370675082642));
#12257=CARTESIAN_POINT('Ctrl Pts',(108.57793668085,-96.8460129097847,-255.404575573049));
#12258=CARTESIAN_POINT('Ctrl Pts',(108.590487463318,-97.1188548121227,-255.41399075161));
#12259=CARTESIAN_POINT('Ctrl Pts',(108.594032298886,-97.274490248078,-255.416915919479));
#12260=CARTESIAN_POINT('Ctrl Pts',(108.594658712247,-97.3521852680666,-255.417088394242));
#12261=CARTESIAN_POINT('Ctrl Pts',(108.594607997839,-97.3909938737354,-255.417514712231));
#12262=CARTESIAN_POINT('Ctrl Pts',(96.6786249481448,98.5720700621367,-266.));
#12263=CARTESIAN_POINT('Ctrl Pts',(96.6786249481448,98.5720700621367,-266.));
#12264=CARTESIAN_POINT('Ctrl Pts',(96.6786249481448,98.5720700621367,-266.));
#12265=CARTESIAN_POINT('Ctrl Pts',(96.6786249481448,98.5720700621367,-266.));
#12266=CARTESIAN_POINT('Ctrl Pts',(96.6786249481448,98.5720700621367,-266.));
#12267=CARTESIAN_POINT('Ctrl Pts',(96.6786249481448,98.5720700621367,-266.));
#12268=CARTESIAN_POINT('Ctrl Pts',(96.6786249481448,98.5720700621367,-266.));
#12269=CARTESIAN_POINT('Ctrl Pts',(96.6786249481448,98.5720700621367,-266.));
#12270=CARTESIAN_POINT('Ctrl Pts',(98.2250867775192,97.9150303438118,-266.));
#12271=CARTESIAN_POINT('Ctrl Pts',(98.2451145329703,98.018335077855,-265.999751286341));
#12272=CARTESIAN_POINT('Ctrl Pts',(98.2776503455262,98.1797459547762,-265.999156225281));
#12273=CARTESIAN_POINT('Ctrl Pts',(98.3133109465872,98.3420266153123,-265.999757560101));
#12274=CARTESIAN_POINT('Ctrl Pts',(98.3284494971228,98.4187173361049,-266.000334626164));
#12275=CARTESIAN_POINT('Ctrl Pts',(98.3343701790843,98.4426957211916,-265.999879579615));
#12276=CARTESIAN_POINT('Ctrl Pts',(98.33709225334,98.4531648364909,-265.999959683029));
#12277=CARTESIAN_POINT('Ctrl Pts',(98.3385033971765,98.4595866156222,-266.));
#12278=CARTESIAN_POINT('Ctrl Pts',(101.316952504036,96.6011890074686,-265.287283646179));
#12279=CARTESIAN_POINT('Ctrl Pts',(101.40949942838,96.8773692179903,-265.309183932268));
#12280=CARTESIAN_POINT('Ctrl Pts',(101.539069430912,97.3709764339433,-265.327174702481));
#12281=CARTESIAN_POINT('Ctrl Pts',(101.61869330737,97.8898704121054,-265.316850923527));
#12282=CARTESIAN_POINT('Ctrl Pts',(101.643672274531,98.0937084006191,-265.307511106315));
#12283=CARTESIAN_POINT('Ctrl Pts',(101.651716922515,98.1745721868395,-265.304619885712));
#12284=CARTESIAN_POINT('Ctrl Pts',(101.655737346307,98.215753835685,-265.302563301044));
#12285=CARTESIAN_POINT('Ctrl Pts',(101.657584781316,98.2340329437311,-265.301499460134));
#12286=CARTESIAN_POINT('Ctrl Pts',(105.178443468144,95.0236120757666,-262.265113884138));
#12287=CARTESIAN_POINT('Ctrl Pts',(105.407712079138,95.4830626596973,-262.277665679195));
#12288=CARTESIAN_POINT('Ctrl Pts',(105.691134613084,96.3807207824127,-262.313972826124));
#12289=CARTESIAN_POINT('Ctrl Pts',(105.777709742749,97.2558536798417,-262.334578351269));
#12290=CARTESIAN_POINT('Ctrl Pts',(105.788384291833,97.6531114740927,-262.337389161657));
#12291=CARTESIAN_POINT('Ctrl Pts',(105.791533663637,97.7954436652159,-262.335782490746));
#12292=CARTESIAN_POINT('Ctrl Pts',(105.791794752661,97.8601219547295,-262.335315035628));
#12293=CARTESIAN_POINT('Ctrl Pts',(105.791725197911,97.8924523721054,-262.335051728695));
#12294=CARTESIAN_POINT('Ctrl Pts',(107.213529557341,94.3068365994469,-258.556451059101));
#12295=CARTESIAN_POINT('Ctrl Pts',(107.502661339671,94.8627226654136,-258.543874036382));
#12296=CARTESIAN_POINT('Ctrl Pts',(107.833847429509,95.8515109361678,-258.59803257869));
#12297=CARTESIAN_POINT('Ctrl Pts',(107.938110427585,96.8770956241478,-258.659923588739));
#12298=CARTESIAN_POINT('Ctrl Pts',(107.946176316231,97.2845854672671,-258.676983169226));
#12299=CARTESIAN_POINT('Ctrl Pts',(107.946740261332,97.4796908282799,-258.682552248147));
#12300=CARTESIAN_POINT('Ctrl Pts',(107.947277106507,97.5762054147191,-258.683493678612));
#12301=CARTESIAN_POINT('Ctrl Pts',(107.946974189333,97.6154994722783,-258.684102907618));
#12302=CARTESIAN_POINT('Ctrl Pts',(107.754756931068,94.2183297219658,-256.083852025033));
#12303=CARTESIAN_POINT('Ctrl Pts',(108.042573401975,94.7789685784166,-256.068529469031));
#12304=CARTESIAN_POINT('Ctrl Pts',(108.356146280862,95.7067965715332,-256.142630558484));
#12305=CARTESIAN_POINT('Ctrl Pts',(108.476582723407,96.7276038454533,-256.224312789608));
#12306=CARTESIAN_POINT('Ctrl Pts',(108.49471100235,97.1580702711229,-256.237263036512));
#12307=CARTESIAN_POINT('Ctrl Pts',(108.496688652531,97.2920609862983,-256.239964284925));
#12308=CARTESIAN_POINT('Ctrl Pts',(108.496683451526,97.3990009225058,-256.241179210321));
#12309=CARTESIAN_POINT('Ctrl Pts',(108.496514353231,97.4384822340419,-256.242114412217));
#12310=CARTESIAN_POINT('Ctrl Pts',(107.854958923451,94.2226987998689,-255.250352655319));
#12311=CARTESIAN_POINT('Ctrl Pts',(108.138047577117,94.7748650612382,-255.232438254404));
#12312=CARTESIAN_POINT('Ctrl Pts',(108.444379751482,95.6750008059061,-255.31701377244));
#12313=CARTESIAN_POINT('Ctrl Pts',(108.570681998082,96.6901640637832,-255.399298752255));
#12314=CARTESIAN_POINT('Ctrl Pts',(108.590491931133,97.1188503625949,-255.413977291109));
#12315=CARTESIAN_POINT('Ctrl Pts',(108.594027937205,97.2744931763865,-255.416919915713));
#12316=CARTESIAN_POINT('Ctrl Pts',(108.594658712247,97.3521852680665,-255.417088394242));
#12317=CARTESIAN_POINT('Ctrl Pts',(108.594607997839,97.3909938737354,-255.417514712231));
#12318=CARTESIAN_POINT('Ctrl Pts',(108.594607997839,97.3909938737354,-255.417514712231));
#12319=CARTESIAN_POINT('Ctrl Pts',(108.594658712247,97.3521852680665,-255.417088394242));
#12320=CARTESIAN_POINT('Ctrl Pts',(108.594027937205,97.2744931763865,-255.416919915713));
#12321=CARTESIAN_POINT('Ctrl Pts',(108.590491931133,97.1188503625949,-255.413977291109));
#12322=CARTESIAN_POINT('Ctrl Pts',(108.570681998082,96.6901640637832,-255.399298752255));
#12323=CARTESIAN_POINT('Ctrl Pts',(108.444379751482,95.6750008059061,-255.31701377244));
#12324=CARTESIAN_POINT('Ctrl Pts',(108.138047577117,94.7748650612382,-255.232438254404));
#12325=CARTESIAN_POINT('Ctrl Pts',(107.854958923451,94.2226987998689,-255.250352655319));
#12326=CARTESIAN_POINT('Ctrl Pts',(-96.6786249481448,98.5720700621367,-266.));
#12327=CARTESIAN_POINT('Ctrl Pts',(-96.6786249481448,98.5720700621367,-266.));
#12328=CARTESIAN_POINT('Ctrl Pts',(-96.6786249481449,98.5720700621367,-266.));
#12329=CARTESIAN_POINT('Ctrl Pts',(-96.6786249481448,98.5720700621367,-266.));
#12330=CARTESIAN_POINT('Ctrl Pts',(-96.6786249481448,98.5720700621367,-266.));
#12331=CARTESIAN_POINT('Ctrl Pts',(-96.6786249481448,98.5720700621367,-266.));
#12332=CARTESIAN_POINT('Ctrl Pts',(-96.6786249481448,98.5720700621367,-266.));
#12333=CARTESIAN_POINT('Ctrl Pts',(-96.6786249481448,98.5720700621367,-266.));
#12334=CARTESIAN_POINT('Ctrl Pts',(-96.6786249481448,98.5720700621367,-266.));
#12335=CARTESIAN_POINT('Ctrl Pts',(-98.3385033971765,98.4595866156223,-266.));
#12336=CARTESIAN_POINT('Ctrl Pts',(-98.3370922533474,98.4531648364866,-265.99995968303));
#12337=CARTESIAN_POINT('Ctrl Pts',(-98.334361788767,98.4425816758466,-265.999881583189));
#12338=CARTESIAN_POINT('Ctrl Pts',(-98.3284665260233,98.4188802911352,-266.000333621032));
#12339=CARTESIAN_POINT('Ctrl Pts',(-98.3187009598474,98.3684488641182,-265.999991247384));
#12340=CARTESIAN_POINT('Ctrl Pts',(-98.299899945174,98.2825475632677,-265.999382013116));
#12341=CARTESIAN_POINT('Ctrl Pts',(-98.2663523638039,98.1224284859899,-265.9994327428));
#12342=CARTESIAN_POINT('Ctrl Pts',(-98.2401075950045,97.9925088956729,-265.999813464383));
#12343=CARTESIAN_POINT('Ctrl Pts',(-98.2250867784543,97.9150303456555,-266.));
#12344=CARTESIAN_POINT('Ctrl Pts',(-101.657584781316,98.234032943731,-265.301499460134));
#12345=CARTESIAN_POINT('Ctrl Pts',(-101.655737346317,98.2157538356142,-265.302563301037));
#12346=CARTESIAN_POINT('Ctrl Pts',(-101.651707326412,98.1746432640833,-265.304618042691));
#12347=CARTESIAN_POINT('Ctrl Pts',(-101.64370339144,98.0936682524963,-265.307511209526));
#12348=CARTESIAN_POINT('Ctrl Pts',(-101.627627940814,97.9648248529319,-265.313432930753));
#12349=CARTESIAN_POINT('Ctrl Pts',(-101.589823711483,97.6900979099198,-265.321683809767));
#12350=CARTESIAN_POINT('Ctrl Pts',(-101.496466618133,97.205520600959,-265.321838550698));
#12351=CARTESIAN_POINT('Ctrl Pts',(-101.38636269974,96.8083241703897,-265.30370886126));
#12352=CARTESIAN_POINT('Ctrl Pts',(-101.316952506868,96.6011890130535,-265.287283646177));
#12353=CARTESIAN_POINT('Ctrl Pts',(-105.791725197911,97.8924523721052,-262.335051728695));
#12354=CARTESIAN_POINT('Ctrl Pts',(-105.791794752649,97.8601219544059,-262.335315035635));
#12355=CARTESIAN_POINT('Ctrl Pts',(-105.791507648843,97.7950889231438,-262.33580657825));
#12356=CARTESIAN_POINT('Ctrl Pts',(-105.788452194827,97.6537178986503,-262.337353253342));
#12357=CARTESIAN_POINT('Ctrl Pts',(-105.781202959834,97.3955879010108,-262.33591028984));
#12358=CARTESIAN_POINT('Ctrl Pts',(-105.749895835374,96.929497312749,-262.326722619706));
#12359=CARTESIAN_POINT('Ctrl Pts',(-105.60095044288,96.0681544612719,-262.302350226742));
#12360=CARTESIAN_POINT('Ctrl Pts',(-105.350394935161,95.3682000300387,-262.274527729624));
#12361=CARTESIAN_POINT('Ctrl Pts',(-105.178443476306,95.0236120919516,-262.26511388418));
#12362=CARTESIAN_POINT('Ctrl Pts',(-107.946974189333,97.6154994722782,-258.684102907618));
#12363=CARTESIAN_POINT('Ctrl Pts',(-107.947277106498,97.5762054142107,-258.683493678639));
#12364=CARTESIAN_POINT('Ctrl Pts',(-107.946790359153,97.4797876887426,-258.682524395223));
#12365=CARTESIAN_POINT('Ctrl Pts',(-107.946099936044,97.2844209636251,-258.677022676127));
#12366=CARTESIAN_POINT('Ctrl Pts',(-107.941681298724,97.0265330010774,-258.665770980335));
#12367=CARTESIAN_POINT('Ctrl Pts',(-107.902165317779,96.484050239817,-258.638355751757));
#12368=CARTESIAN_POINT('Ctrl Pts',(-107.732198901541,95.5210753494453,-258.575812260844));
#12369=CARTESIAN_POINT('Ctrl Pts',(-107.430378403569,94.7237511686469,-258.54701829304));
#12370=CARTESIAN_POINT('Ctrl Pts',(-107.213529566916,94.3068366183595,-258.556451059179));
#12371=CARTESIAN_POINT('Ctrl Pts',(-108.496514353231,97.4384822340419,-256.242114412217));
#12372=CARTESIAN_POINT('Ctrl Pts',(-108.496683451529,97.3990009225826,-256.241179210317));
#12373=CARTESIAN_POINT('Ctrl Pts',(-108.496705296054,97.2920304810884,-256.239965734932));
#12374=CARTESIAN_POINT('Ctrl Pts',(-108.494685350679,97.1581303199953,-256.237262114127));
#12375=CARTESIAN_POINT('Ctrl Pts',(-108.483386064091,96.8837172126567,-256.229042055715));
#12376=CARTESIAN_POINT('Ctrl Pts',(-108.434743053408,96.3361979605667,-256.195755926775));
#12377=CARTESIAN_POINT('Ctrl Pts',(-108.258352731773,95.394034688961,-256.112883369387));
#12378=CARTESIAN_POINT('Ctrl Pts',(-107.970619283874,94.6388088638907,-256.072360108907));
#12379=CARTESIAN_POINT('Ctrl Pts',(-107.754756930643,94.2183297211328,-256.083852025044));
#12380=CARTESIAN_POINT('Ctrl Pts',(-108.594607997839,97.3909938737353,-255.417514712231));
#12381=CARTESIAN_POINT('Ctrl Pts',(-108.594658712247,97.3521852680665,-255.417088394242));
#12382=CARTESIAN_POINT('Ctrl Pts',(-108.594032298886,97.274490248078,-255.416915919479));
#12383=CARTESIAN_POINT('Ctrl Pts',(-108.590487463319,97.1188548121227,-255.41399075161));
#12384=CARTESIAN_POINT('Ctrl Pts',(-108.57793668085,96.8460129097847,-255.404575573049));
#12385=CARTESIAN_POINT('Ctrl Pts',(-108.5269925149,96.299887283123,-255.370675082642));
#12386=CARTESIAN_POINT('Ctrl Pts',(-108.347849718258,95.3716919872199,-255.283756330577));
#12387=CARTESIAN_POINT('Ctrl Pts',(-108.067275413711,94.6368234958897,-255.236916854515));
#12388=CARTESIAN_POINT('Ctrl Pts',(-107.854958923451,94.2226987998688,-255.250352655319));
#12389=CARTESIAN_POINT('Ctrl Pts',(-107.854958923451,94.2226987998688,-255.250352655319));
#12390=CARTESIAN_POINT('Ctrl Pts',(-108.067275413711,94.6368234958897,-255.236916854515));
#12391=CARTESIAN_POINT('Ctrl Pts',(-108.347849718258,95.3716919872199,-255.283756330577));
#12392=CARTESIAN_POINT('Ctrl Pts',(-108.5269925149,96.299887283123,-255.370675082642));
#12393=CARTESIAN_POINT('Ctrl Pts',(-108.57793668085,96.8460129097847,-255.404575573049));
#12394=CARTESIAN_POINT('Ctrl Pts',(-108.590487463319,97.1188548121227,-255.41399075161));
#12395=CARTESIAN_POINT('Ctrl Pts',(-108.594032298886,97.274490248078,-255.416915919479));
#12396=CARTESIAN_POINT('Ctrl Pts',(-108.594658712247,97.3521852680665,-255.417088394242));
#12397=CARTESIAN_POINT('Ctrl Pts',(-108.594607997839,97.3909938737353,-255.417514712231));
#12398=CARTESIAN_POINT('Ctrl Pts',(-96.6786249481448,-98.5720700621368,
-266.));
#12399=CARTESIAN_POINT('Ctrl Pts',(-96.6786249481448,-98.5720700621368,
-266.));
#12400=CARTESIAN_POINT('Ctrl Pts',(-96.6786249481448,-98.5720700621367,
-266.));
#12401=CARTESIAN_POINT('Ctrl Pts',(-96.6786249481448,-98.5720700621368,
-266.));
#12402=CARTESIAN_POINT('Ctrl Pts',(-96.6786249481448,-98.5720700621368,
-266.));
#12403=CARTESIAN_POINT('Ctrl Pts',(-96.6786249481448,-98.5720700621367,
-266.));
#12404=CARTESIAN_POINT('Ctrl Pts',(-96.6786249481448,-98.5720700621368,
-266.));
#12405=CARTESIAN_POINT('Ctrl Pts',(-96.6786249481448,-98.5720700621368,
-266.));
#12406=CARTESIAN_POINT('Ctrl Pts',(-98.2250867775192,-97.9150303438119,
-266.));
#12407=CARTESIAN_POINT('Ctrl Pts',(-98.2451145330062,-98.0183350779269,
-265.999751286344));
#12408=CARTESIAN_POINT('Ctrl Pts',(-98.2776503455196,-98.1797459547623,
-265.99915622528));
#12409=CARTESIAN_POINT('Ctrl Pts',(-98.313310946591,-98.3420266153205,-265.999757560101));
#12410=CARTESIAN_POINT('Ctrl Pts',(-98.3284494971228,-98.4187173361044,
-266.000334626164));
#12411=CARTESIAN_POINT('Ctrl Pts',(-98.3343701790846,-98.4426957211937,
-265.999879579615));
#12412=CARTESIAN_POINT('Ctrl Pts',(-98.3370922533399,-98.4531648364864,
-265.99995968303));
#12413=CARTESIAN_POINT('Ctrl Pts',(-98.3385033971765,-98.4595866156223,
-266.));
#12414=CARTESIAN_POINT('Ctrl Pts',(-101.316952504036,-96.6011890074686,
-265.287283646179));
#12415=CARTESIAN_POINT('Ctrl Pts',(-101.409499428327,-96.8773692178848,
-265.309183932262));
#12416=CARTESIAN_POINT('Ctrl Pts',(-101.539069430922,-97.3709764339638,
-265.327174702481));
#12417=CARTESIAN_POINT('Ctrl Pts',(-101.618693307364,-97.8898704120933,
-265.316850923526));
#12418=CARTESIAN_POINT('Ctrl Pts',(-101.643672274531,-98.0937084006197,
-265.307511106315));
#12419=CARTESIAN_POINT('Ctrl Pts',(-101.651716922515,-98.1745721868365,
-265.304619885712));
#12420=CARTESIAN_POINT('Ctrl Pts',(-101.655737346307,-98.2157538356918,
-265.302563301043));
#12421=CARTESIAN_POINT('Ctrl Pts',(-101.657584781316,-98.2340329437311,
-265.301499460134));
#12422=CARTESIAN_POINT('Ctrl Pts',(-105.178443468144,-95.0236120757665,
-262.265113884138));
#12423=CARTESIAN_POINT('Ctrl Pts',(-105.407712079199,-95.4830626598199,
-262.277665679202));
#12424=CARTESIAN_POINT('Ctrl Pts',(-105.691134613073,-96.3807207823888,
-262.313972826123));
#12425=CARTESIAN_POINT('Ctrl Pts',(-105.777709742757,-97.2558536798553,
-262.33457835127));
#12426=CARTESIAN_POINT('Ctrl Pts',(-105.788384291834,-97.6531114740914,
-262.337389161657));
#12427=CARTESIAN_POINT('Ctrl Pts',(-105.791533663638,-97.795443665219,-262.335782490746));
#12428=CARTESIAN_POINT('Ctrl Pts',(-105.791794752661,-97.8601219547217,
-262.335315035629));
#12429=CARTESIAN_POINT('Ctrl Pts',(-105.791725197911,-97.8924523721055,
-262.335051728695));
#12430=CARTESIAN_POINT('Ctrl Pts',(-107.213529557341,-94.3068365994468,
-258.556451059101));
#12431=CARTESIAN_POINT('Ctrl Pts',(-107.502661339578,-94.8627226652288,
-258.543874036372));
#12432=CARTESIAN_POINT('Ctrl Pts',(-107.833847429526,-95.851510936202,-258.598032578691));
#12433=CARTESIAN_POINT('Ctrl Pts',(-107.938110427575,-96.8770956241265,
-258.659923588738));
#12434=CARTESIAN_POINT('Ctrl Pts',(-107.946176316232,-97.2845854672662,
-258.676983169225));
#12435=CARTESIAN_POINT('Ctrl Pts',(-107.946740261331,-97.4796908282731,
-258.682552248147));
#12436=CARTESIAN_POINT('Ctrl Pts',(-107.947277106508,-97.576205414731,-258.683493678612));
#12437=CARTESIAN_POINT('Ctrl Pts',(-107.946974189333,-97.6154994722783,
-258.684102907618));
#12438=CARTESIAN_POINT('Ctrl Pts',(-107.754756931069,-94.2183297219656,
-256.083852025033));
#12439=CARTESIAN_POINT('Ctrl Pts',(-108.042573402164,-94.7789685787956,
-256.068529469051));
#12440=CARTESIAN_POINT('Ctrl Pts',(-108.356146280827,-95.7067965714592,
-256.142630558481));
#12441=CARTESIAN_POINT('Ctrl Pts',(-108.476582723428,-96.7276038454969,
-256.224312789611));
#12442=CARTESIAN_POINT('Ctrl Pts',(-108.494711002351,-97.1580702711206,
-256.237263036512));
#12443=CARTESIAN_POINT('Ctrl Pts',(-108.496688652533,-97.2920609863006,
-256.239964284925));
#12444=CARTESIAN_POINT('Ctrl Pts',(-108.496683451527,-97.3990009224815,
-256.241179210323));
#12445=CARTESIAN_POINT('Ctrl Pts',(-108.496514353232,-97.4384822340419,
-256.242114412217));
#12446=CARTESIAN_POINT('Ctrl Pts',(-107.854958923452,-94.2226987998687,
-255.250352655319));
#12447=CARTESIAN_POINT('Ctrl Pts',(-108.138047577117,-94.774865061238,-255.232438254404));
#12448=CARTESIAN_POINT('Ctrl Pts',(-108.444379751483,-95.675000805906,-255.31701377244));
#12449=CARTESIAN_POINT('Ctrl Pts',(-108.570681998083,-96.6901640637832,
-255.399298752255));
#12450=CARTESIAN_POINT('Ctrl Pts',(-108.590491931134,-97.1188503625949,
-255.413977291109));
#12451=CARTESIAN_POINT('Ctrl Pts',(-108.594027937205,-97.2744931763864,
-255.416919915713));
#12452=CARTESIAN_POINT('Ctrl Pts',(-108.594658712247,-97.3521852680665,
-255.417088394242));
#12453=CARTESIAN_POINT('Ctrl Pts',(-108.59460799784,-97.3909938737353,-255.417514712231));
#12454=CARTESIAN_POINT('Ctrl Pts',(-108.59460799784,-97.3909938737353,-255.417514712231));
#12455=CARTESIAN_POINT('Ctrl Pts',(-108.594658712247,-97.3521852680665,
-255.417088394242));
#12456=CARTESIAN_POINT('Ctrl Pts',(-108.594027937205,-97.2744931763864,
-255.416919915713));
#12457=CARTESIAN_POINT('Ctrl Pts',(-108.590491931134,-97.1188503625949,
-255.413977291109));
#12458=CARTESIAN_POINT('Ctrl Pts',(-108.570681998083,-96.6901640637832,
-255.399298752255));
#12459=CARTESIAN_POINT('Ctrl Pts',(-108.444379751483,-95.675000805906,-255.31701377244));
#12460=CARTESIAN_POINT('Ctrl Pts',(-108.138047577117,-94.774865061238,-255.232438254404));
#12461=CARTESIAN_POINT('Ctrl Pts',(-107.854958923452,-94.2226987998687,
-255.250352655319));
#12462=CARTESIAN_POINT('Origin',(-139.021004237576,142.5,0.354378678057831));
#12463=CARTESIAN_POINT('',(-139.021004237576,142.5,0.354378678057831));
#12464=CARTESIAN_POINT('',(-139.021004237576,97.9771317587143,0.354378678057831));
#12465=CARTESIAN_POINT('Ctrl Pts',(-138.985990418809,97.9764572481506,0.0600437640419997));
#12466=CARTESIAN_POINT('Ctrl Pts',(-128.855529611819,97.7813027900122,-85.0991423947158));
#12467=CARTESIAN_POINT('Ctrl Pts',(-118.725068804829,97.5861483318738,-170.258328553474));
#12468=CARTESIAN_POINT('Ctrl Pts',(-108.594607997839,97.3909938737353,-255.417514712231));
#12469=CARTESIAN_POINT('Ctrl Pts',(-138.985835971786,96.6223900503609,0.0587454437545839));
#12470=CARTESIAN_POINT('Ctrl Pts',(-128.854969807941,96.5197941067884,-85.100396735838));
#12471=CARTESIAN_POINT('Ctrl Pts',(-118.725377448292,96.4116256585008,-170.259466510484));
#12472=CARTESIAN_POINT('Ctrl Pts',(-108.594482375826,96.2939705112015,-255.418570722283));
#12473=CARTESIAN_POINT('Ctrl Pts',(-138.580637005848,95.2712967322155,0.0377102339364196));
#12474=CARTESIAN_POINT('Ctrl Pts',(-128.498456220795,95.260610766096,-85.1194204193293));
#12475=CARTESIAN_POINT('Ctrl Pts',(-118.415671974406,95.2389595248476,-170.276271498359));
#12476=CARTESIAN_POINT('Ctrl Pts',(-108.329704561948,95.1980752503307,-255.432947061947));
#12477=CARTESIAN_POINT('Ctrl Pts',(-137.837728683869,94.1407404195154,9.36750677027476E-16));
#12478=CARTESIAN_POINT('Ctrl Pts',(-127.841423474609,94.1882126335528,-85.1537846936335));
#12479=CARTESIAN_POINT('Ctrl Pts',(-117.838907478406,94.2202873391626,-170.306865580778));
#12480=CARTESIAN_POINT('Ctrl Pts',(-107.830401359866,94.2227047928797,-255.459288633253));
#12481=CARTESIAN_POINT('Ctrl Pts',(-137.837728683869,94.1407404195154,9.36750677027476E-16));
#12482=CARTESIAN_POINT('Ctrl Pts',(-127.849599353883,94.1881738064979,-85.0841382543915));
#12483=CARTESIAN_POINT('Ctrl Pts',(-117.855269392282,94.2202348616929,-170.167573853096));
#12484=CARTESIAN_POINT('Ctrl Pts',(-107.854958922677,94.2226988017358,-255.250352655225));
#12485=CARTESIAN_POINT('Ctrl Pts',(-137.843668518525,94.1407122094788,0.0505986412860022));
#12486=CARTESIAN_POINT('Ctrl Pts',(-127.853526407187,94.1881615809427,-85.0507058663662));
#12487=CARTESIAN_POINT('Ctrl Pts',(-117.857181955376,94.2202330844073,-170.151307526525));
#12488=CARTESIAN_POINT('Ctrl Pts',(-107.854853222371,94.2226988259327,-255.251251961527));
#12489=CARTESIAN_POINT('Ctrl Pts',(-137.768280047803,94.0253250401943,0.0504635269766165));
#12490=CARTESIAN_POINT('Ctrl Pts',(-127.777115441658,94.0636834472624,-85.049791113838));
#12491=CARTESIAN_POINT('Ctrl Pts',(-117.786532376789,94.0923340994356,-170.150128253625));
#12492=CARTESIAN_POINT('Ctrl Pts',(-107.801736576401,94.1182934007679,-255.251146046422));
#12493=CARTESIAN_POINT('Ctrl Pts',(-137.433094847456,93.5123085657387,0.0497289657352545));
#12494=CARTESIAN_POINT('Ctrl Pts',(-127.463700468509,93.5453233103229,-85.0503131260626));
#12495=CARTESIAN_POINT('Ctrl Pts',(-117.498592223651,93.5742629243618,-170.150860153426));
#12496=CARTESIAN_POINT('Ctrl Pts',(-107.538508076696,93.5998645628635,-255.251997360332));
#12497=CARTESIAN_POINT('Ctrl Pts',(-136.130180054374,91.5181366077807,0.0467002473719779));
#12498=CARTESIAN_POINT('Ctrl Pts',(-126.231198932304,91.4994686325139,-85.0530956185986));
#12499=CARTESIAN_POINT('Ctrl Pts',(-116.338261837389,91.478390318891,-170.153592123767));
#12500=CARTESIAN_POINT('Ctrl Pts',(-106.452500211664,91.459100210291,-255.254915733169));
#12501=CARTESIAN_POINT('Ctrl Pts',(-132.466460548924,85.9106355927632,0.0379792203466105));
#12502=CARTESIAN_POINT('Ctrl Pts',(-122.748475043171,85.7102752494581,-85.0616571726836));
#12503=CARTESIAN_POINT('Ctrl Pts',(-113.037856580551,85.5094752558981,-170.162127258106));
#12504=CARTESIAN_POINT('Ctrl Pts',(-103.334290793642,85.3105219084306,-255.263402256706));
#12505=CARTESIAN_POINT('Ctrl Pts',(-124.860682503769,74.2694700533524,0.0196381195001305));
#12506=CARTESIAN_POINT('Ctrl Pts',(-115.496297913317,73.6469141465433,-85.0797820339141));
#12507=CARTESIAN_POINT('Ctrl Pts',(-106.139265451252,73.0239047438413,-170.180005088496));
#12508=CARTESIAN_POINT('Ctrl Pts',(-96.7892175504559,72.4025616949478,-255.280998611335));
#12509=CARTESIAN_POINT('Ctrl Pts',(-118.964347299155,65.244514508858,0.00544752051397496));
#12510=CARTESIAN_POINT('Ctrl Pts',(-109.880598111053,64.3076777324318,-85.0938194725323));
#12511=CARTESIAN_POINT('Ctrl Pts',(-100.803596423182,63.3691774066167,-170.193785419148));
#12512=CARTESIAN_POINT('Ctrl Pts',(-91.734297963375,62.4337364330908,-255.29459974588));
#12513=CARTESIAN_POINT('Ctrl Pts',(-117.010066254344,62.2532676748811,0.000881374469113789));
#12514=CARTESIAN_POINT('Ctrl Pts',(-108.037792918304,61.2479895780759,-85.0987043367593));
#12515=CARTESIAN_POINT('Ctrl Pts',(-99.0699501030917,60.238724482613,-170.198711231206));
#12516=CARTESIAN_POINT('Ctrl Pts',(-90.1073630059952,59.2265744064532,-255.299237476907));
#12517=CARTESIAN_POINT('Ctrl Pts',(-116.674882455434,61.74023053201,0.000144452497755496));
#12518=CARTESIAN_POINT('Ctrl Pts',(-107.728608560769,60.7361665651102,-85.09972789626));
#12519=CARTESIAN_POINT('Ctrl Pts',(-98.7828282268011,59.7222569272713,-170.199545499462));
#12520=CARTESIAN_POINT('Ctrl Pts',(-89.8427594673142,58.7053915993135,-255.299926700018));
#12521=CARTESIAN_POINT('Ctrl Pts',(-116.59956978393,61.624956576967,3.46944695195361E-17));
#12522=CARTESIAN_POINT('Ctrl Pts',(-107.670690699721,60.6403585455586,-85.1009916683496));
#12523=CARTESIAN_POINT('Ctrl Pts',(-98.7355945911515,59.6403548543883,-170.201169544013));
#12524=CARTESIAN_POINT('Ctrl Pts',(-89.794517630582,58.6106833303838,-255.300405530746));
#12525=CARTESIAN_POINT('Ctrl Pts',(-116.59956978393,61.624956576967,3.46944695195361E-17));
#12526=CARTESIAN_POINT('Ctrl Pts',(-107.679320748748,60.641310191247,-85.0187388207746));
#12527=CARTESIAN_POINT('Ctrl Pts',(-98.7528667013056,59.6422879115054,-170.036665421217));
#12528=CARTESIAN_POINT('Ctrl Pts',(-89.820443129821,58.6136688792603,-255.053652076149));
#12529=CARTESIAN_POINT('Ctrl Pts',(-116.59956978393,61.6249565769669,1.42247325030098E-15));
#12530=CARTESIAN_POINT('Ctrl Pts',(-107.672031283561,60.6405063733203,-85.0882145870197));
#12531=CARTESIAN_POINT('Ctrl Pts',(-98.7382777422683,59.6406548560304,-170.175615634888));
#12532=CARTESIAN_POINT('Ctrl Pts',(-89.798544875901,58.6111471136318,-255.262075077489));
#12533=CARTESIAN_POINT('Ctrl Pts',(-115.231861221623,59.5257967726652,0.0358742955330532));
#12534=CARTESIAN_POINT('Ctrl Pts',(-106.450010907245,58.6298779314057,-85.0557572496223));
#12535=CARTESIAN_POINT('Ctrl Pts',(-97.6639987286533,57.7244262222258,-170.147054368838));
#12536=CARTESIAN_POINT('Ctrl Pts',(-88.8783734771689,56.7983080429379,-255.238023986075));
#12537=CARTESIAN_POINT('Ctrl Pts',(-114.490230053699,57.0254951366383,0.0573793098235772));
#12538=CARTESIAN_POINT('Ctrl Pts',(-105.791874560644,56.2790858171957,-85.0363637276155));
#12539=CARTESIAN_POINT('Ctrl Pts',(-97.0911065934291,55.5281523335326,-170.130015161459));
#12540=CARTESIAN_POINT('Ctrl Pts',(-88.3927270234342,54.7666867276294,-255.223650331678));
#12541=CARTESIAN_POINT('Ctrl Pts',(-114.490637841185,54.5211616133014,0.0613682128705102));
#12542=CARTESIAN_POINT('Ctrl Pts',(-105.791444822318,53.9253307858848,-85.0325562262359));
#12543=CARTESIAN_POINT('Ctrl Pts',(-97.0922518034499,53.3294999584682,-170.126480665342));
#12544=CARTESIAN_POINT('Ctrl Pts',(-88.3930587845822,52.7336691310516,-255.220405104449));
#12545=CARTESIAN_POINT('',(-114.51555479003,54.5228682412857,0.305101276112206));
#12546=CARTESIAN_POINT('Origin',(-114.51555479003,54.5228682412857,0.305101276112206));
#12547=CARTESIAN_POINT('',(-114.51555479003,-54.5228682412857,0.305101276112206));
#12548=CARTESIAN_POINT('Ctrl Pts',(-114.490637841185,-54.5211616133014,
0.0613682128705136));
#12549=CARTESIAN_POINT('Ctrl Pts',(-105.791444822317,-53.9253307858848,
-85.032556226236));
#12550=CARTESIAN_POINT('Ctrl Pts',(-97.0922518034494,-53.3294999584682,
-170.126480665342));
#12551=CARTESIAN_POINT('Ctrl Pts',(-88.3930587845815,-52.7336691310516,
-255.220405104449));
#12552=CARTESIAN_POINT('Ctrl Pts',(-114.490230053699,-57.0254951366383,
0.0573793098235806));
#12553=CARTESIAN_POINT('Ctrl Pts',(-105.791874560644,-56.2790858171958,
-85.0363637276155));
#12554=CARTESIAN_POINT('Ctrl Pts',(-97.0911065934287,-55.5281523335327,
-170.130015161459));
#12555=CARTESIAN_POINT('Ctrl Pts',(-88.3927270234336,-54.7666867276295,
-255.223650331678));
#12556=CARTESIAN_POINT('Ctrl Pts',(-115.231861221622,-59.5257967726653,
0.0358742955330564));
#12557=CARTESIAN_POINT('Ctrl Pts',(-106.450010907245,-58.6298779314058,
-85.0557572496223));
#12558=CARTESIAN_POINT('Ctrl Pts',(-97.6639987286529,-57.7244262222259,
-170.147054368838));
#12559=CARTESIAN_POINT('Ctrl Pts',(-88.8783734771683,-56.7983080429381,
-255.238023986075));
#12560=CARTESIAN_POINT('Ctrl Pts',(-116.59956978393,-61.624956576967,4.44089209850063E-15));
#12561=CARTESIAN_POINT('Ctrl Pts',(-107.672031283561,-60.6405063733205,
-85.0882145870197));
#12562=CARTESIAN_POINT('Ctrl Pts',(-98.7382777422679,-59.6406548560306,
-170.175615634888));
#12563=CARTESIAN_POINT('Ctrl Pts',(-89.7985448759005,-58.611147113632,-255.262075077489));
#12564=CARTESIAN_POINT('Ctrl Pts',(-116.59956978393,-61.624956576967,4.44089209850063E-15));
#12565=CARTESIAN_POINT('Ctrl Pts',(-107.679320748747,-60.6413101912471,
-85.0187388207746));
#12566=CARTESIAN_POINT('Ctrl Pts',(-98.7528668178397,-59.6422876324095,
-170.036665430389));
#12567=CARTESIAN_POINT('Ctrl Pts',(-89.8204431301322,-58.6136688785141,
-255.053652076174));
#12568=CARTESIAN_POINT('Ctrl Pts',(-116.59956978393,-61.624956576967,1.20736753927986E-14));
#12569=CARTESIAN_POINT('Ctrl Pts',(-107.670703878557,-60.6403599988045,
-85.1008660610865));
#12570=CARTESIAN_POINT('Ctrl Pts',(-98.7356209683251,-59.6403578036075,
-170.20091833198));
#12571=CARTESIAN_POINT('Ctrl Pts',(-89.7945572211032,-58.6106878897038,
-255.30002871673));
#12572=CARTESIAN_POINT('Ctrl Pts',(-116.674882455434,-61.7402305320102,
0.000144452497767743));
#12573=CARTESIAN_POINT('Ctrl Pts',(-107.728489648539,-60.7359633331271,
-85.0995864190913));
#12574=CARTESIAN_POINT('Ctrl Pts',(-98.7827138939659,-59.7219848326079,
-170.199276863469));
#12575=CARTESIAN_POINT('Ctrl Pts',(-89.8427990301106,-58.7053960566722,
-255.299549878026));
#12576=CARTESIAN_POINT('Ctrl Pts',(-117.010067049256,-62.2532688831727,
0.00088126604021728));
#12577=CARTESIAN_POINT('Ctrl Pts',(-108.038028933942,-61.2483362234418,
-85.0986055064369));
#12578=CARTESIAN_POINT('Ctrl Pts',(-99.0702736180228,-60.2393100626818,
-170.198496813914));
#12579=CARTESIAN_POINT('Ctrl Pts',(-90.1074638808505,-59.2267004761478,
-255.298868252123));
#12580=CARTESIAN_POINT('Ctrl Pts',(-118.312918288559,-64.2474290125387,
0.00392572937849016));
#12581=CARTESIAN_POINT('Ctrl Pts',(-109.266052472321,-63.2873326971192,
-85.0952872305672));
#12582=CARTESIAN_POINT('Ctrl Pts',(-100.225280111093,-62.3247896287759,
-170.195119013897));
#12583=CARTESIAN_POINT('Ctrl Pts',(-91.1918692036982,-61.3643742532776,
-255.295749307345));
#12584=CARTESIAN_POINT('Ctrl Pts',(-120.929797258829,-68.2528408561401,
0.0101770964991806));
#12585=CARTESIAN_POINT('Ctrl Pts',(-111.752807068135,-67.4212158576622,
-85.089050250105));
#12586=CARTESIAN_POINT('Ctrl Pts',(-102.582878695678,-66.5888012604226,
-170.189027396148));
#12587=CARTESIAN_POINT('Ctrl Pts',(-93.4196981989321,-65.7574502992269,
-255.289737171712));
#12588=CARTESIAN_POINT('Ctrl Pts',(-126.381834627978,-76.5976971393326,
0.023306748636856));
#12589=CARTESIAN_POINT('Ctrl Pts',(-116.946472622314,-76.0591609730186,
-85.0759985023987));
#12590=CARTESIAN_POINT('Ctrl Pts',(-107.518428639198,-75.5198710681569,
-170.176105797756));
#12591=CARTESIAN_POINT('Ctrl Pts',(-98.0979839021727,-74.9835790559114,
-255.277066207518));
#12592=CARTESIAN_POINT('Ctrl Pts',(-132.466462742121,-85.9106390400865,
0.0379789333642749));
#12593=CARTESIAN_POINT('Ctrl Pts',(-122.748682458776,-85.7105747965154,
-85.0615546799582));
#12594=CARTESIAN_POINT('Ctrl Pts',(-113.038264143371,-85.5102220441186,
-170.161922815402));
#12595=CARTESIAN_POINT('Ctrl Pts',(-103.334504478922,-85.3108621721802,
-255.263046647112));
#12596=CARTESIAN_POINT('Ctrl Pts',(-136.130179634977,-91.5181361164473,
0.0467003174240289));
#12597=CARTESIAN_POINT('Ctrl Pts',(-126.231139513119,-91.49935409865,-85.0529611310037));
#12598=CARTESIAN_POINT('Ctrl Pts',(-116.338183512465,-91.4781794994957,
-170.153327724918));
#12599=CARTESIAN_POINT('Ctrl Pts',(-106.452516550629,-91.4590459297245,
-255.254535576795));
#12600=CARTESIAN_POINT('Ctrl Pts',(-137.433095079153,-93.5123089457909,
0.0497289369353216));
#12601=CARTESIAN_POINT('Ctrl Pts',(-127.463764897035,-93.5454003207666,
-85.0501934745205));
#12602=CARTESIAN_POINT('Ctrl Pts',(-117.498694000676,-93.5744048866058,
-170.150617872276));
#12603=CARTESIAN_POINT('Ctrl Pts',(-107.538570738756,-93.5999013614939,
-255.251622847672));
#12604=CARTESIAN_POINT('Ctrl Pts',(-137.768280047813,-94.0253250402089,
0.0504635269766493));
#12605=CARTESIAN_POINT('Ctrl Pts',(-127.777101806675,-94.0636394095932,
-85.0496621086113));
#12606=CARTESIAN_POINT('Ctrl Pts',(-117.786530990753,-94.0922736762102,
-170.149873239865));
#12607=CARTESIAN_POINT('Ctrl Pts',(-107.801780765696,-94.1182932415213,
-255.250769221915));
#12608=CARTESIAN_POINT('Ctrl Pts',(-137.84366851853,-94.140712209487,0.050598641286024));
#12609=CARTESIAN_POINT('Ctrl Pts',(-127.853541152431,-94.1881615109176,
-85.0505802586415));
#12610=CARTESIAN_POINT('Ctrl Pts',(-117.857211465305,-94.2202329870002,
-170.151056313287));
#12611=CARTESIAN_POINT('Ctrl Pts',(-107.854897512051,-94.2226988150217,
-255.250875144375));
#12612=CARTESIAN_POINT('Ctrl Pts',(-137.837728683847,-94.1407404196246,
3.76257618811549E-12));
#12613=CARTESIAN_POINT('Ctrl Pts',(-127.84959924995,-94.1881741251588,-85.0841382417967));
#12614=CARTESIAN_POINT('Ctrl Pts',(-117.855270021841,-94.2202333444536,
-170.167573928796));
#12615=CARTESIAN_POINT('Ctrl Pts',(-107.854958923458,-94.2226987998819,
-255.250352655319));
#12616=CARTESIAN_POINT('Ctrl Pts',(-137.837728683869,-94.1407404195155,
1.73472347597681E-16));
#12617=CARTESIAN_POINT('Ctrl Pts',(-127.841423474609,-94.1882126335527,
-85.1537846936335));
#12618=CARTESIAN_POINT('Ctrl Pts',(-117.838907478406,-94.2202873391625,
-170.306865580778));
#12619=CARTESIAN_POINT('Ctrl Pts',(-107.830401359866,-94.2227047928795,
-255.459288633253));
#12620=CARTESIAN_POINT('Ctrl Pts',(-138.580637005848,-95.2712967322155,
0.0377102339364189));
#12621=CARTESIAN_POINT('Ctrl Pts',(-128.498456220795,-95.260610766096,-85.1194204193293));
#12622=CARTESIAN_POINT('Ctrl Pts',(-118.415671974406,-95.2389595248476,
-170.276271498359));
#12623=CARTESIAN_POINT('Ctrl Pts',(-108.329704561948,-95.1980752503306,
-255.432947061947));
#12624=CARTESIAN_POINT('Ctrl Pts',(-138.985835971786,-96.6223900503609,
0.0587454437545829));
#12625=CARTESIAN_POINT('Ctrl Pts',(-128.854969807941,-96.5197941067885,
-85.1003967358381));
#12626=CARTESIAN_POINT('Ctrl Pts',(-118.725377448292,-96.4116256585007,
-170.259466510484));
#12627=CARTESIAN_POINT('Ctrl Pts',(-108.594482375826,-96.2939705112015,
-255.418570722283));
#12628=CARTESIAN_POINT('Ctrl Pts',(-138.985990418809,-97.9764572481507,
0.0600437640419987));
#12629=CARTESIAN_POINT('Ctrl Pts',(-128.855529611819,-97.7813027900122,
-85.0991423947158));
#12630=CARTESIAN_POINT('Ctrl Pts',(-118.725068804829,-97.5861483318738,
-170.258328553474));
#12631=CARTESIAN_POINT('Ctrl Pts',(-108.59460799784,-97.3909938737353,-255.417514712231));
#12632=CARTESIAN_POINT('',(-139.021004237576,-97.9771317587143,0.354378678057831));
#12633=CARTESIAN_POINT('Origin',(-139.021004237576,-97.9771317587143,0.354378678057831));
#12634=CARTESIAN_POINT('',(-139.021004237576,-142.5,0.354378678057831));
#12635=CARTESIAN_POINT('Ctrl Pts',(-117.03969235387,-164.57110249446,0.812364847997787));
#12636=CARTESIAN_POINT('Ctrl Pts',(-118.674117562173,-164.556573455295,
0.679879711204633));
#12637=CARTESIAN_POINT('Ctrl Pts',(-123.581171634003,-163.966696733175,
0.321658555687134));
#12638=CARTESIAN_POINT('Ctrl Pts',(-131.154988253873,-160.269734856003,
-0.0294776810822559));
#12639=CARTESIAN_POINT('Ctrl Pts',(-137.479839902977,-152.348246838981,
0.0274383276406337));
#12640=CARTESIAN_POINT('Ctrl Pts',(-139.023585775221,-145.793047651405,
0.376079728882053));
#12641=CARTESIAN_POINT('Ctrl Pts',(-139.051524366503,-142.518598203563,
0.610938511846644));
#12642=CARTESIAN_POINT('Ctrl Pts',(-110.057472824111,-155.208580852283,
-84.5611375840544));
#12643=CARTESIAN_POINT('Ctrl Pts',(-111.456287699885,-155.196145479942,
-84.6745313182852));
#12644=CARTESIAN_POINT('Ctrl Pts',(-115.656150638242,-154.691310532598,
-84.9811504903896));
#12645=CARTESIAN_POINT('Ctrl Pts',(-122.139387777676,-151.526802372724,
-85.2817613004601));
#12646=CARTESIAN_POINT('Ctrl Pts',(-127.55380187682,-144.745555449522,-85.2330314178703));
#12647=CARTESIAN_POINT('Ctrl Pts',(-128.875107097832,-139.134475035017,
-84.9345691529212));
#12648=CARTESIAN_POINT('Ctrl Pts',(-128.899021023492,-136.331916478916,
-84.7335427153383));
#12649=CARTESIAN_POINT('Ctrl Pts',(-103.075253294352,-145.846059210106,
-169.934640016107));
#12650=CARTESIAN_POINT('Ctrl Pts',(-104.238457837597,-145.835717504589,
-170.028942347775));
#12651=CARTESIAN_POINT('Ctrl Pts',(-107.731129642482,-145.415924332021,
-170.283959536466));
#12652=CARTESIAN_POINT('Ctrl Pts',(-113.123787301479,-142.783869889445,
-170.534044919838));
#12653=CARTESIAN_POINT('Ctrl Pts',(-117.627763850662,-137.142864060063,
-170.493501163381));
#12654=CARTESIAN_POINT('Ctrl Pts',(-118.726628420443,-132.475902418629,
-170.245218034724));
#12655=CARTESIAN_POINT('Ctrl Pts',(-118.746517680481,-130.145234754269,
-170.078023942523));
#12656=CARTESIAN_POINT('Ctrl Pts',(-96.0930337645934,-136.48353756793,-255.308142448159));
#12657=CARTESIAN_POINT('Ctrl Pts',(-97.0206279753094,-136.475289529236,
-255.383353377265));
#12658=CARTESIAN_POINT('Ctrl Pts',(-99.806108646722,-136.140538131444,-255.586768582543));
#12659=CARTESIAN_POINT('Ctrl Pts',(-104.108186825281,-134.040937406166,
-255.786328539216));
#12660=CARTESIAN_POINT('Ctrl Pts',(-107.701725824505,-129.540172670604,
-255.753970908892));
#12661=CARTESIAN_POINT('Ctrl Pts',(-108.578149743053,-125.817329802241,
-255.555866916527));
#12662=CARTESIAN_POINT('Ctrl Pts',(-108.59401433747,-123.958553029622,-255.422505169708));
#12663=CARTESIAN_POINT('',(-117.,-164.517878656316,0.327035612039734));
#12664=CARTESIAN_POINT('Origin',(-117.,-164.517878656316,0.327035612039734));
#12665=CARTESIAN_POINT('',(117.,-164.517878656316,0.327035612039734));
#12666=CARTESIAN_POINT('Ctrl Pts',(139.05127728062,-142.518447635605,0.608861446146369));
#12667=CARTESIAN_POINT('Ctrl Pts',(139.023338787288,-145.792885598833,0.374003486574287));
#12668=CARTESIAN_POINT('Ctrl Pts',(137.861105325058,-150.704975276096,0.11319732268689));
#12669=CARTESIAN_POINT('Ctrl Pts',(133.436107585686,-157.712858893986,-0.0327951217045841));
#12670=CARTESIAN_POINT('Ctrl Pts',(126.853505900889,-162.99448929192,0.122567088145478));
#12671=CARTESIAN_POINT('Ctrl Pts',(120.308361372865,-164.541816658284,0.545317731681165));
#12672=CARTESIAN_POINT('Ctrl Pts',(117.039522424561,-164.570874634705,0.810287075995953));
#12673=CARTESIAN_POINT('Ctrl Pts',(128.89885629957,-136.331816100278,-84.7349274258051));
#12674=CARTESIAN_POINT('Ctrl Pts',(128.87494243921,-139.134366999969,-84.9359533144597));
#12675=CARTESIAN_POINT('Ctrl Pts',(127.880163019928,-143.338979917085,-85.1592203805504));
#12676=CARTESIAN_POINT('Ctrl Pts',(124.09222595587,-149.337988537033,-85.2842090645502));
#12677=CARTESIAN_POINT('Ctrl Pts',(118.457198267339,-153.859261124079,-85.1511942188422));
#12678=CARTESIAN_POINT('Ctrl Pts',(112.854981643918,-155.183558269037,-84.7893096143361));
#12679=CARTESIAN_POINT('Ctrl Pts',(110.057359537905,-155.20842894578,-84.562522765389));
#12680=CARTESIAN_POINT('Ctrl Pts',(118.74643531852,-130.14518456495,-170.078716297757));
#12681=CARTESIAN_POINT('Ctrl Pts',(118.726546091132,-132.475848401106,-170.245910115494));
#12682=CARTESIAN_POINT('Ctrl Pts',(117.899220714799,-135.972984558074,-170.431638083788));
#12683=CARTESIAN_POINT('Ctrl Pts',(114.748344326053,-140.96311818008,-170.535623007396));
#12684=CARTESIAN_POINT('Ctrl Pts',(110.06089063379,-144.724032956239,-170.42495552583));
#12685=CARTESIAN_POINT('Ctrl Pts',(105.401601914972,-145.825299879789,-170.123936960353));
#12686=CARTESIAN_POINT('Ctrl Pts',(103.075196651249,-145.845983256855,-169.935332606774));
#12687=CARTESIAN_POINT('Ctrl Pts',(108.59401433747,-123.958553029623,-255.422505169708));
#12688=CARTESIAN_POINT('Ctrl Pts',(108.578149743053,-125.817329802242,-255.555866916528));
#12689=CARTESIAN_POINT('Ctrl Pts',(107.91827840967,-128.606989199063,-255.704055787025));
#12690=CARTESIAN_POINT('Ctrl Pts',(105.404462696237,-132.588247823127,-255.787036950241));
#12691=CARTESIAN_POINT('Ctrl Pts',(101.66458300024,-135.588804788398,-255.698716832818));
#12692=CARTESIAN_POINT('Ctrl Pts',(97.9482221860253,-136.467041490542,-255.458564306371));
#12693=CARTESIAN_POINT('Ctrl Pts',(96.0930337645934,-136.48353756793,-255.308142448159));
#12694=CARTESIAN_POINT('',(139.021004237576,-142.5,0.354378678057831));
#12695=CARTESIAN_POINT('Origin',(-7.18869408444789E-14,-5.10702591327572E-14,
-266.));
#12696=CARTESIAN_POINT('Origin',(117.,164.517878656316,0.327035612039734));
#12697=CARTESIAN_POINT('',(95.,135.017878656316,-268.67296438796));
#12698=CARTESIAN_POINT('',(-117.,164.517878656316,0.327035612039734));
#12699=CARTESIAN_POINT('Ctrl Pts',(-139.05127728062,142.518447635605,0.608861446146369));
#12700=CARTESIAN_POINT('Ctrl Pts',(-139.023338787288,145.792885598833,0.374003486574287));
#12701=CARTESIAN_POINT('Ctrl Pts',(-137.861105325058,150.704975276096,0.11319732268689));
#12702=CARTESIAN_POINT('Ctrl Pts',(-133.436107585686,157.712858893986,-0.0327951217045842));
#12703=CARTESIAN_POINT('Ctrl Pts',(-126.853505900889,162.99448929192,0.122567088145478));
#12704=CARTESIAN_POINT('Ctrl Pts',(-120.308361372865,164.541816658284,0.545317731681165));
#12705=CARTESIAN_POINT('Ctrl Pts',(-117.039522424561,164.570874634705,0.810287075995953));
#12706=CARTESIAN_POINT('Ctrl Pts',(-128.89885629957,136.331816100278,-84.7349274258051));
#12707=CARTESIAN_POINT('Ctrl Pts',(-128.87494243921,139.134366999969,-84.9359533144597));
#12708=CARTESIAN_POINT('Ctrl Pts',(-127.880163019928,143.338979917085,-85.1592203805504));
#12709=CARTESIAN_POINT('Ctrl Pts',(-124.09222595587,149.337988537033,-85.2842090645502));
#12710=CARTESIAN_POINT('Ctrl Pts',(-118.457198267339,153.859261124079,-85.1511942188422));
#12711=CARTESIAN_POINT('Ctrl Pts',(-112.854981643918,155.183558269037,-84.7893096143361));
#12712=CARTESIAN_POINT('Ctrl Pts',(-110.057359537905,155.20842894578,-84.562522765389));
#12713=CARTESIAN_POINT('Ctrl Pts',(-118.74643531852,130.14518456495,-170.078716297757));
#12714=CARTESIAN_POINT('Ctrl Pts',(-118.726546091132,132.475848401106,-170.245910115494));
#12715=CARTESIAN_POINT('Ctrl Pts',(-117.899220714799,135.972984558074,-170.431638083788));
#12716=CARTESIAN_POINT('Ctrl Pts',(-114.748344326053,140.96311818008,-170.535623007396));
#12717=CARTESIAN_POINT('Ctrl Pts',(-110.06089063379,144.724032956239,-170.42495552583));
#12718=CARTESIAN_POINT('Ctrl Pts',(-105.401601914972,145.825299879789,-170.123936960353));
#12719=CARTESIAN_POINT('Ctrl Pts',(-103.075196651249,145.845983256855,-169.935332606774));
#12720=CARTESIAN_POINT('Ctrl Pts',(-108.59401433747,123.958553029623,-255.422505169708));
#12721=CARTESIAN_POINT('Ctrl Pts',(-108.578149743053,125.817329802242,-255.555866916528));
#12722=CARTESIAN_POINT('Ctrl Pts',(-107.91827840967,128.606989199063,-255.704055787025));
#12723=CARTESIAN_POINT('Ctrl Pts',(-105.404462696237,132.588247823127,-255.787036950241));
#12724=CARTESIAN_POINT('Ctrl Pts',(-101.66458300024,135.588804788398,-255.698716832818));
#12725=CARTESIAN_POINT('Ctrl Pts',(-97.9482221860253,136.467041490542,-255.458564306371));
#12726=CARTESIAN_POINT('Ctrl Pts',(-96.0930337645934,136.48353756793,-255.308142448159));
#12727=CARTESIAN_POINT('Origin',(139.021004237576,-142.5,0.354378678057831));
#12728=CARTESIAN_POINT('',(139.021004237577,-97.9771317587143,0.354378678057831));
#12729=CARTESIAN_POINT('Ctrl Pts',(138.985990418809,-97.9764572481507,0.0600437640420233));
#12730=CARTESIAN_POINT('Ctrl Pts',(128.855529611819,-97.7813027900122,-85.0991423947157));
#12731=CARTESIAN_POINT('Ctrl Pts',(118.725068804829,-97.5861483318738,-170.258328553474));
#12732=CARTESIAN_POINT('Ctrl Pts',(108.594607997839,-97.3909938737354,-255.417514712231));
#12733=CARTESIAN_POINT('Ctrl Pts',(138.985835971786,-96.6223900503609,0.0587454437546076));
#12734=CARTESIAN_POINT('Ctrl Pts',(128.854969807941,-96.5197941067884,-85.100396735838));
#12735=CARTESIAN_POINT('Ctrl Pts',(118.725377448292,-96.4116256585007,-170.259466510484));
#12736=CARTESIAN_POINT('Ctrl Pts',(108.594482375826,-96.2939705112015,-255.418570722283));
#12737=CARTESIAN_POINT('Ctrl Pts',(138.580637005848,-95.2712967322154,0.0377102339364436));
#12738=CARTESIAN_POINT('Ctrl Pts',(128.498456220795,-95.2606107660959,-85.1194204193293));
#12739=CARTESIAN_POINT('Ctrl Pts',(118.415671974406,-95.2389595248476,-170.276271498359));
#12740=CARTESIAN_POINT('Ctrl Pts',(108.329704561948,-95.1980752503307,-255.432947061947));
#12741=CARTESIAN_POINT('Ctrl Pts',(137.837728683869,-94.1407404195153,2.49106291150269E-14));
#12742=CARTESIAN_POINT('Ctrl Pts',(127.841423474609,-94.1882126335527,-85.1537846936335));
#12743=CARTESIAN_POINT('Ctrl Pts',(117.838907478406,-94.2202873391626,-170.306865580778));
#12744=CARTESIAN_POINT('Ctrl Pts',(107.830401359866,-94.2227047928797,-255.459288633253));
#12745=CARTESIAN_POINT('Ctrl Pts',(137.837728683869,-94.1407404195153,2.49106291150269E-14));
#12746=CARTESIAN_POINT('Ctrl Pts',(127.849599353883,-94.1881738064978,-85.0841382543915));
#12747=CARTESIAN_POINT('Ctrl Pts',(117.855269392282,-94.2202348616928,-170.167573853096));
#12748=CARTESIAN_POINT('Ctrl Pts',(107.854958922677,-94.2226988017358,-255.250352655225));
#12749=CARTESIAN_POINT('Ctrl Pts',(137.843668518525,-94.1407122094789,0.0505986412860019));
#12750=CARTESIAN_POINT('Ctrl Pts',(127.853526407187,-94.1881615809428,-85.0507058663662));
#12751=CARTESIAN_POINT('Ctrl Pts',(117.857181955376,-94.2202330844074,-170.151307526525));
#12752=CARTESIAN_POINT('Ctrl Pts',(107.854853222371,-94.2226988259328,-255.251251961527));
#12753=CARTESIAN_POINT('Ctrl Pts',(137.768280047803,-94.0253250401945,0.0504635269766163));
#12754=CARTESIAN_POINT('Ctrl Pts',(127.777115441658,-94.0636834472625,-85.0497911138379));
#12755=CARTESIAN_POINT('Ctrl Pts',(117.786532376789,-94.0923340994357,-170.150128253625));
#12756=CARTESIAN_POINT('Ctrl Pts',(107.801736576401,-94.1182934007679,-255.251146046422));
#12757=CARTESIAN_POINT('Ctrl Pts',(137.433094847456,-93.5123085657388,0.0497289657352543));
#12758=CARTESIAN_POINT('Ctrl Pts',(127.463700468509,-93.5453233103231,-85.0503131260625));
#12759=CARTESIAN_POINT('Ctrl Pts',(117.498592223651,-93.5742629243619,-170.150860153426));
#12760=CARTESIAN_POINT('Ctrl Pts',(107.538508076696,-93.5998645628636,-255.251997360332));
#12761=CARTESIAN_POINT('Ctrl Pts',(136.130180054374,-91.5181366077809,0.0467002473719779));
#12762=CARTESIAN_POINT('Ctrl Pts',(126.231198932304,-91.4994686325141,-85.0530956185986));
#12763=CARTESIAN_POINT('Ctrl Pts',(116.338261837389,-91.4783903188911,-170.153592123767));
#12764=CARTESIAN_POINT('Ctrl Pts',(106.452500211664,-91.4591002102911,-255.254915733169));
#12765=CARTESIAN_POINT('Ctrl Pts',(132.466460548924,-85.9106355927634,0.0379792203466105));
#12766=CARTESIAN_POINT('Ctrl Pts',(122.748475043172,-85.7102752494584,-85.0616571726836));
#12767=CARTESIAN_POINT('Ctrl Pts',(113.037856580551,-85.5094752558984,-170.162127258106));
#12768=CARTESIAN_POINT('Ctrl Pts',(103.334290793643,-85.3105219084309,-255.263402256706));
#12769=CARTESIAN_POINT('Ctrl Pts',(124.860682503769,-74.2694700533525,0.0196381195001305));
#12770=CARTESIAN_POINT('Ctrl Pts',(115.496297913317,-73.6469141465435,-85.0797820339141));
#12771=CARTESIAN_POINT('Ctrl Pts',(106.139265451252,-73.0239047438415,-170.180005088497));
#12772=CARTESIAN_POINT('Ctrl Pts',(96.7892175504561,-72.402561694948,-255.280998611335));
#12773=CARTESIAN_POINT('Ctrl Pts',(118.964347299155,-65.244514508858,0.0054475205139749));
#12774=CARTESIAN_POINT('Ctrl Pts',(109.880598111053,-64.3076777324318,-85.0938194725322));
#12775=CARTESIAN_POINT('Ctrl Pts',(100.803596423182,-63.3691774066167,-170.193785419148));
#12776=CARTESIAN_POINT('Ctrl Pts',(91.734297963375,-62.4337364330908,-255.29459974588));
#12777=CARTESIAN_POINT('Ctrl Pts',(117.010066254344,-62.2532676748811,0.000881374469113757));
#12778=CARTESIAN_POINT('Ctrl Pts',(108.037792918304,-61.2479895780759,-85.0987043367593));
#12779=CARTESIAN_POINT('Ctrl Pts',(99.0699501030918,-60.238724482613,-170.198711231206));
#12780=CARTESIAN_POINT('Ctrl Pts',(90.1073630059952,-59.2265744064532,-255.299237476907));
#12781=CARTESIAN_POINT('Ctrl Pts',(116.674882455434,-61.74023053201,0.000144452497755464));
#12782=CARTESIAN_POINT('Ctrl Pts',(107.728608560769,-60.7361665651102,-85.09972789626));
#12783=CARTESIAN_POINT('Ctrl Pts',(98.7828282268011,-59.7222569272712,-170.199545499462));
#12784=CARTESIAN_POINT('Ctrl Pts',(89.8427594673142,-58.7053915993135,-255.299926700018));
#12785=CARTESIAN_POINT('Ctrl Pts',(116.59956978393,-61.624956576967,0.));
#12786=CARTESIAN_POINT('Ctrl Pts',(107.670690699721,-60.6403585455586,-85.1009916683496));
#12787=CARTESIAN_POINT('Ctrl Pts',(98.7355945911516,-59.6403548543883,-170.201169544013));
#12788=CARTESIAN_POINT('Ctrl Pts',(89.794517630582,-58.6106833303838,-255.300405530746));
#12789=CARTESIAN_POINT('Ctrl Pts',(116.59956978393,-61.624956576967,0.));
#12790=CARTESIAN_POINT('Ctrl Pts',(107.679320748748,-60.641310191247,-85.0187388207746));
#12791=CARTESIAN_POINT('Ctrl Pts',(98.7528667013056,-59.6422879115054,-170.036665421217));
#12792=CARTESIAN_POINT('Ctrl Pts',(89.820443129821,-58.6136688792603,-255.053652076149));
#12793=CARTESIAN_POINT('Ctrl Pts',(116.59956978393,-61.6249565769669,1.59594559789866E-15));
#12794=CARTESIAN_POINT('Ctrl Pts',(107.672031283562,-60.6405063733203,-85.0882145870197));
#12795=CARTESIAN_POINT('Ctrl Pts',(98.7382777422684,-59.6406548560303,-170.175615634888));
#12796=CARTESIAN_POINT('Ctrl Pts',(89.7985448759011,-58.6111471136317,-255.262075077489));
#12797=CARTESIAN_POINT('Ctrl Pts',(115.231861221623,-59.5257967726652,0.0358742955330535));
#12798=CARTESIAN_POINT('Ctrl Pts',(106.450010907245,-58.6298779314057,-85.0557572496222));
#12799=CARTESIAN_POINT('Ctrl Pts',(97.6639987286534,-57.7244262222257,-170.147054368838));
#12800=CARTESIAN_POINT('Ctrl Pts',(88.878373477169,-56.7983080429379,-255.238023986075));
#12801=CARTESIAN_POINT('Ctrl Pts',(114.490230053699,-57.0254951366382,0.0573793098235775));
#12802=CARTESIAN_POINT('Ctrl Pts',(105.791874560644,-56.2790858171957,-85.0363637276156));
#12803=CARTESIAN_POINT('Ctrl Pts',(97.0911065934293,-55.5281523335326,-170.130015161459));
#12804=CARTESIAN_POINT('Ctrl Pts',(88.3927270234343,-54.7666867276294,-255.223650331678));
#12805=CARTESIAN_POINT('Ctrl Pts',(114.490637841186,-54.5211616133014,0.0613682128705105));
#12806=CARTESIAN_POINT('Ctrl Pts',(105.791444822318,-53.9253307858848,-85.0325562262359));
#12807=CARTESIAN_POINT('Ctrl Pts',(97.09225180345,-53.3294999584682,-170.126480665342));
#12808=CARTESIAN_POINT('Ctrl Pts',(88.3930587845823,-52.7336691310516,-255.220405104449));
#12809=CARTESIAN_POINT('',(114.51555479003,-54.5228682412857,0.305101276112206));
#12810=CARTESIAN_POINT('Origin',(114.51555479003,-54.5228682412857,0.305101276112206));
#12811=CARTESIAN_POINT('',(114.515554790029,54.5228682412857,0.305101276112206));
#12812=CARTESIAN_POINT('Ctrl Pts',(114.490637841185,54.5211616133014,0.0613682128705098));
#12813=CARTESIAN_POINT('Ctrl Pts',(105.791444822317,53.9253307858848,-85.0325562262359));
#12814=CARTESIAN_POINT('Ctrl Pts',(97.0922518034497,53.3294999584682,-170.126480665342));
#12815=CARTESIAN_POINT('Ctrl Pts',(88.393058784582,52.7336691310516,-255.220405104449));
#12816=CARTESIAN_POINT('Ctrl Pts',(114.490230053699,57.0254951366383,0.0573793098235768));
#12817=CARTESIAN_POINT('Ctrl Pts',(105.791874560644,56.2790858171958,-85.0363637276156));
#12818=CARTESIAN_POINT('Ctrl Pts',(97.0911065934289,55.5281523335327,-170.130015161459));
#12819=CARTESIAN_POINT('Ctrl Pts',(88.392727023434,54.7666867276294,-255.223650331678));
#12820=CARTESIAN_POINT('Ctrl Pts',(115.231861221622,59.5257967726654,0.0358742955330528));
#12821=CARTESIAN_POINT('Ctrl Pts',(106.450010907244,58.6298779314058,-85.0557572496222));
#12822=CARTESIAN_POINT('Ctrl Pts',(97.6639987286531,57.7244262222259,-170.147054368838));
#12823=CARTESIAN_POINT('Ctrl Pts',(88.8783734771687,56.7983080429379,-255.238023986075));
#12824=CARTESIAN_POINT('Ctrl Pts',(116.599569783929,61.6249565769672,1.04083408558608E-15));
#12825=CARTESIAN_POINT('Ctrl Pts',(107.672031283561,60.6405063733205,-85.0882145870197));
#12826=CARTESIAN_POINT('Ctrl Pts',(98.7382777422681,59.6406548560305,-170.175615634888));
#12827=CARTESIAN_POINT('Ctrl Pts',(89.7985448759009,58.6111471136318,-255.262075077489));
#12828=CARTESIAN_POINT('Ctrl Pts',(116.599569783929,61.6249565769672,1.04083408558608E-15));
#12829=CARTESIAN_POINT('Ctrl Pts',(107.679320748747,60.6413101912471,-85.0187388207746));
#12830=CARTESIAN_POINT('Ctrl Pts',(98.75286681784,59.6422876324094,-170.036665430389));
#12831=CARTESIAN_POINT('Ctrl Pts',(89.8204431301326,58.6136688785139,-255.053652076174));
#12832=CARTESIAN_POINT('Ctrl Pts',(116.59956978393,61.624956576967,0.));
#12833=CARTESIAN_POINT('Ctrl Pts',(107.670703878557,60.6403599988045,-85.1008660610866));
#12834=CARTESIAN_POINT('Ctrl Pts',(98.7356209683251,59.6403578036075,-170.20091833198));
#12835=CARTESIAN_POINT('Ctrl Pts',(89.7945572211032,58.6106878897038,-255.30002871673));
#12836=CARTESIAN_POINT('Ctrl Pts',(116.674882455434,61.7402305320102,0.000144452497755633));
#12837=CARTESIAN_POINT('Ctrl Pts',(107.728489648539,60.7359633331271,-85.0995864190914));
#12838=CARTESIAN_POINT('Ctrl Pts',(98.7827138939658,59.7219848326079,-170.199276863468));
#12839=CARTESIAN_POINT('Ctrl Pts',(89.8427990301106,58.7053960566722,-255.299549878026));
#12840=CARTESIAN_POINT('Ctrl Pts',(117.010067049256,62.2532688831727,0.000881266040205151));
#12841=CARTESIAN_POINT('Ctrl Pts',(108.038028933942,61.2483362234419,-85.0986055064368));
#12842=CARTESIAN_POINT('Ctrl Pts',(99.0702736180228,60.2393100626819,-170.198496813914));
#12843=CARTESIAN_POINT('Ctrl Pts',(90.1074638808505,59.2267004761478,-255.298868252123));
#12844=CARTESIAN_POINT('Ctrl Pts',(118.312918288559,64.2474290125387,0.00392572937847793));
#12845=CARTESIAN_POINT('Ctrl Pts',(109.266052472321,63.2873326971192,-85.0952872305673));
#12846=CARTESIAN_POINT('Ctrl Pts',(100.225280111093,62.3247896287759,-170.195119013897));
#12847=CARTESIAN_POINT('Ctrl Pts',(91.1918692036981,61.3643742532776,-255.295749307345));
#12848=CARTESIAN_POINT('Ctrl Pts',(120.929797258829,68.25284085614,0.0101770964991683));
#12849=CARTESIAN_POINT('Ctrl Pts',(111.752807068135,67.4212158576622,-85.0890502501049));
#12850=CARTESIAN_POINT('Ctrl Pts',(102.582878695678,66.5888012604225,-170.189027396148));
#12851=CARTESIAN_POINT('Ctrl Pts',(93.4196981989321,65.7574502992268,-255.289737171712));
#12852=CARTESIAN_POINT('Ctrl Pts',(126.381834627978,76.5976971393326,0.0233067486368434));
#12853=CARTESIAN_POINT('Ctrl Pts',(116.946472622314,76.0591609730186,-85.075998502399));
#12854=CARTESIAN_POINT('Ctrl Pts',(107.518428639198,75.5198710681568,-170.176105797756));
#12855=CARTESIAN_POINT('Ctrl Pts',(98.0979839021727,74.9835790559114,-255.277066207518));
#12856=CARTESIAN_POINT('Ctrl Pts',(132.466462742121,85.9106390400865,0.037978933364262));
#12857=CARTESIAN_POINT('Ctrl Pts',(122.748682458776,85.7105747965154,-85.0615546799579));
#12858=CARTESIAN_POINT('Ctrl Pts',(113.038264143371,85.5102220441185,-170.161922815402));
#12859=CARTESIAN_POINT('Ctrl Pts',(103.334504478922,85.3108621721801,-255.263046647112));
#12860=CARTESIAN_POINT('Ctrl Pts',(136.130179634977,91.5181361164473,0.0467003174240159));
#12861=CARTESIAN_POINT('Ctrl Pts',(126.231139513119,91.49935409865,-85.0529611310039));
#12862=CARTESIAN_POINT('Ctrl Pts',(116.338183512465,91.4781794994957,-170.153327724917));
#12863=CARTESIAN_POINT('Ctrl Pts',(106.452516550629,91.4590459297245,-255.254535576795));
#12864=CARTESIAN_POINT('Ctrl Pts',(137.433095079153,93.5123089457909,0.0497289369353084));
#12865=CARTESIAN_POINT('Ctrl Pts',(127.463764897035,93.5454003207667,-85.0501934745203));
#12866=CARTESIAN_POINT('Ctrl Pts',(117.498694000676,93.5744048866058,-170.150617872276));
#12867=CARTESIAN_POINT('Ctrl Pts',(107.538570738756,93.5999013614939,-255.251622847672));
#12868=CARTESIAN_POINT('Ctrl Pts',(137.768280047813,94.0253250402089,0.0504635269766362));
#12869=CARTESIAN_POINT('Ctrl Pts',(127.777101806675,94.0636394095932,-85.0496621086114));
#12870=CARTESIAN_POINT('Ctrl Pts',(117.786530990753,94.0922736762102,-170.149873239865));
#12871=CARTESIAN_POINT('Ctrl Pts',(107.801780765696,94.1182932415213,-255.250769221915));
#12872=CARTESIAN_POINT('Ctrl Pts',(137.84366851853,94.140712209487,0.0505986412860109));
#12873=CARTESIAN_POINT('Ctrl Pts',(127.853541152431,94.1881615109176,-85.0505802586416));
#12874=CARTESIAN_POINT('Ctrl Pts',(117.857211465305,94.2202329870002,-170.151056313287));
#12875=CARTESIAN_POINT('Ctrl Pts',(107.854897512052,94.2226988150217,-255.250875144375));
#12876=CARTESIAN_POINT('Ctrl Pts',(137.837728683847,94.1407404196246,3.75807891750402E-12));
#12877=CARTESIAN_POINT('Ctrl Pts',(127.84959924995,94.1881741251589,-85.0841382417967));
#12878=CARTESIAN_POINT('Ctrl Pts',(117.855270021841,94.2202333444536,-170.167573928796));
#12879=CARTESIAN_POINT('Ctrl Pts',(107.854958923458,94.2226987998819,-255.250352655319));
#12880=CARTESIAN_POINT('Ctrl Pts',(137.837728683869,94.1407404195155,0.));
#12881=CARTESIAN_POINT('Ctrl Pts',(127.841423474609,94.1882126335529,-85.1537846936335));
#12882=CARTESIAN_POINT('Ctrl Pts',(117.838907478405,94.2202873391627,-170.306865580778));
#12883=CARTESIAN_POINT('Ctrl Pts',(107.830401359866,94.2227047928798,-255.459288633253));
#12884=CARTESIAN_POINT('Ctrl Pts',(138.580637005848,95.2712967322155,0.0377102339364193));
#12885=CARTESIAN_POINT('Ctrl Pts',(128.498456220795,95.260610766096,-85.1194204193293));
#12886=CARTESIAN_POINT('Ctrl Pts',(118.415671974406,95.2389595248477,-170.276271498359));
#12887=CARTESIAN_POINT('Ctrl Pts',(108.329704561948,95.1980752503308,-255.432947061947));
#12888=CARTESIAN_POINT('Ctrl Pts',(138.985835971786,96.6223900503609,0.0587454437545837));
#12889=CARTESIAN_POINT('Ctrl Pts',(128.854969807941,96.5197941067885,-85.1003967358381));
#12890=CARTESIAN_POINT('Ctrl Pts',(118.725377448292,96.4116256585008,-170.259466510484));
#12891=CARTESIAN_POINT('Ctrl Pts',(108.594482375826,96.2939705112016,-255.418570722283));
#12892=CARTESIAN_POINT('Ctrl Pts',(138.985990418809,97.9764572481507,0.0600437640419989));
#12893=CARTESIAN_POINT('Ctrl Pts',(128.855529611819,97.7813027900122,-85.0991423947158));
#12894=CARTESIAN_POINT('Ctrl Pts',(118.725068804829,97.5861483318738,-170.258328553474));
#12895=CARTESIAN_POINT('Ctrl Pts',(108.594607997839,97.3909938737354,-255.417514712231));
#12896=CARTESIAN_POINT('',(139.021004237576,97.9771317587144,0.354378678057831));
#12897=CARTESIAN_POINT('Origin',(139.021004237576,97.9771317587144,0.354378678057831));
#12898=CARTESIAN_POINT('',(139.021004237576,142.5,0.354378678057831));
#12899=CARTESIAN_POINT('Ctrl Pts',(117.03969235387,164.57110249446,0.812364847997786));
#12900=CARTESIAN_POINT('Ctrl Pts',(120.308542770475,164.54204441613,0.547394574411483));
#12901=CARTESIAN_POINT('Ctrl Pts',(125.211938983847,163.376913166821,0.231115034433037));
#12902=CARTESIAN_POINT('Ctrl Pts',(132.20756946573,158.943916923134,-0.0194602927184279));
#12903=CARTESIAN_POINT('Ctrl Pts',(137.480073305901,152.349864912763,0.0273019731898369));
#12904=CARTESIAN_POINT('Ctrl Pts',(139.023585775221,145.793047651406,0.376079728882014));
#12905=CARTESIAN_POINT('Ctrl Pts',(139.051524366503,142.518598203564,0.610938511846591));
#12906=CARTESIAN_POINT('Ctrl Pts',(110.057472824111,155.208580852283,-84.5611375840545));
#12907=CARTESIAN_POINT('Ctrl Pts',(112.855102575659,155.1837101076,-84.7879250525159));
#12908=CARTESIAN_POINT('Ctrl Pts',(117.052074817098,154.186507255413,-85.0586655806904));
#12909=CARTESIAN_POINT('Ctrl Pts',(123.04046406582,150.391816648476,-85.2731847686963));
#12910=CARTESIAN_POINT('Ctrl Pts',(127.553996889652,144.746944190062,-85.2331480350369));
#12911=CARTESIAN_POINT('Ctrl Pts',(128.875107097832,139.134475035018,-84.9345691529212));
#12912=CARTESIAN_POINT('Ctrl Pts',(128.899021023492,136.331916478917,-84.7335427153383));
#12913=CARTESIAN_POINT('Ctrl Pts',(103.075253294352,145.846059210106,-169.934640016107));
#12914=CARTESIAN_POINT('Ctrl Pts',(105.401662380842,145.825375799071,-170.123244679443));
#12915=CARTESIAN_POINT('Ctrl Pts',(108.89221065035,144.996101344005,-170.348446195814));
#12916=CARTESIAN_POINT('Ctrl Pts',(113.87335866591,141.839716373819,-170.526909244674));
#12917=CARTESIAN_POINT('Ctrl Pts',(117.627920473403,137.144023467361,-170.493598043264));
#12918=CARTESIAN_POINT('Ctrl Pts',(118.726628420442,132.475902418629,-170.245218034724));
#12919=CARTESIAN_POINT('Ctrl Pts',(118.746517680481,130.14523475427,-170.078023942523));
#12920=CARTESIAN_POINT('Ctrl Pts',(96.0930337645934,136.48353756793,-255.308142448159));
#12921=CARTESIAN_POINT('Ctrl Pts',(97.9482221860253,136.467041490542,-255.458564306371));
#12922=CARTESIAN_POINT('Ctrl Pts',(100.732346483601,135.805695432597,-255.638226810937));
#12923=CARTESIAN_POINT('Ctrl Pts',(104.706253266001,133.287616099161,-255.780633720652));
#12924=CARTESIAN_POINT('Ctrl Pts',(107.701844057153,129.54110274466,-255.75404805149));
#12925=CARTESIAN_POINT('Ctrl Pts',(108.578149743053,125.817329802241,-255.555866916528));
#12926=CARTESIAN_POINT('Ctrl Pts',(108.59401433747,123.958553029622,-255.422505169708));
#12927=CARTESIAN_POINT('Ctrl Pts',(-97.2182764859419,99.6354250040022,-269.));
#12928=CARTESIAN_POINT('Ctrl Pts',(-97.1913387861218,99.5824890623386,-269.));
#12929=CARTESIAN_POINT('Ctrl Pts',(-97.1375453040658,99.4765755591499,-269.));
#12930=CARTESIAN_POINT('Ctrl Pts',(-97.0300036791381,99.2647254949635,-269.));
#12931=CARTESIAN_POINT('Ctrl Pts',(-96.8418811021851,98.8939496456085,-269.));
#12932=CARTESIAN_POINT('Ctrl Pts',(-96.4657294050649,98.1523505699153,-269.));
#12933=CARTESIAN_POINT('Ctrl Pts',(-95.7135724997676,96.6690781066655,-269.));
#12934=CARTESIAN_POINT('Ctrl Pts',(-94.2094443870623,93.7024390327116,-269.));
#12935=CARTESIAN_POINT('Ctrl Pts',(-92.0608412921216,89.4643064538856,-269.));
#12936=CARTESIAN_POINT('Ctrl Pts',(-88.6230923952413,82.6832861850185,-269.));
#12937=CARTESIAN_POINT('Ctrl Pts',(-85.1852572297833,75.9023096727639,-269.));
#12938=CARTESIAN_POINT('Ctrl Pts',(-82.1768716754879,69.9690970702992,-269.));
#12939=CARTESIAN_POINT('Ctrl Pts',(-80.672510109636,67.0025763459828,-269.));
#12940=CARTESIAN_POINT('Ctrl Pts',(-79.9202181722455,65.5193723637274,-269.));
#12941=CARTESIAN_POINT('Ctrl Pts',(-79.5439991083071,64.7778074479836,-269.));
#12942=CARTESIAN_POINT('Ctrl Pts',(-79.3558397226881,64.4070502875568,-269.));
#12943=CARTESIAN_POINT('Ctrl Pts',(-79.2617300177266,64.2216869403027,-269.));
#12944=CARTESIAN_POINT('Ctrl Pts',(-79.2079299671697,64.1157767477482,-269.));
#12945=CARTESIAN_POINT('Ctrl Pts',(-79.1810179971802,64.0628277190309,-269.));
#12946=CARTESIAN_POINT('Ctrl Pts',(-79.1675457629166,64.0363614706794,-269.));
#12947=CARTESIAN_POINT('Ctrl Pts',(-99.0853137174216,98.6853391660264,-269.));
#12948=CARTESIAN_POINT('Ctrl Pts',(-99.0590957126394,98.6338654741365,-268.999999935639));
#12949=CARTESIAN_POINT('Ctrl Pts',(-99.005495120617,98.5281842938389,-269.000000112995));
#12950=CARTESIAN_POINT('Ctrl Pts',(-98.8983670486157,98.3168709525637,-269.000000462825));
#12951=CARTESIAN_POINT('Ctrl Pts',(-98.7105514586228,97.9461471994074,-269.000001088563));
#12952=CARTESIAN_POINT('Ctrl Pts',(-98.3349817237967,97.2046079210275,-269.000002169956));
#12953=CARTESIAN_POINT('Ctrl Pts',(-97.5837374940971,95.7209499284823,-269.000003352437));
#12954=CARTESIAN_POINT('Ctrl Pts',(-96.0814010619372,92.7535226675861,-269.000004028528));
#12955=CARTESIAN_POINT('Ctrl Pts',(-93.9352535278067,88.5140924409348,-269.000002574401));
#12956=CARTESIAN_POINT('Ctrl Pts',(-90.5014514222522,81.7310537552174,-269.000003614974));
#12957=CARTESIAN_POINT('Ctrl Pts',(-87.0675516019067,74.9480588184859,-268.999995431635));
#12958=CARTESIAN_POINT('Ctrl Pts',(-84.0626071087911,69.0130155729451,-268.999994897491));
#12959=CARTESIAN_POINT('Ctrl Pts',(-82.5599752085094,66.0455595048565,-268.999995737051));
#12960=CARTESIAN_POINT('Ctrl Pts',(-81.808484797316,64.5617194911225,-268.99999701583));
#12961=CARTESIAN_POINT('Ctrl Pts',(-81.4326497656552,63.8197797804529,-268.999998167259));
#12962=CARTESIAN_POINT('Ctrl Pts',(-81.2445566651624,63.448545861433,-268.999998881787));
#12963=CARTESIAN_POINT('Ctrl Pts',(-81.1504561601033,63.2628833826703,-268.999999285626));
#12964=CARTESIAN_POINT('Ctrl Pts',(-81.0964380695906,63.1563059969448,-268.999999604472));
#12965=CARTESIAN_POINT('Ctrl Pts',(-81.0694551853437,63.1031036055776,-268.99999975293));
#12966=CARTESIAN_POINT('Ctrl Pts',(-81.0554271745194,63.0753646455478,-269.));
#12967=CARTESIAN_POINT('Ctrl Pts',(-102.813771739074,96.7880255484229,-268.106414174541));
#12968=CARTESIAN_POINT('Ctrl Pts',(-102.788991162882,96.7394718753759,-268.106432894607));
#12969=CARTESIAN_POINT('Ctrl Pts',(-102.735775164557,96.634254953787,-268.106374909973));
#12970=CARTESIAN_POINT('Ctrl Pts',(-102.62947182849,96.4240140235552,-268.106266844241));
#12971=CARTESIAN_POINT('Ctrl Pts',(-102.442267020569,96.0533954585835,-268.106051086621));
#12972=CARTESIAN_POINT('Ctrl Pts',(-102.067854971219,95.3119778734854,-268.105627097751));
#12973=CARTESIAN_POINT('Ctrl Pts',(-101.318424103807,93.8275546647745,-268.104772982594));
#12974=CARTESIAN_POINT('Ctrl Pts',(-99.8196469787788,90.8585628530275,-268.103080591025));
#12975=CARTESIAN_POINT('Ctrl Pts',(-97.678376022177,86.6165549912523,-268.100668929652));
#12976=CARTESIAN_POINT('Ctrl Pts',(-94.2524127101665,79.8295072959616,-268.096818343249));
#12977=CARTESIAN_POINT('Ctrl Pts',(-90.826326518048,73.0425045179416,-268.092952365205));
#12978=CARTESIAN_POINT('Ctrl Pts',(-87.8282150101072,67.1038251868418,-268.089548276965));
#12979=CARTESIAN_POINT('Ctrl Pts',(-86.3290178291896,64.1345111087346,-268.087830955737));
#12980=CARTESIAN_POINT('Ctrl Pts',(-85.5791183306437,62.6494059090876,-268.086955776811));
#12981=CARTESIAN_POINT('Ctrl Pts',(-85.2040453468593,61.9067202218662,-268.086509577444));
#12982=CARTESIAN_POINT('Ctrl Pts',(-85.0160820393954,61.5345355734905,-268.086269989515));
#12983=CARTESIAN_POINT('Ctrl Pts',(-84.9219985709484,61.3482764392483,-268.086145071415));
#12984=CARTESIAN_POINT('Ctrl Pts',(-84.8675440772418,61.240367251128,-268.086051045084));
#12985=CARTESIAN_POINT('Ctrl Pts',(-84.8404191094226,61.1866591637708,-268.086006455607));
#12986=CARTESIAN_POINT('Ctrl Pts',(-84.8252805144944,61.1563791262972,-268.085935003387));
#12987=CARTESIAN_POINT('Ctrl Pts',(-108.225093580456,94.0343470681331,-263.704585655568));
#12988=CARTESIAN_POINT('Ctrl Pts',(-108.20241986341,93.9900155645759,-263.704691468219));
#12989=CARTESIAN_POINT('Ctrl Pts',(-108.149691187992,93.8855075250186,-263.704363829337));
#12990=CARTESIAN_POINT('Ctrl Pts',(-108.044452444562,93.6768880549175,-263.703753118246));
#12991=CARTESIAN_POINT('Ctrl Pts',(-107.857871650036,93.3065547772006,-263.702534194013));
#12992=CARTESIAN_POINT('Ctrl Pts',(-107.484624771322,92.5655742450336,-263.700139692263));
#12993=CARTESIAN_POINT('Ctrl Pts',(-106.736793766284,91.0805644400054,-263.695321360323));
#12994=CARTESIAN_POINT('Ctrl Pts',(-105.24114439816,88.1103374168696,-263.685783643306));
#12995=CARTESIAN_POINT('Ctrl Pts',(-103.10405278064,83.8660600558657,-263.672207732768));
#12996=CARTESIAN_POINT('Ctrl Pts',(-99.6848064641581,77.0755579026178,-263.650521377488));
#12997=CARTESIAN_POINT('Ctrl Pts',(-96.2654092523074,70.2850943444754,-263.628804625947));
#12998=CARTESIAN_POINT('Ctrl Pts',(-93.2730655219049,64.3432393068117,-263.609657767472));
#12999=CARTESIAN_POINT('Ctrl Pts',(-91.7767491803814,61.372293453316,-263.599995132028));
#13000=CARTESIAN_POINT('Ctrl Pts',(-91.0280820515026,59.8859004706094,-263.595067216833));
#13001=CARTESIAN_POINT('Ctrl Pts',(-90.6535636996861,59.1424142359906,-263.592552437955));
#13002=CARTESIAN_POINT('Ctrl Pts',(-90.4654944144919,58.7690060856023,-263.591201685476));
#13003=CARTESIAN_POINT('Ctrl Pts',(-90.3712824265884,58.581963430839,-263.590497274956));
#13004=CARTESIAN_POINT('Ctrl Pts',(-90.3160827824686,58.4721906290869,-263.589966995082));
#13005=CARTESIAN_POINT('Ctrl Pts',(-90.288698065687,58.4177804016796,-263.589715538038));
#13006=CARTESIAN_POINT('Ctrl Pts',(-90.2718689995519,58.3838775222397,-263.589312551353));
#13007=CARTESIAN_POINT('Ctrl Pts',(-110.222322662834,93.0180100426222,-258.688145399354));
#13008=CARTESIAN_POINT('Ctrl Pts',(-110.20047313414,92.9752237295354,-258.688334667495));
#13009=CARTESIAN_POINT('Ctrl Pts',(-110.147793845669,92.8710454842,-258.687748622745));
#13010=CARTESIAN_POINT('Ctrl Pts',(-110.042705187384,92.6631519054247,-258.686656262754));
#13011=CARTESIAN_POINT('Ctrl Pts',(-109.855866354823,92.2931725881981,-258.684476085853));
#13012=CARTESIAN_POINT('Ctrl Pts',(-109.482088502025,91.5528420005045,-258.680193543812));
#13013=CARTESIAN_POINT('Ctrl Pts',(-108.73290365952,90.0685997110168,-258.671577230998));
#13014=CARTESIAN_POINT('Ctrl Pts',(-107.234542480564,87.0998719982851,-258.654525707939));
#13015=CARTESIAN_POINT('Ctrl Pts',(-105.093460745913,82.8575566711863,-258.630265771299));
#13016=CARTESIAN_POINT('Ctrl Pts',(-101.667859051184,76.0702553547181,-258.591533422052));
#13017=CARTESIAN_POINT('Ctrl Pts',(-98.2419777046327,69.2830556107329,-258.552782979849));
#13018=CARTESIAN_POINT('Ctrl Pts',(-95.2438908691717,63.3440274859995,-258.5186450573));
#13019=CARTESIAN_POINT('Ctrl Pts',(-93.7446665854382,60.3744993458799,-258.501424039453));
#13020=CARTESIAN_POINT('Ctrl Pts',(-92.9944348271448,58.8886616397516,-258.492642966133));
#13021=CARTESIAN_POINT('Ctrl Pts',(-92.6190942534602,58.1454047761123,-258.488162168607));
#13022=CARTESIAN_POINT('Ctrl Pts',(-92.430437466912,57.7718318040027,-258.485755523795));
#13023=CARTESIAN_POINT('Ctrl Pts',(-92.3358927193746,57.5846503002589,-258.484500493333));
#13024=CARTESIAN_POINT('Ctrl Pts',(-92.2802076382477,57.4743112190921,-258.483555723087));
#13025=CARTESIAN_POINT('Ctrl Pts',(-92.2526266106414,57.4196982480492,-258.483107718184));
#13026=CARTESIAN_POINT('Ctrl Pts',(-92.2350212017787,57.3845652656565,-258.482389756202));
#13027=CARTESIAN_POINT('Ctrl Pts',(-110.514129532829,92.8695172488355,-255.562940819148));
#13028=CARTESIAN_POINT('Ctrl Pts',(-110.492431158664,92.8269295907435,-255.563167461185));
#13029=CARTESIAN_POINT('Ctrl Pts',(-110.439648914072,92.7228535067731,-255.562465700587));
#13030=CARTESIAN_POINT('Ctrl Pts',(-110.33437620951,92.5151658365955,-255.561157667495));
#13031=CARTESIAN_POINT('Ctrl Pts',(-110.147092455204,92.1454437160851,-255.558547131408));
#13032=CARTESIAN_POINT('Ctrl Pts',(-109.772438347738,91.4056115171109,-255.55341956897));
#13033=CARTESIAN_POINT('Ctrl Pts',(-109.021458433234,89.9222929228586,-255.543104564265));
#13034=CARTESIAN_POINT('Ctrl Pts',(-107.519551831751,86.9553857743124,-255.522696335457));
#13035=CARTESIAN_POINT('Ctrl Pts',(-105.373418097884,82.7156276694895,-255.493673592366));
#13036=CARTESIAN_POINT('Ctrl Pts',(-101.93970489128,75.9324390198407,-255.447361630887));
#13037=CARTESIAN_POINT('Ctrl Pts',(-98.5057397824301,69.1493298955243,-255.40106930075));
#13038=CARTESIAN_POINT('Ctrl Pts',(-95.5004463510188,63.2139379040918,-255.360319146007));
#13039=CARTESIAN_POINT('Ctrl Pts',(-93.9975689309163,60.246249010722,-255.339770953474));
#13040=CARTESIAN_POINT('Ctrl Pts',(-93.2454561004118,58.7613339779235,-255.329295372542));
#13041=CARTESIAN_POINT('Ctrl Pts',(-92.8691483758982,58.0185441571305,-255.32395034684));
#13042=CARTESIAN_POINT('Ctrl Pts',(-92.6799537124919,57.6451879772754,-255.321079668572));
#13043=CARTESIAN_POINT('Ctrl Pts',(-92.5851250114276,57.4581133264532,-255.319582683973));
#13044=CARTESIAN_POINT('Ctrl Pts',(-92.5291977686867,57.3477992087882,-255.318455795768));
#13045=CARTESIAN_POINT('Ctrl Pts',(-92.50150598509,57.2932059339228,-255.317921433558));
#13046=CARTESIAN_POINT('Ctrl Pts',(-92.4836674729063,57.2579957281496,-255.317065095294));
#13047=CARTESIAN_POINT('',(-110.514129532829,92.8695172488355,-255.562940819148));
#13048=CARTESIAN_POINT('',(-96.6786249481448,98.5720700621367,-269.));
#13049=CARTESIAN_POINT('Ctrl Pts',(-110.514129532829,92.8695172488355,-255.562940819148));
#13050=CARTESIAN_POINT('Ctrl Pts',(-110.457585084664,92.8737254731466,-256.062178615845));
#13051=CARTESIAN_POINT('Ctrl Pts',(-110.376898143454,92.8876672074218,-256.558346015813));
#13052=CARTESIAN_POINT('Ctrl Pts',(-110.273503950909,92.9117768524373,-257.049244369542));
#13053=CARTESIAN_POINT('Ctrl Pts',(-110.179495779698,92.9336978480044,-257.495579461953));
#13054=CARTESIAN_POINT('Ctrl Pts',(-110.066717624007,92.9640294585954,-257.937558766374));
#13055=CARTESIAN_POINT('Ctrl Pts',(-109.93623122015,93.0031029615788,-258.373517391388));
#13056=CARTESIAN_POINT('Ctrl Pts',(-109.896972792368,93.0148587020218,-258.504680866587));
#13057=CARTESIAN_POINT('Ctrl Pts',(-109.856111235879,93.0274055244049,-258.635299269416));
#13058=CARTESIAN_POINT('Ctrl Pts',(-109.813674814379,93.0407516339654,-258.765327012439));
#13059=CARTESIAN_POINT('Ctrl Pts',(-109.569385316177,93.1175798464339,-259.513844700118));
#13060=CARTESIAN_POINT('Ctrl Pts',(-109.272904295282,93.2208906429322,-260.242788357934));
#13061=CARTESIAN_POINT('Ctrl Pts',(-108.927875177279,93.3486591995031,-260.943263049122));
#13062=CARTESIAN_POINT('Ctrl Pts',(-108.794740114795,93.3979607624001,-261.2135525317));
#13063=CARTESIAN_POINT('Ctrl Pts',(-108.654376850987,93.4509043218703,-261.479603213678));
#13064=CARTESIAN_POINT('Ctrl Pts',(-108.50699581479,93.5073754889079,-261.740904136239));
#13065=CARTESIAN_POINT('Ctrl Pts',(-108.047087533949,93.683595971675,-262.55630387272));
#13066=CARTESIAN_POINT('Ctrl Pts',(-107.518842875536,93.8941689862215,-263.32545273693));
#13067=CARTESIAN_POINT('Ctrl Pts',(-106.928803238366,94.1359260621979,-264.032832137606));
#13068=CARTESIAN_POINT('Ctrl Pts',(-106.333697598808,94.3797588324955,-264.74628500438));
#13069=CARTESIAN_POINT('Ctrl Pts',(-105.675731748588,94.6553158261121,-265.396902948775));
#13070=CARTESIAN_POINT('Ctrl Pts',(-104.968388987978,94.9558770103833,-265.974490871475));
#13071=CARTESIAN_POINT('Ctrl Pts',(-104.762648350477,95.0432994781086,-266.142490480783));
#13072=CARTESIAN_POINT('Ctrl Pts',(-104.552730228267,95.1328370537412,-266.304311535924));
#13073=CARTESIAN_POINT('Ctrl Pts',(-104.338966121656,95.2243235430172,-266.459702985699));
#13074=CARTESIAN_POINT('Ctrl Pts',(-103.683553942091,95.5048260103754,-266.936141478566));
#13075=CARTESIAN_POINT('Ctrl Pts',(-102.991986349161,95.8036492704317,-267.352137594241));
#13076=CARTESIAN_POINT('Ctrl Pts',(-102.27379995274,96.1159562229647,-267.700451093598));
#13077=CARTESIAN_POINT('Ctrl Pts',(-101.047397175919,96.6492636146336,-268.295244652686));
#13078=CARTESIAN_POINT('Ctrl Pts',(-99.7433701807351,97.2218902919614,-268.692673825028));
#13079=CARTESIAN_POINT('Ctrl Pts',(-98.4148424402177,97.806908632405,-268.878598135567));
#13080=CARTESIAN_POINT('Ctrl Pts',(-97.8392605209926,98.0603666287304,-268.959149461841));
#13081=CARTESIAN_POINT('Ctrl Pts',(-97.2590803554883,98.3161505104913,-269.000000343463));
#13082=CARTESIAN_POINT('Ctrl Pts',(-96.6786249481448,98.5720700621367,-269.000000000002));
#13083=CARTESIAN_POINT('',(-79.1675457629166,64.0363614706794,-269.));
#13084=CARTESIAN_POINT('Ctrl Pts',(-96.6786224022049,98.572071358285,-269.));
#13085=CARTESIAN_POINT('Ctrl Pts',(-96.6434833681964,98.5027922388047,-269.));
#13086=CARTESIAN_POINT('Ctrl Pts',(-96.3934110211462,98.0097368855924,-269.));
#13087=CARTESIAN_POINT('Ctrl Pts',(-95.7135724997676,96.6690781066655,-269.));
#13088=CARTESIAN_POINT('Ctrl Pts',(-94.2094443870623,93.7024390327116,-269.));
#13089=CARTESIAN_POINT('Ctrl Pts',(-92.0608412921216,89.4643064538856,-269.));
#13090=CARTESIAN_POINT('Ctrl Pts',(-88.6230923952413,82.6832861850185,-269.));
#13091=CARTESIAN_POINT('Ctrl Pts',(-85.1852572297833,75.9023096727639,-269.));
#13092=CARTESIAN_POINT('Ctrl Pts',(-82.1768716754879,69.9690970702992,-269.));
#13093=CARTESIAN_POINT('Ctrl Pts',(-80.672510109636,67.0025763459828,-269.));
#13094=CARTESIAN_POINT('Ctrl Pts',(-79.9202181722455,65.5193723637274,-269.));
#13095=CARTESIAN_POINT('Ctrl Pts',(-79.5439991083071,64.7778074479836,-269.));
#13096=CARTESIAN_POINT('Ctrl Pts',(-79.3558397226881,64.4070502875568,-269.));
#13097=CARTESIAN_POINT('Ctrl Pts',(-79.2617300177266,64.2216869403027,-269.));
#13098=CARTESIAN_POINT('Ctrl Pts',(-79.2079299671697,64.1157767477482,-269.));
#13099=CARTESIAN_POINT('Ctrl Pts',(-79.1810179971802,64.0628277190309,-269.));
#13100=CARTESIAN_POINT('Ctrl Pts',(-79.1675457629166,64.0363614706794,-269.));
#13101=CARTESIAN_POINT('',(-92.4836674729063,57.2579957281496,-255.317065095294));
#13102=CARTESIAN_POINT('Origin',(-79.1675457629166,64.0363614706794,-254.));
#13103=CARTESIAN_POINT('Ctrl Pts',(-92.4836674729063,57.2579957281496,-255.317065095294));
#13104=CARTESIAN_POINT('Ctrl Pts',(-92.50150598509,57.2932059339228,-255.317921433558));
#13105=CARTESIAN_POINT('Ctrl Pts',(-92.5291977686867,57.3477992087882,-255.318455795768));
#13106=CARTESIAN_POINT('Ctrl Pts',(-92.5851250114276,57.4581133264532,-255.319582683973));
#13107=CARTESIAN_POINT('Ctrl Pts',(-92.6799537124919,57.6451879772754,-255.321079668572));
#13108=CARTESIAN_POINT('Ctrl Pts',(-92.8691483758982,58.0185441571305,-255.32395034684));
#13109=CARTESIAN_POINT('Ctrl Pts',(-93.2454561004118,58.7613339779235,-255.329295372542));
#13110=CARTESIAN_POINT('Ctrl Pts',(-93.9975689309163,60.246249010722,-255.339770953474));
#13111=CARTESIAN_POINT('Ctrl Pts',(-95.5004463510188,63.2139379040918,-255.360319146007));
#13112=CARTESIAN_POINT('Ctrl Pts',(-98.5057397824301,69.1493298955243,-255.40106930075));
#13113=CARTESIAN_POINT('Ctrl Pts',(-101.93970489128,75.9324390198407,-255.447361630887));
#13114=CARTESIAN_POINT('Ctrl Pts',(-105.373418097884,82.7156276694895,-255.493673592366));
#13115=CARTESIAN_POINT('Ctrl Pts',(-107.519551831751,86.9553857743124,-255.522696335457));
#13116=CARTESIAN_POINT('Ctrl Pts',(-109.021458433234,89.9222929228586,-255.543104564265));
#13117=CARTESIAN_POINT('Ctrl Pts',(-109.772438347738,91.4056115171109,-255.55341956897));
#13118=CARTESIAN_POINT('Ctrl Pts',(-110.147092455204,92.1454437160851,-255.558547131408));
#13119=CARTESIAN_POINT('Ctrl Pts',(-110.33437620951,92.5151658365955,-255.561157667495));
#13120=CARTESIAN_POINT('Ctrl Pts',(-110.439648914072,92.7228535067731,-255.562465700587));
#13121=CARTESIAN_POINT('Ctrl Pts',(-110.492431158664,92.8269295907435,-255.563167461185));
#13122=CARTESIAN_POINT('Ctrl Pts',(-110.514129532829,92.8695172488355,-255.562940819148));
#13123=CARTESIAN_POINT('Ctrl Pts',(-79.1675457629168,64.0363614706794,-269.));
#13124=CARTESIAN_POINT('Ctrl Pts',(-77.3935636697119,60.5513678362636,-269.));
#13125=CARTESIAN_POINT('Ctrl Pts',(-76.455277944701,56.6441925102081,-269.));
#13126=CARTESIAN_POINT('Ctrl Pts',(-76.455277944701,52.7336691310516,-269.));
#13127=CARTESIAN_POINT('Ctrl Pts',(-81.0554271745196,63.0753646455477,-269.));
#13128=CARTESIAN_POINT('Ctrl Pts',(-79.4218890127105,59.8916549317103,-268.9999653321));
#13129=CARTESIAN_POINT('Ctrl Pts',(-78.5552932424783,56.3143833772489,-269.000004623992));
#13130=CARTESIAN_POINT('Ctrl Pts',(-78.5537347535694,52.7336691310516,-269.));
#13131=CARTESIAN_POINT('Ctrl Pts',(-84.825327501082,61.1563552085017,-268.085977192159));
#13132=CARTESIAN_POINT('Ctrl Pts',(-83.4723469362975,58.5742218368188,-268.096003099443));
#13133=CARTESIAN_POINT('Ctrl Pts',(-82.7490027376368,55.6557590438236,-268.102006987247));
#13134=CARTESIAN_POINT('Ctrl Pts',(-82.7443477233393,52.7336691310516,-268.103350707346));
#13135=CARTESIAN_POINT('Ctrl Pts',(-90.2719536341688,58.3838344402973,-263.589361044682));
#13136=CARTESIAN_POINT('Ctrl Pts',(-89.3361837901942,56.6636751767856,-263.645906623478));
#13137=CARTESIAN_POINT('Ctrl Pts',(-88.8295125080965,54.7014826378804,-263.679549377025));
#13138=CARTESIAN_POINT('Ctrl Pts',(-88.822204422514,52.7336691310516,-263.68714204006));
#13139=CARTESIAN_POINT('Ctrl Pts',(-92.2350212017788,57.3845652656564,-258.482389756202));
#13140=CARTESIAN_POINT('Ctrl Pts',(-91.4734414950061,55.9652063139927,-258.583131486052));
#13141=CARTESIAN_POINT('Ctrl Pts',(-91.0622533878407,54.3486076195383,-258.643298176268));
#13142=CARTESIAN_POINT('Ctrl Pts',(-91.0573830694264,52.7336691310516,-258.65687106634));
#13143=CARTESIAN_POINT('Ctrl Pts',(-92.4836674729064,57.2579957281495,-255.317065095294));
#13144=CARTESIAN_POINT('Ctrl Pts',(-91.7626607308696,55.8649228611009,-255.437223265456));
#13145=CARTESIAN_POINT('Ctrl Pts',(-91.3791645587924,54.3001464551017,-255.509263043087));
#13146=CARTESIAN_POINT('Ctrl Pts',(-91.3775039945525,52.7336691310516,-255.525506380561));
#13147=CARTESIAN_POINT('',(-76.455277944701,52.7336691310516,-269.));
#13148=CARTESIAN_POINT('',(-91.3775039945525,52.7336691310516,-255.525506380561));
#13149=CARTESIAN_POINT('Origin',(-76.455277944701,52.7336691310516,-254.));
#13150=CARTESIAN_POINT('Ctrl Pts',(-91.3775039945525,52.7336691310516,-255.525506380561));
#13151=CARTESIAN_POINT('Ctrl Pts',(-91.3791645587924,54.3001464551017,-255.509263043087));
#13152=CARTESIAN_POINT('Ctrl Pts',(-91.7626607308696,55.8649228611009,-255.437223265456));
#13153=CARTESIAN_POINT('Ctrl Pts',(-92.4836674729064,57.2579957281495,-255.317065095294));
#13154=CARTESIAN_POINT('Ctrl Pts',(-79.1675457629168,64.0363614706794,-269.));
#13155=CARTESIAN_POINT('Ctrl Pts',(-77.3935636697119,60.5513678362636,-269.));
#13156=CARTESIAN_POINT('Ctrl Pts',(-76.455277944701,56.6441925102081,-269.));
#13157=CARTESIAN_POINT('Ctrl Pts',(-76.455277944701,52.7336691310516,-269.));
#13158=CARTESIAN_POINT('Origin',(-76.4552779447008,27.2614341206428,-254.));
#13159=CARTESIAN_POINT('',(-76.4552779447008,-52.7336691310516,-269.));
#13160=CARTESIAN_POINT('',(-91.3775039945519,-52.7336691310516,-255.525506380561));
#13161=CARTESIAN_POINT('Origin',(-76.4552779447008,-52.7336691310516,-254.));
#13162=CARTESIAN_POINT('',(-91.3775039945523,27.2614341206428,-255.525506380561));
#13163=CARTESIAN_POINT('',(-76.4552779447008,27.2614341206428,-269.));
#13164=CARTESIAN_POINT('Ctrl Pts',(-76.4552779447003,-52.7336691310516,
-269.));
#13165=CARTESIAN_POINT('Ctrl Pts',(-76.4552779447003,-56.6441925102083,
-269.));
#13166=CARTESIAN_POINT('Ctrl Pts',(-77.3935636697113,-60.5513678362638,
-269.));
#13167=CARTESIAN_POINT('Ctrl Pts',(-79.1675457629162,-64.0363614706797,
-269.));
#13168=CARTESIAN_POINT('Ctrl Pts',(-78.5537347535688,-52.7336691310516,
-269.));
#13169=CARTESIAN_POINT('Ctrl Pts',(-78.5552932424777,-56.3143833772491,
-269.000004623992));
#13170=CARTESIAN_POINT('Ctrl Pts',(-79.4218890127098,-59.8916549317102,
-268.9999653321));
#13171=CARTESIAN_POINT('Ctrl Pts',(-81.055427174519,-63.075364645548,-269.));
#13172=CARTESIAN_POINT('Ctrl Pts',(-82.7443477233386,-52.7336691310516,
-268.103350707346));
#13173=CARTESIAN_POINT('Ctrl Pts',(-82.7490027376361,-55.6557590438238,
-268.102006987247));
#13174=CARTESIAN_POINT('Ctrl Pts',(-83.4723469362965,-58.5742218368182,
-268.096003099443));
#13175=CARTESIAN_POINT('Ctrl Pts',(-84.8253275010814,-61.156355208502,-268.085977192159));
#13176=CARTESIAN_POINT('Ctrl Pts',(-88.8222044225134,-52.7336691310516,
-263.68714204006));
#13177=CARTESIAN_POINT('Ctrl Pts',(-88.8295125080958,-54.7014826378807,
-263.679549377025));
#13178=CARTESIAN_POINT('Ctrl Pts',(-89.3361837901928,-56.6636751767842,
-263.645906623478));
#13179=CARTESIAN_POINT('Ctrl Pts',(-90.2719536341682,-58.3838344402976,
-263.589361044682));
#13180=CARTESIAN_POINT('Ctrl Pts',(-91.0573830694258,-52.7336691310516,
-258.65687106634));
#13181=CARTESIAN_POINT('Ctrl Pts',(-91.0622533878401,-54.3486076195386,
-258.643298176268));
#13182=CARTESIAN_POINT('Ctrl Pts',(-91.4734414950046,-55.965206313991,-258.583131486052));
#13183=CARTESIAN_POINT('Ctrl Pts',(-92.2350212017783,-57.3845652656567,
-258.482389756202));
#13184=CARTESIAN_POINT('Ctrl Pts',(-91.3775039945519,-52.7336691310516,
-255.525506380561));
#13185=CARTESIAN_POINT('Ctrl Pts',(-91.3791645587918,-54.300146455102,-255.509263043087));
#13186=CARTESIAN_POINT('Ctrl Pts',(-91.762660730868,-55.8649228610992,-255.437223265456));
#13187=CARTESIAN_POINT('Ctrl Pts',(-92.4836674729059,-57.2579957281498,
-255.317065095294));
#13188=CARTESIAN_POINT('',(-79.1675457629162,-64.0363614706797,-269.));
#13189=CARTESIAN_POINT('',(-92.4836674729059,-57.2579957281498,-255.317065095294));
#13190=CARTESIAN_POINT('Origin',(-79.1675457629162,-64.0363614706797,-254.));
#13191=CARTESIAN_POINT('Ctrl Pts',(-92.4836674729059,-57.2579957281498,
-255.317065095294));
#13192=CARTESIAN_POINT('Ctrl Pts',(-91.762660730868,-55.8649228610992,-255.437223265456));
#13193=CARTESIAN_POINT('Ctrl Pts',(-91.3791645587918,-54.300146455102,-255.509263043087));
#13194=CARTESIAN_POINT('Ctrl Pts',(-91.3775039945519,-52.7336691310516,
-255.525506380561));
#13195=CARTESIAN_POINT('Ctrl Pts',(-76.4552779447003,-52.7336691310516,
-269.));
#13196=CARTESIAN_POINT('Ctrl Pts',(-76.4552779447003,-56.6441925102083,
-269.));
#13197=CARTESIAN_POINT('Ctrl Pts',(-77.3935636697113,-60.5513678362638,
-269.));
#13198=CARTESIAN_POINT('Ctrl Pts',(-79.1675457629162,-64.0363614706797,
-269.));
#13199=CARTESIAN_POINT('Ctrl Pts',(-79.1675457629166,-64.0363614706794,
-269.));
#13200=CARTESIAN_POINT('Ctrl Pts',(-79.1810179971701,-64.0628277190111,
-269.));
#13201=CARTESIAN_POINT('Ctrl Pts',(-79.2079299679098,-64.1157767492051,
-269.));
#13202=CARTESIAN_POINT('Ctrl Pts',(-79.2617300173068,-64.2216869394772,
-269.));
#13203=CARTESIAN_POINT('Ctrl Pts',(-79.3558397191995,-64.4070502806844,
-269.));
#13204=CARTESIAN_POINT('Ctrl Pts',(-79.5439991050196,-64.7778074415048,
-269.));
#13205=CARTESIAN_POINT('Ctrl Pts',(-79.9202181677203,-65.519372354807,-269.));
#13206=CARTESIAN_POINT('Ctrl Pts',(-80.6725101037306,-67.0025763343395,
-269.));
#13207=CARTESIAN_POINT('Ctrl Pts',(-82.1768716608938,-69.9690970415185,
-269.));
#13208=CARTESIAN_POINT('Ctrl Pts',(-85.1852572153986,-75.9023096443915,
-269.));
#13209=CARTESIAN_POINT('Ctrl Pts',(-88.6230923811097,-82.683286157145,-269.));
#13210=CARTESIAN_POINT('Ctrl Pts',(-92.0608412734234,-89.464306417003,-269.));
#13211=CARTESIAN_POINT('Ctrl Pts',(-94.2094443620489,-93.7024389833758,
-269.));
#13212=CARTESIAN_POINT('Ctrl Pts',(-95.713572484024,-96.6690780756164,-269.));
#13213=CARTESIAN_POINT('Ctrl Pts',(-96.4657293893455,-98.152350538921,-269.));
#13214=CARTESIAN_POINT('Ctrl Pts',(-96.8418810909976,-98.8939496235545,
-269.));
#13215=CARTESIAN_POINT('Ctrl Pts',(-97.0300036641386,-99.2647254654049,
-269.));
#13216=CARTESIAN_POINT('Ctrl Pts',(-97.1375452956985,-99.4765755426751,
-269.));
#13217=CARTESIAN_POINT('Ctrl Pts',(-97.1913387861419,-99.5824890623781,
-269.));
#13218=CARTESIAN_POINT('Ctrl Pts',(-97.2182764859418,-99.6354250040022,
-269.));
#13219=CARTESIAN_POINT('Ctrl Pts',(-81.0554271745194,-63.0753646455477,
-269.));
#13220=CARTESIAN_POINT('Ctrl Pts',(-81.0694551853332,-63.1031036055568,
-268.99999975293));
#13221=CARTESIAN_POINT('Ctrl Pts',(-81.0964380703322,-63.1563059984077,
-268.999999604472));
#13222=CARTESIAN_POINT('Ctrl Pts',(-81.1504561596787,-63.2628833818327,
-268.999999285626));
#13223=CARTESIAN_POINT('Ctrl Pts',(-81.2445566616726,-63.4485458545463,
-268.999998881787));
#13224=CARTESIAN_POINT('Ctrl Pts',(-81.432649762368,-63.8197797739639,-268.999998167259));
#13225=CARTESIAN_POINT('Ctrl Pts',(-81.8084847927933,-64.5617194821931,
-268.99999701583));
#13226=CARTESIAN_POINT('Ctrl Pts',(-82.5599752026085,-66.0455594932043,
-268.999995737051));
#13227=CARTESIAN_POINT('Ctrl Pts',(-84.0626070942123,-69.013015544152,-268.999994897491));
#13228=CARTESIAN_POINT('Ctrl Pts',(-87.0675515875377,-74.9480587901035,
-268.999995431635));
#13229=CARTESIAN_POINT('Ctrl Pts',(-90.5014514081365,-81.7310537273346,
-269.000003614974));
#13230=CARTESIAN_POINT('Ctrl Pts',(-93.9352535091302,-88.5140924040416,
-269.000002574401));
#13231=CARTESIAN_POINT('Ctrl Pts',(-96.0814010369523,-92.7535226182342,
-269.000004028528));
#13232=CARTESIAN_POINT('Ctrl Pts',(-97.5837374783729,-95.720949897426,-269.000003352437));
#13233=CARTESIAN_POINT('Ctrl Pts',(-98.3349817080963,-97.2046078900246,
-269.000002169956));
#13234=CARTESIAN_POINT('Ctrl Pts',(-98.7105514474537,-97.9461471773571,
-269.000001088563));
#13235=CARTESIAN_POINT('Ctrl Pts',(-98.8983670336442,-98.3168709230166,
-269.000000462825));
#13236=CARTESIAN_POINT('Ctrl Pts',(-99.0054951122933,-98.52818427743,-269.000000112995));
#13237=CARTESIAN_POINT('Ctrl Pts',(-99.059095712659,-98.6338654741749,-268.999999935639));
#13238=CARTESIAN_POINT('Ctrl Pts',(-99.0853137174216,-98.6853391660264,
-269.));
#13239=CARTESIAN_POINT('Ctrl Pts',(-84.8252805144944,-61.1563791262971,
-268.085935003387));
#13240=CARTESIAN_POINT('Ctrl Pts',(-84.8404191094113,-61.1866591637482,
-268.086006455607));
#13241=CARTESIAN_POINT('Ctrl Pts',(-84.8675440779865,-61.2403672526027,
-268.086051045086));
#13242=CARTESIAN_POINT('Ctrl Pts',(-84.9219985705143,-61.3482764383868,
-268.086145071414));
#13243=CARTESIAN_POINT('Ctrl Pts',(-85.0160820359033,-61.5345355665752,
-268.08626998951));
#13244=CARTESIAN_POINT('Ctrl Pts',(-85.2040453435728,-61.9067202153572,
-268.086509577439));
#13245=CARTESIAN_POINT('Ctrl Pts',(-85.5791183261261,-62.6494059001403,
-268.086955776806));
#13246=CARTESIAN_POINT('Ctrl Pts',(-86.3290178232975,-64.1345110970644,
-268.08783095573));
#13247=CARTESIAN_POINT('Ctrl Pts',(-87.8282149955587,-67.1038251580243,
-268.089548276948));
#13248=CARTESIAN_POINT('Ctrl Pts',(-90.8263265037104,-73.0425044895392,
-268.092952365189));
#13249=CARTESIAN_POINT('Ctrl Pts',(-94.2524126960822,-79.8295072680604,
-268.096818343233));
#13250=CARTESIAN_POINT('Ctrl Pts',(-97.6783760035435,-86.6165549543379,
-268.100668929631));
#13251=CARTESIAN_POINT('Ctrl Pts',(-99.8196469538503,-90.8585628036436,
-268.103080590997));
#13252=CARTESIAN_POINT('Ctrl Pts',(-101.318424088121,-93.8275546337036,
-268.104772982576));
#13253=CARTESIAN_POINT('Ctrl Pts',(-102.067854955556,-95.3119778424653,
-268.105627097733));
#13254=CARTESIAN_POINT('Ctrl Pts',(-102.442267009436,-96.0533954365406,
-268.106051086608));
#13255=CARTESIAN_POINT('Ctrl Pts',(-102.629471813574,-96.424013994031,-268.106266844223));
#13256=CARTESIAN_POINT('Ctrl Pts',(-102.735775156321,-96.6342549375095,
-268.106374909966));
#13257=CARTESIAN_POINT('Ctrl Pts',(-102.788991162901,-96.7394718754122,
-268.106432894607));
#13258=CARTESIAN_POINT('Ctrl Pts',(-102.813771739074,-96.7880255484229,
-268.106414174541));
#13259=CARTESIAN_POINT('Ctrl Pts',(-90.2718689995519,-58.3838775222396,
-263.589312551353));
#13260=CARTESIAN_POINT('Ctrl Pts',(-90.2886980656745,-58.4177804016542,
-263.589715538038));
#13261=CARTESIAN_POINT('Ctrl Pts',(-90.3160827832191,-58.472190630578,-263.589966995088));
#13262=CARTESIAN_POINT('Ctrl Pts',(-90.3712824261392,-58.5819634299434,
-263.59049727495));
#13263=CARTESIAN_POINT('Ctrl Pts',(-90.4654944109904,-58.7690060786485,
-263.591201685449));
#13264=CARTESIAN_POINT('Ctrl Pts',(-90.6535636963952,-59.1424142294551,
-263.592552437931));
#13265=CARTESIAN_POINT('Ctrl Pts',(-91.0280820469854,-59.8859004616396,
-263.595067216801));
#13266=CARTESIAN_POINT('Ctrl Pts',(-91.7767491744935,-61.3722934416243,
-263.599995131989));
#13267=CARTESIAN_POINT('Ctrl Pts',(-93.2730655073798,-64.3432392779694,
-263.609657767378));
#13268=CARTESIAN_POINT('Ctrl Pts',(-96.2654092379955,-70.285094316054,-263.628804625856));
#13269=CARTESIAN_POINT('Ctrl Pts',(-99.6848064501,-77.0755578746996,-263.650521377398));
#13270=CARTESIAN_POINT('Ctrl Pts',(-103.104052762043,-83.8660600189335,
-263.67220773265));
#13271=CARTESIAN_POINT('Ctrl Pts',(-105.241144373279,-88.1103373674565,
-263.685783643147));
#13272=CARTESIAN_POINT('Ctrl Pts',(-106.736793750632,-91.0805644089243,
-263.695321360223));
#13273=CARTESIAN_POINT('Ctrl Pts',(-107.484624755692,-92.5655742139996,
-263.700139692161));
#13274=CARTESIAN_POINT('Ctrl Pts',(-107.857871638941,-93.3065547551763,
-263.702534193942));
#13275=CARTESIAN_POINT('Ctrl Pts',(-108.044452429706,-93.6768880254371,
-263.703753118149));
#13276=CARTESIAN_POINT('Ctrl Pts',(-108.149691179872,-93.8855075089364,
-263.704363829292));
#13277=CARTESIAN_POINT('Ctrl Pts',(-108.202419863427,-93.9900155646091,
-263.704691468219));
#13278=CARTESIAN_POINT('Ctrl Pts',(-108.225093580456,-94.0343470681331,
-263.704585655568));
#13279=CARTESIAN_POINT('Ctrl Pts',(-92.2350212017787,-57.3845652656565,
-258.482389756202));
#13280=CARTESIAN_POINT('Ctrl Pts',(-92.2526266106283,-57.419698248023,-258.483107718184));
#13281=CARTESIAN_POINT('Ctrl Pts',(-92.2802076390031,-57.4743112205878,
-258.483555723099));
#13282=CARTESIAN_POINT('Ctrl Pts',(-92.3358927189177,-57.5846502993523,
-258.484500493322));
#13283=CARTESIAN_POINT('Ctrl Pts',(-92.4304374633962,-57.7718317970405,
-258.485755523747));
#13284=CARTESIAN_POINT('Ctrl Pts',(-92.619094250158,-58.1454047695722,-258.488162168565));
#13285=CARTESIAN_POINT('Ctrl Pts',(-92.9944348226152,-58.8886616307801,
-258.492642966078));
#13286=CARTESIAN_POINT('Ctrl Pts',(-93.7446665795357,-60.3744993341886,
-258.501424039382));
#13287=CARTESIAN_POINT('Ctrl Pts',(-95.2438908546168,-63.3440274571675,
-258.518645057132));
#13288=CARTESIAN_POINT('Ctrl Pts',(-98.241977690293,-69.2830555823235,-258.552782979686));
#13289=CARTESIAN_POINT('Ctrl Pts',(-101.667859037099,-76.0702553268122,
-258.591533421892));
#13290=CARTESIAN_POINT('Ctrl Pts',(-105.093460727283,-82.8575566342719,
-258.630265771089));
#13291=CARTESIAN_POINT('Ctrl Pts',(-107.234542455637,-87.0998719488938,
-258.654525707655));
#13292=CARTESIAN_POINT('Ctrl Pts',(-108.732903643841,-90.0685996799523,
-258.671577230819));
#13293=CARTESIAN_POINT('Ctrl Pts',(-109.482088486366,-91.5528419694862,
-258.68019354363));
#13294=CARTESIAN_POINT('Ctrl Pts',(-109.855866343713,-92.2931725661952,
-258.684476085725));
#13295=CARTESIAN_POINT('Ctrl Pts',(-110.042705172512,-92.6631518759802,
-258.686656262581));
#13296=CARTESIAN_POINT('Ctrl Pts',(-110.147793837574,-92.8710454681993,
-258.687748622666));
#13297=CARTESIAN_POINT('Ctrl Pts',(-110.200473134157,-92.9752237295673,
-258.688334667495));
#13298=CARTESIAN_POINT('Ctrl Pts',(-110.222322662834,-93.0180100426222,
-258.688145399354));
#13299=CARTESIAN_POINT('Ctrl Pts',(-92.4836674729063,-57.2579957281496,
-255.317065095294));
#13300=CARTESIAN_POINT('Ctrl Pts',(-92.5015059850767,-57.2932059338965,
-255.317921433557));
#13301=CARTESIAN_POINT('Ctrl Pts',(-92.5291977694449,-57.3477992102832,
-255.318455795782));
#13302=CARTESIAN_POINT('Ctrl Pts',(-92.5851250109676,-57.4581133255462,
-255.31958268396));
#13303=CARTESIAN_POINT('Ctrl Pts',(-92.6799537089652,-57.6451879703169,
-255.321079668516));
#13304=CARTESIAN_POINT('Ctrl Pts',(-92.8691483725865,-58.018544150594,-255.323950346789));
#13305=CARTESIAN_POINT('Ctrl Pts',(-93.2454560958699,-58.7613339689572,
-255.329295372475));
#13306=CARTESIAN_POINT('Ctrl Pts',(-93.9975689249985,-60.2462489990376,
-255.33977095339));
#13307=CARTESIAN_POINT('Ctrl Pts',(-95.500446336428,-63.2139378752775,-255.360319145807));
#13308=CARTESIAN_POINT('Ctrl Pts',(-98.5057397680558,-69.1493298671321,
-255.401069300555));
#13309=CARTESIAN_POINT('Ctrl Pts',(-101.939704877161,-75.9324389919517,
-255.447361630696));
#13310=CARTESIAN_POINT('Ctrl Pts',(-105.37341807921,-82.7156276325976,-255.493673592114));
#13311=CARTESIAN_POINT('Ctrl Pts',(-107.519551806764,-86.9553857249512,
-255.522696335117));
#13312=CARTESIAN_POINT('Ctrl Pts',(-109.021458417518,-89.9222928918136,
-255.543104564051));
#13313=CARTESIAN_POINT('Ctrl Pts',(-109.772438332041,-91.4056114861121,
-255.553419568752));
#13314=CARTESIAN_POINT('Ctrl Pts',(-110.147092444068,-92.1454436940974,
-255.558547131255));
#13315=CARTESIAN_POINT('Ctrl Pts',(-110.334376194603,-92.5151658071724,
-255.561157667288));
#13316=CARTESIAN_POINT('Ctrl Pts',(-110.439648905966,-92.7228534907914,
-255.562465700493));
#13317=CARTESIAN_POINT('Ctrl Pts',(-110.49243115868,-92.8269295907753,-255.563167461184));
#13318=CARTESIAN_POINT('Ctrl Pts',(-110.514129532829,-92.8695172488355,
-255.562940819148));
#13319=CARTESIAN_POINT('',(-96.6786249481448,-98.5720700621368,-269.));
#13320=CARTESIAN_POINT('',(-110.514129532829,-92.8695172488355,-255.562940819148));
#13321=CARTESIAN_POINT('Ctrl Pts',(-96.6786249481448,-98.5720700621368,
-269.000000000002));
#13322=CARTESIAN_POINT('Ctrl Pts',(-98.0184014176996,-97.9813700876524,
-269.000000792761));
#13323=CARTESIAN_POINT('Ctrl Pts',(-99.3567081937846,-97.3913933873488,
-268.782365911474));
#13324=CARTESIAN_POINT('Ctrl Pts',(-100.640400289775,-96.8290704453023,
-268.361242082031));
#13325=CARTESIAN_POINT('Ctrl Pts',(-101.196557254932,-96.5854451851143,
-268.178791047496));
#13326=CARTESIAN_POINT('Ctrl Pts',(-101.742463463723,-96.3470105501573,
-267.958144182376));
#13327=CARTESIAN_POINT('Ctrl Pts',(-102.273799949421,-96.115956216396,-267.700451093593));
#13328=CARTESIAN_POINT('Ctrl Pts',(-102.99198625857,-95.8036493004522,-267.352137636286));
#13329=CARTESIAN_POINT('Ctrl Pts',(-103.683553770595,-95.5048260736055,
-266.936141579004));
#13330=CARTESIAN_POINT('Ctrl Pts',(-104.338965879052,-95.224323634285,-266.459703158249));
#13331=CARTESIAN_POINT('Ctrl Pts',(-105.073893619746,-94.9097901959661,
-265.925462475742));
#13332=CARTESIAN_POINT('Ctrl Pts',(-105.763363064717,-94.6182971910525,
-265.315224293987));
#13333=CARTESIAN_POINT('Ctrl Pts',(-106.393895806208,-94.3565786912868,
-264.639186942691));
#13334=CARTESIAN_POINT('Ctrl Pts',(-106.577295195803,-94.2804541541386,
-264.442551892022));
#13335=CARTESIAN_POINT('Ctrl Pts',(-106.755708308029,-94.2068482685636,
-264.240350030764));
#13336=CARTESIAN_POINT('Ctrl Pts',(-106.928803230184,-94.1359260459773,
-264.032832137558));
#13337=CARTESIAN_POINT('Ctrl Pts',(-107.518842835413,-93.8941689817271,
-263.325452774483));
#13338=CARTESIAN_POINT('Ctrl Pts',(-108.047087468729,-93.6835959761348,
-262.556303954442));
#13339=CARTESIAN_POINT('Ctrl Pts',(-108.506995732655,-93.5073754996302,
-261.740904266231));
#13340=CARTESIAN_POINT('Ctrl Pts',(-108.888944360701,-93.3610263806562,
-261.063724018234));
#13341=CARTESIAN_POINT('Ctrl Pts',(-109.223757823762,-93.2383658098422,
-260.354643068273));
#13342=CARTESIAN_POINT('Ctrl Pts',(-109.507782526114,-93.1414012319533,
-259.622555596766));
#13343=CARTESIAN_POINT('Ctrl Pts',(-109.617378021517,-93.103985891448,-259.340067881949));
#13344=CARTESIAN_POINT('Ctrl Pts',(-109.719411747041,-93.0703970336325,
-259.054154687509));
#13345=CARTESIAN_POINT('Ctrl Pts',(-109.813674786034,-93.0407516311624,
-258.765327083567));
#13346=CARTESIAN_POINT('Ctrl Pts',(-109.953229908391,-92.9968620238125,
-258.337721820269));
#13347=CARTESIAN_POINT('Ctrl Pts',(-110.075756171688,-92.9616201777953,
-257.903729777791));
#13348=CARTESIAN_POINT('Ctrl Pts',(-110.180235133227,-92.9347164408719,
-257.464967536128));
#13349=CARTESIAN_POINT('Ctrl Pts',(-110.300949404239,-92.9036320489294,
-256.958024670599));
#13350=CARTESIAN_POINT('Ctrl Pts',(-110.397569922345,-92.8836724195549,
-256.444714063372));
#13351=CARTESIAN_POINT('Ctrl Pts',(-110.468488025179,-92.8743376841437,
-255.927509016628));
#13352=CARTESIAN_POINT('Ctrl Pts',(-110.485123035452,-92.8721480680477,
-255.80619004556));
#13353=CARTESIAN_POINT('Ctrl Pts',(-110.500343801225,-92.8705432285611,
-255.684656717409));
#13354=CARTESIAN_POINT('Ctrl Pts',(-110.514129532829,-92.8695172488355,
-255.562940819148));
#13355=CARTESIAN_POINT('Ctrl Pts',(-110.514129532829,-92.8695172488355,
-255.562940819148));
#13356=CARTESIAN_POINT('Ctrl Pts',(-110.49243115868,-92.8269295907753,-255.563167461184));
#13357=CARTESIAN_POINT('Ctrl Pts',(-110.439648905966,-92.7228534907914,
-255.562465700493));
#13358=CARTESIAN_POINT('Ctrl Pts',(-110.334376194603,-92.5151658071724,
-255.561157667288));
#13359=CARTESIAN_POINT('Ctrl Pts',(-110.147092444068,-92.1454436940974,
-255.558547131255));
#13360=CARTESIAN_POINT('Ctrl Pts',(-109.772438332041,-91.4056114861121,
-255.553419568752));
#13361=CARTESIAN_POINT('Ctrl Pts',(-109.021458417518,-89.9222928918136,
-255.543104564051));
#13362=CARTESIAN_POINT('Ctrl Pts',(-107.519551806764,-86.9553857249512,
-255.522696335117));
#13363=CARTESIAN_POINT('Ctrl Pts',(-105.37341807921,-82.7156276325976,-255.493673592114));
#13364=CARTESIAN_POINT('Ctrl Pts',(-101.939704877161,-75.9324389919517,
-255.447361630696));
#13365=CARTESIAN_POINT('Ctrl Pts',(-98.5057397680558,-69.1493298671321,
-255.401069300555));
#13366=CARTESIAN_POINT('Ctrl Pts',(-95.500446336428,-63.2139378752775,-255.360319145807));
#13367=CARTESIAN_POINT('Ctrl Pts',(-93.9975689249985,-60.2462489990376,
-255.33977095339));
#13368=CARTESIAN_POINT('Ctrl Pts',(-93.2454560958699,-58.7613339689572,
-255.329295372475));
#13369=CARTESIAN_POINT('Ctrl Pts',(-92.8691483725865,-58.018544150594,-255.323950346789));
#13370=CARTESIAN_POINT('Ctrl Pts',(-92.6799537089652,-57.6451879703169,
-255.321079668516));
#13371=CARTESIAN_POINT('Ctrl Pts',(-92.5851250109676,-57.4581133255462,
-255.31958268396));
#13372=CARTESIAN_POINT('Ctrl Pts',(-92.5291977694449,-57.3477992102832,
-255.318455795782));
#13373=CARTESIAN_POINT('Ctrl Pts',(-92.5015059850767,-57.2932059338965,
-255.317921433557));
#13374=CARTESIAN_POINT('Ctrl Pts',(-92.4836674729063,-57.2579957281496,
-255.317065095294));
#13375=CARTESIAN_POINT('Ctrl Pts',(-79.1675457629166,-64.0363614706794,
-269.));
#13376=CARTESIAN_POINT('Ctrl Pts',(-79.1810179971701,-64.0628277190111,
-269.));
#13377=CARTESIAN_POINT('Ctrl Pts',(-79.2079299679098,-64.1157767492051,
-269.));
#13378=CARTESIAN_POINT('Ctrl Pts',(-79.2617300173068,-64.2216869394772,
-269.));
#13379=CARTESIAN_POINT('Ctrl Pts',(-79.3558397191995,-64.4070502806844,
-269.));
#13380=CARTESIAN_POINT('Ctrl Pts',(-79.5439991050196,-64.7778074415048,
-269.));
#13381=CARTESIAN_POINT('Ctrl Pts',(-79.9202181677203,-65.519372354807,-269.));
#13382=CARTESIAN_POINT('Ctrl Pts',(-80.6725101037306,-67.0025763343395,
-269.));
#13383=CARTESIAN_POINT('Ctrl Pts',(-82.1768716608938,-69.9690970415185,
-269.));
#13384=CARTESIAN_POINT('Ctrl Pts',(-85.1852572153986,-75.9023096443915,
-269.));
#13385=CARTESIAN_POINT('Ctrl Pts',(-88.6230923811097,-82.683286157145,-269.));
#13386=CARTESIAN_POINT('Ctrl Pts',(-92.0608412734234,-89.464306417003,-269.));
#13387=CARTESIAN_POINT('Ctrl Pts',(-94.2094443620489,-93.7024389833758,
-269.));
#13388=CARTESIAN_POINT('Ctrl Pts',(-95.713572484024,-96.6690780756164,-269.));
#13389=CARTESIAN_POINT('Ctrl Pts',(-96.3934110094963,-98.0097368626227,
-269.));
#13390=CARTESIAN_POINT('Ctrl Pts',(-96.6434833629586,-98.502792228479,-269.));
#13391=CARTESIAN_POINT('Ctrl Pts',(-96.6786224013187,-98.5720713565387,
-269.));
#13392=CARTESIAN_POINT('Origin',(96.6786249481448,48.9885658793572,-254.));
#13393=CARTESIAN_POINT('',(111.573603760263,97.3909938737354,-255.771893390289));
#13394=CARTESIAN_POINT('',(96.6786249481448,98.5720700621367,-269.));
#13395=CARTESIAN_POINT('Ctrl Pts',(111.573603760263,97.3909938737354,-255.771893390289));
#13396=CARTESIAN_POINT('Ctrl Pts',(111.533690031943,97.4093118833768,-256.107418168976));
#13397=CARTESIAN_POINT('Ctrl Pts',(111.482434941789,97.4276298930182,-256.441593671127));
#13398=CARTESIAN_POINT('Ctrl Pts',(111.41995544554,97.4459479026597,-256.773657362864));
#13399=CARTESIAN_POINT('Ctrl Pts',(111.357476241772,97.4642658265502,-257.105719500132));
#13400=CARTESIAN_POINT('Ctrl Pts',(111.283772780461,97.4825837504407,-257.435669615971));
#13401=CARTESIAN_POINT('Ctrl Pts',(111.199013239286,97.5009016743311,-257.762754825191));
#13402=CARTESIAN_POINT('Ctrl Pts',(111.114254075986,97.5192195165567,-258.0898385762));
#13403=CARTESIAN_POINT('Ctrl Pts',(111.018438990348,97.5375373587823,-258.414057218814));
#13404=CARTESIAN_POINT('Ctrl Pts',(110.911786612745,97.5558552010079,-258.734670952596));
#13405=CARTESIAN_POINT('Ctrl Pts',(110.805134686832,97.5741729656545,-259.055283328527));
#13406=CARTESIAN_POINT('Ctrl Pts',(110.687645634906,97.5924907303011,-259.372290603345));
#13407=CARTESIAN_POINT('Ctrl Pts',(110.559587540617,97.6108084949477,-259.684969437595));
#13408=CARTESIAN_POINT('Ctrl Pts',(110.431529960113,97.6291261861011,-259.997647017338));
#13409=CARTESIAN_POINT('Ctrl Pts',(110.292903511085,97.6474438772544,-260.30599597395));
#13410=CARTESIAN_POINT('Ctrl Pts',(110.14402450544,97.6657615684078,-260.60931272996));
#13411=CARTESIAN_POINT('Ctrl Pts',(109.990563676433,97.6846429953605,-260.921964205747));
#13412=CARTESIAN_POINT('Ctrl Pts',(109.826209381957,97.7035244223132,-261.229268616335));
#13413=CARTESIAN_POINT('Ctrl Pts',(109.651360059396,97.7224058492658,-261.530480976226));
#13414=CARTESIAN_POINT('Ctrl Pts',(109.481718849351,97.7407248685718,-261.822721337607));
#13415=CARTESIAN_POINT('Ctrl Pts',(109.30219887331,97.7590438878777,-262.109227085539));
#13416=CARTESIAN_POINT('Ctrl Pts',(109.113209811645,97.7773629071836,-262.389344388711));
#13417=CARTESIAN_POINT('Ctrl Pts',(108.924223272413,97.795681681986,-262.669457953164));
#13418=CARTESIAN_POINT('Ctrl Pts',(108.725768031796,97.8140004567883,-262.943183048727));
#13419=CARTESIAN_POINT('Ctrl Pts',(108.518296970023,97.8323192315907,-263.209895027325));
#13420=CARTESIAN_POINT('Ctrl Pts',(108.310828492198,97.850637778242,-263.476603684161));
#13421=CARTESIAN_POINT('Ctrl Pts',(108.094344562093,97.8689563248933,-263.736299213389));
#13422=CARTESIAN_POINT('Ctrl Pts',(107.869339189599,97.8872748715446,-263.988388997537));
#13423=CARTESIAN_POINT('Ctrl Pts',(107.644336418638,97.9055932063952,-264.240475866999));
#13424=CARTESIAN_POINT('Ctrl Pts',(107.410812558812,97.9239115412458,-264.484956992098));
#13425=CARTESIAN_POINT('Ctrl Pts',(107.169300492309,97.9422298760963,-264.721274487069));
#13426=CARTESIAN_POINT('Ctrl Pts',(106.927791002684,97.9605480154946,-264.957589460587));
#13427=CARTESIAN_POINT('Ctrl Pts',(106.678293644776,97.9788661548929,-265.185740813996));
#13428=CARTESIAN_POINT('Ctrl Pts',(106.421377738839,97.9971842942911,-265.405207935826));
#13429=CARTESIAN_POINT('Ctrl Pts',(106.164464344899,98.0155022545836,-265.624672911814));
#13430=CARTESIAN_POINT('Ctrl Pts',(105.900132726619,98.033820214876,-265.83545367357));
#13431=CARTESIAN_POINT('Ctrl Pts',(105.628986042301,98.0521381751685,-266.037069256435));
#13432=CARTESIAN_POINT('Ctrl Pts',(105.357841767208,98.0704559726999,-266.238683047882));
#13433=CARTESIAN_POINT('Ctrl Pts',(105.07988273568,98.0887737702314,-266.431131683246));
#13434=CARTESIAN_POINT('Ctrl Pts',(104.795743190118,98.1070915677629,-266.613976036358));
#13435=CARTESIAN_POINT('Ctrl Pts',(104.511605915738,98.1254092188768,-266.796818927961));
#13436=CARTESIAN_POINT('Ctrl Pts',(104.221288423639,98.1437268699906,-266.970057563833));
#13437=CARTESIAN_POINT('Ctrl Pts',(103.925453144974,98.1620445211045,-267.133296657186));
#13438=CARTESIAN_POINT('Ctrl Pts',(103.629597930203,98.1803634066303,-267.296546751092));
#13439=CARTESIAN_POINT('Ctrl Pts',(103.328224390528,98.1986822921562,-267.449795840723));
#13440=CARTESIAN_POINT('Ctrl Pts',(103.022020276831,98.2170011776821,-267.592694203284));
#13441=CARTESIAN_POINT('Ctrl Pts',(102.715823769146,98.2353196081727,-267.735589016296));
#13442=CARTESIAN_POINT('Ctrl Pts',(102.404797140352,98.2536380386634,-267.868133517316));
#13443=CARTESIAN_POINT('Ctrl Pts',(102.089650134971,98.271956469154,-267.990025247566));
#13444=CARTESIAN_POINT('Ctrl Pts',(101.774509832832,98.2902745100078,-268.111914385154));
#13445=CARTESIAN_POINT('Ctrl Pts',(101.455249548495,98.3085925508616,-268.223151120593));
#13446=CARTESIAN_POINT('Ctrl Pts',(101.132597784231,98.3269105917155,-268.323481628969));
#13447=CARTESIAN_POINT('Ctrl Pts',(100.809951731324,98.345228308316,-268.423810361364));
#13448=CARTESIAN_POINT('Ctrl Pts',(100.483914542844,98.3635460249165,-268.513233183218));
#13449=CARTESIAN_POINT('Ctrl Pts',(100.15523015858,98.381863741517,-268.591546052793));
#13450=CARTESIAN_POINT('Ctrl Pts',(99.8265293450687,98.4001823737263,-268.669862836826));
#13451=CARTESIAN_POINT('Ctrl Pts',(99.4951812994999,98.4185010059356,-268.737068503034));
#13452=CARTESIAN_POINT('Ctrl Pts',(99.1619421553167,98.4368196381448,-268.793009688652));
#13453=CARTESIAN_POINT('Ctrl Pts',(98.8287170949133,98.4551374961486,-268.848948510013));
#13454=CARTESIAN_POINT('Ctrl Pts',(98.4936013274119,98.4734553541523,-268.893623764394));
#13455=CARTESIAN_POINT('Ctrl Pts',(98.1573595195707,98.4917732121561,-268.926933511853));
#13456=CARTESIAN_POINT('Ctrl Pts',(97.8211117545596,98.5100913946959,-268.960243849458));
#13457=CARTESIAN_POINT('Ctrl Pts',(97.4837381430006,98.5284095772358,-268.982188254108));
#13458=CARTESIAN_POINT('Ctrl Pts',(97.1460085308571,98.5467277597756,-268.992716651315));
#13459=CARTESIAN_POINT('Ctrl Pts',(96.9902644420058,98.5551751938959,-268.997571824125));
#13460=CARTESIAN_POINT('Ctrl Pts',(96.8344446963,98.5636226280163,-269.));
#13461=CARTESIAN_POINT('Ctrl Pts',(96.6786249481448,98.5720700621367,-269.));
#13462=CARTESIAN_POINT('',(96.6786249481448,123.95891479141,-269.));
#13463=CARTESIAN_POINT('',(96.6786249481448,48.9885658793572,-269.));
#13464=CARTESIAN_POINT('',(111.573603760263,123.95891479141,-255.771893390289));
#13465=CARTESIAN_POINT('Origin',(96.6786249481448,123.95891479141,-254.));
#13466=CARTESIAN_POINT('',(111.573603760263,48.9885658793572,-255.771893390289));
#13467=CARTESIAN_POINT('Ctrl Pts',(96.6786249481448,123.95891479141,-269.));
#13468=CARTESIAN_POINT('Ctrl Pts',(96.6786249481448,124.046720400881,-269.));
#13469=CARTESIAN_POINT('Ctrl Pts',(96.6342576631011,124.221183164874,-269.));
#13470=CARTESIAN_POINT('Ctrl Pts',(96.4810885093006,124.414425308382,-269.));
#13471=CARTESIAN_POINT('Ctrl Pts',(96.3282672183765,124.505600938417,-269.));
#13472=CARTESIAN_POINT('Ctrl Pts',(96.2026908369242,124.546145936183,-269.));
#13473=CARTESIAN_POINT('Ctrl Pts',(96.136936569329,124.555052193192,-269.));
#13474=CARTESIAN_POINT('Ctrl Pts',(96.0930337645934,124.555052193192,-269.));
#13475=CARTESIAN_POINT('Ctrl Pts',(98.7534730094344,123.95891479141,-269.));
#13476=CARTESIAN_POINT('Ctrl Pts',(98.7361773831745,124.397540275228,-268.999956535822));
#13477=CARTESIAN_POINT('Ctrl Pts',(98.5068615627146,125.164786727276,-268.999894411578));
#13478=CARTESIAN_POINT('Ctrl Pts',(97.8695308552448,125.961524199936,-268.999880677862));
#13479=CARTESIAN_POINT('Ctrl Pts',(97.2219398685002,126.368867488225,-268.999903853343));
#13480=CARTESIAN_POINT('Ctrl Pts',(96.6476695143623,126.574259477637,-268.999948100278));
#13481=CARTESIAN_POINT('Ctrl Pts',(96.3250076811942,126.632588409013,-268.999973625476));
#13482=CARTESIAN_POINT('Ctrl Pts',(96.0930337645934,126.643005599753,-269.));
#13483=CARTESIAN_POINT('Ctrl Pts',(102.896433070675,123.95891479141,-268.123564733296));
#13484=CARTESIAN_POINT('Ctrl Pts',(102.844773975533,125.098117286668,-268.138297556495));
#13485=CARTESIAN_POINT('Ctrl Pts',(102.246468504279,127.04910992797,-268.155558884264));
#13486=CARTESIAN_POINT('Ctrl Pts',(100.642276851885,129.051081098941,-268.158137237694));
#13487=CARTESIAN_POINT('Ctrl Pts',(99.0066039602018,130.089626047672,-268.147226230216));
#13488=CARTESIAN_POINT('Ctrl Pts',(97.5362174178801,130.624047772704,-268.131950678393));
#13489=CARTESIAN_POINT('Ctrl Pts',(96.7005680420841,130.780868801177,-268.121235184124));
#13490=CARTESIAN_POINT('Ctrl Pts',(96.0930337645934,130.811980566122,-268.112303128086));
#13491=CARTESIAN_POINT('Ctrl Pts',(108.933901166393,123.95891479141,-263.801787809635));
#13492=CARTESIAN_POINT('Ctrl Pts',(108.852126553758,126.117838171349,-263.885231150593));
#13493=CARTESIAN_POINT('Ctrl Pts',(107.734554932196,129.812140886233,-263.983359153976));
#13494=CARTESIAN_POINT('Ctrl Pts',(104.711749134776,133.587890127965,-263.998059380202));
#13495=CARTESIAN_POINT('Ctrl Pts',(101.617908578407,135.540722144225,-263.936098691088));
#13496=CARTESIAN_POINT('Ctrl Pts',(98.832130070812,136.53627437471,-263.849440419008));
#13497=CARTESIAN_POINT('Ctrl Pts',(97.2458394947075,136.823248772091,-263.788759471691));
#13498=CARTESIAN_POINT('Ctrl Pts',(96.0930337645934,136.872273762845,-263.738231447753));
#13499=CARTESIAN_POINT('Ctrl Pts',(111.205962803698,123.95891479141,-258.862375181416));
#13500=CARTESIAN_POINT('Ctrl Pts',(111.14987618495,126.503549199588,-259.012127405793));
#13501=CARTESIAN_POINT('Ctrl Pts',(109.87869911504,130.885417490278,-259.18920535368));
#13502=CARTESIAN_POINT('Ctrl Pts',(106.302786575038,135.363851749009,-259.215789268299));
#13503=CARTESIAN_POINT('Ctrl Pts',(102.626531148422,137.647469581699,-259.103900707742));
#13504=CARTESIAN_POINT('Ctrl Pts',(99.3230227280298,138.783754421653,-258.947908683329));
#13505=CARTESIAN_POINT('Ctrl Pts',(97.4495331423968,139.091143310178,-258.838926146815));
#13506=CARTESIAN_POINT('Ctrl Pts',(96.0930337645934,139.124241351501,-258.748443269361));
#13507=CARTESIAN_POINT('Ctrl Pts',(111.573603760263,123.95891479141,-255.771893390289));
#13508=CARTESIAN_POINT('Ctrl Pts',(111.552200681791,126.56381160868,-255.951813018694));
#13509=CARTESIAN_POINT('Ctrl Pts',(110.284374766207,131.085179337544,-256.165728995455));
#13510=CARTESIAN_POINT('Ctrl Pts',(106.60422459178,135.704069333351,-256.197913182377));
#13511=CARTESIAN_POINT('Ctrl Pts',(102.805512959973,138.032656122917,-256.062661644879));
#13512=CARTESIAN_POINT('Ctrl Pts',(99.4039582752005,139.163328289376,-255.874684094573));
#13513=CARTESIAN_POINT('Ctrl Pts',(97.4792470175202,139.453762904365,-255.743653516133));
#13514=CARTESIAN_POINT('Ctrl Pts',(96.0930337645934,139.465658911614,-255.635178060199));
#13515=CARTESIAN_POINT('',(96.0930337645934,124.555052193192,-269.));
#13516=CARTESIAN_POINT('',(96.0930337645934,139.465658911614,-255.635178060199));
#13517=CARTESIAN_POINT('Origin',(96.0930337645934,124.555052193192,-254.));
#13518=CARTESIAN_POINT('Ctrl Pts',(96.0930337645934,139.465658911614,-255.635178060199));
#13519=CARTESIAN_POINT('Ctrl Pts',(97.4792470175202,139.453762904365,-255.743653516133));
#13520=CARTESIAN_POINT('Ctrl Pts',(99.4039582752005,139.163328289376,-255.874684094573));
#13521=CARTESIAN_POINT('Ctrl Pts',(102.805512959973,138.032656122917,-256.062661644879));
#13522=CARTESIAN_POINT('Ctrl Pts',(106.60422459178,135.704069333351,-256.197913182377));
#13523=CARTESIAN_POINT('Ctrl Pts',(110.284374766207,131.085179337544,-256.165728995455));
#13524=CARTESIAN_POINT('Ctrl Pts',(111.552200681791,126.56381160868,-255.951813018694));
#13525=CARTESIAN_POINT('Ctrl Pts',(111.573603760263,123.95891479141,-255.771893390289));
#13526=CARTESIAN_POINT('Ctrl Pts',(96.6786249481448,123.95891479141,-269.));
#13527=CARTESIAN_POINT('Ctrl Pts',(96.6786249481448,124.046720400881,-269.));
#13528=CARTESIAN_POINT('Ctrl Pts',(96.6342576631011,124.221183164874,-269.));
#13529=CARTESIAN_POINT('Ctrl Pts',(96.4810885093006,124.414425308382,-269.));
#13530=CARTESIAN_POINT('Ctrl Pts',(96.3282672183765,124.505600938417,-269.));
#13531=CARTESIAN_POINT('Ctrl Pts',(96.2026908369242,124.546145936183,-269.));
#13532=CARTESIAN_POINT('Ctrl Pts',(96.136936569329,124.555052193192,-269.));
#13533=CARTESIAN_POINT('Ctrl Pts',(96.0930337645934,124.555052193192,-269.));
#13534=CARTESIAN_POINT('Origin',(58.5,124.555052193192,-254.));
#13535=CARTESIAN_POINT('',(-96.0930337645934,124.555052193192,-269.));
#13536=CARTESIAN_POINT('',(-96.0930337645934,139.465658911614,-255.635178060199));
#13537=CARTESIAN_POINT('Origin',(-96.0930337645934,124.555052193192,-254.));
#13538=CARTESIAN_POINT('',(58.5,139.465658911614,-255.635178060199));
#13539=CARTESIAN_POINT('',(58.5,124.555052193192,-269.));
#13540=CARTESIAN_POINT('Ctrl Pts',(-96.0930337645934,124.555052193192,-269.));
#13541=CARTESIAN_POINT('Ctrl Pts',(-96.1369365865002,124.555052193192,-269.));
#13542=CARTESIAN_POINT('Ctrl Pts',(-96.2246208513153,124.543209649981,-269.));
#13543=CARTESIAN_POINT('Ctrl Pts',(-96.3893543041863,124.479032151193,-269.));
#13544=CARTESIAN_POINT('Ctrl Pts',(-96.5614529872009,124.335232598841,-269.));
#13545=CARTESIAN_POINT('Ctrl Pts',(-96.6618743607023,124.134518280411,-269.));
#13546=CARTESIAN_POINT('Ctrl Pts',(-96.6786249481448,124.002817613317,-269.));
#13547=CARTESIAN_POINT('Ctrl Pts',(-96.6786249481448,123.95891479141,-269.));
#13548=CARTESIAN_POINT('Ctrl Pts',(-96.0930337645934,126.643005599753,-269.));
#13549=CARTESIAN_POINT('Ctrl Pts',(-96.3250077719235,126.632588404939,-268.999973625465));
#13550=CARTESIAN_POINT('Ctrl Pts',(-96.7550711181175,126.55478967423,-268.999937073855));
#13551=CARTESIAN_POINT('Ctrl Pts',(-97.4890095292064,126.241934395445,-268.999888393178));
#13552=CARTESIAN_POINT('Ctrl Pts',(-98.1969513235171,125.633103766464,-268.99988170679));
#13553=CARTESIAN_POINT('Ctrl Pts',(-98.6412684987929,124.794949714034,-268.999920671426));
#13554=CARTESIAN_POINT('Ctrl Pts',(-98.7448251929222,124.178227619097,-268.999978267903));
#13555=CARTESIAN_POINT('Ctrl Pts',(-98.7534730094345,123.95891479141,-269.));
#13556=CARTESIAN_POINT('Ctrl Pts',(-96.0930337645934,130.811980566098,-268.11230312807));
#13557=CARTESIAN_POINT('Ctrl Pts',(-96.7005682797022,130.780868788985,-268.121235187601));
#13558=CARTESIAN_POINT('Ctrl Pts',(-97.8143182264652,130.57159742659,-268.135510588417));
#13559=CARTESIAN_POINT('Ctrl Pts',(-99.6850474296192,129.762348001541,-268.153161849135));
#13560=CARTESIAN_POINT('Ctrl Pts',(-101.463067974804,128.224983778547,-268.15948555503));
#13561=CARTESIAN_POINT('Ctrl Pts',(-102.593995432077,126.11377469251,-268.148230044261));
#13562=CARTESIAN_POINT('Ctrl Pts',(-102.870603512979,124.528516261821,-268.130931147761));
#13563=CARTESIAN_POINT('Ctrl Pts',(-102.896433070652,123.95891479141,-268.12356473328));
#13564=CARTESIAN_POINT('Ctrl Pts',(-96.0930337645934,136.872273762812,-263.738231447736));
#13565=CARTESIAN_POINT('Ctrl Pts',(-97.2458399455915,136.823248752884,-263.788759491437));
#13566=CARTESIAN_POINT('Ctrl Pts',(-99.359562843554,136.440811407634,-263.86961742741));
#13567=CARTESIAN_POINT('Ctrl Pts',(-102.902402871938,134.92730809746,-263.969801584188));
#13568=CARTESIAN_POINT('Ctrl Pts',(-106.260251990448,132.030982654366,-264.005714728108));
#13569=CARTESIAN_POINT('Ctrl Pts',(-108.385791974938,128.042533155262,-263.941667931843));
#13570=CARTESIAN_POINT('Ctrl Pts',(-108.893013844052,125.038376903577,-263.843509496415));
#13571=CARTESIAN_POINT('Ctrl Pts',(-108.933901166361,123.95891479141,-263.801787809618));
#13572=CARTESIAN_POINT('Ctrl Pts',(-96.0930337645934,139.124241351501,-258.748443269361));
#13573=CARTESIAN_POINT('Ctrl Pts',(-97.4495336729491,139.091143297232,-258.838926182205));
#13574=CARTESIAN_POINT('Ctrl Pts',(-99.94674228002,138.680967978041,-258.984156747909));
#13575=CARTESIAN_POINT('Ctrl Pts',(-104.152355351554,136.937633832486,-259.164697069544));
#13576=CARTESIAN_POINT('Ctrl Pts',(-108.140773487019,133.522339757331,-259.229679401103));
#13577=CARTESIAN_POINT('Ctrl Pts',(-110.628654954797,128.783489249043,-259.113879135048));
#13578=CARTESIAN_POINT('Ctrl Pts',(-111.177919483356,125.231232493126,-258.93725132289));
#13579=CARTESIAN_POINT('Ctrl Pts',(-111.205962803698,123.95891479141,-258.862375181416));
#13580=CARTESIAN_POINT('Ctrl Pts',(-96.0930337645934,139.465658911614,-255.635178060199));
#13581=CARTESIAN_POINT('Ctrl Pts',(-97.4792475596942,139.453762899712,-255.74365355856));
#13582=CARTESIAN_POINT('Ctrl Pts',(-100.044040866809,139.067124921365,-255.918278642905));
#13583=CARTESIAN_POINT('Ctrl Pts',(-104.380437532836,137.316235342121,-256.13607672926));
#13584=CARTESIAN_POINT('Ctrl Pts',(-108.502623154843,133.807884162606,-256.214780602951));
#13585=CARTESIAN_POINT('Ctrl Pts',(-111.039755743957,128.91371983735,-256.074622207382));
#13586=CARTESIAN_POINT('Ctrl Pts',(-111.562902216841,125.261363709457,-255.861853239677));
#13587=CARTESIAN_POINT('Ctrl Pts',(-111.573603760263,123.95891479141,-255.771893390289));
#13588=CARTESIAN_POINT('',(-96.6786249481448,123.95891479141,-269.));
#13589=CARTESIAN_POINT('',(-111.573603760263,123.95891479141,-255.771893390289));
#13590=CARTESIAN_POINT('Origin',(-96.6786249481448,123.95891479141,-254.));
#13591=CARTESIAN_POINT('Ctrl Pts',(-111.573603760263,123.95891479141,-255.771893390289));
#13592=CARTESIAN_POINT('Ctrl Pts',(-111.562902216841,125.261363709457,-255.861853239677));
#13593=CARTESIAN_POINT('Ctrl Pts',(-111.039755743957,128.91371983735,-256.074622207382));
#13594=CARTESIAN_POINT('Ctrl Pts',(-108.502623154843,133.807884162606,-256.214780602951));
#13595=CARTESIAN_POINT('Ctrl Pts',(-104.380437532836,137.316235342121,-256.13607672926));
#13596=CARTESIAN_POINT('Ctrl Pts',(-100.044040866809,139.067124921365,-255.918278642905));
#13597=CARTESIAN_POINT('Ctrl Pts',(-97.4792475596942,139.453762899712,-255.74365355856));
#13598=CARTESIAN_POINT('Ctrl Pts',(-96.0930337645934,139.465658911614,-255.635178060199));
#13599=CARTESIAN_POINT('Ctrl Pts',(-96.0930337645934,124.555052193192,-269.));
#13600=CARTESIAN_POINT('Ctrl Pts',(-96.1369365865002,124.555052193192,-269.));
#13601=CARTESIAN_POINT('Ctrl Pts',(-96.2246208513153,124.543209649981,-269.));
#13602=CARTESIAN_POINT('Ctrl Pts',(-96.3893543041863,124.479032151193,-269.));
#13603=CARTESIAN_POINT('Ctrl Pts',(-96.5614529872009,124.335232598841,-269.));
#13604=CARTESIAN_POINT('Ctrl Pts',(-96.6618743607023,124.134518280411,-269.));
#13605=CARTESIAN_POINT('Ctrl Pts',(-96.6786249481448,124.002817613317,-269.));
#13606=CARTESIAN_POINT('Ctrl Pts',(-96.6786249481448,123.95891479141,-269.));
#13607=CARTESIAN_POINT('Origin',(-96.6786249481448,71.25,-254.));
#13608=CARTESIAN_POINT('',(-111.573603760263,97.3909938737353,-255.771893390289));
#13609=CARTESIAN_POINT('Ctrl Pts',(-96.6786249481448,98.5720700621367,-269.));
#13610=CARTESIAN_POINT('Ctrl Pts',(-97.0165154375365,98.5537520524952,-269.));
#13611=CARTESIAN_POINT('Ctrl Pts',(-97.354405809505,98.5354340428538,-268.988578658774));
#13612=CARTESIAN_POINT('Ctrl Pts',(-97.6915250534466,98.5171160332124,-268.965762037955));
#13613=CARTESIAN_POINT('Ctrl Pts',(-98.0286427192528,98.4987981093219,-268.942945523946));
#13614=CARTESIAN_POINT('Ctrl Pts',(-98.364989029948,98.4804801854314,-268.90873385293));
#13615=CARTESIAN_POINT('Ctrl Pts',(-98.6997965054046,98.462162261541,-268.863205089621));
#13616=CARTESIAN_POINT('Ctrl Pts',(-99.0346024882244,98.4438444193153,-268.817676529287));
#13617=CARTESIAN_POINT('Ctrl Pts',(-99.367869416836,98.4255265770897,-268.760831009247));
#13618=CARTESIAN_POINT('Ctrl Pts',(-99.6988368444686,98.4072087348641,-268.692798239318));
#13619=CARTESIAN_POINT('Ctrl Pts',(-100.029802870401,98.3888909702175,-268.624765757518));
#13620=CARTESIAN_POINT('Ctrl Pts',(-100.358469184817,98.3705732055709,-268.545546167908));
#13621=CARTESIAN_POINT('Ctrl Pts',(-100.684085844951,98.3522554409242,-268.455320231809));
#13622=CARTESIAN_POINT('Ctrl Pts',(-101.009701198669,98.3339377497708,-268.365094657709));
#13623=CARTESIAN_POINT('Ctrl Pts',(-101.332266696285,98.3156200586175,-268.263862888179));
#13624=CARTESIAN_POINT('Ctrl Pts',(-101.65104632163,98.2973023674641,-268.151855909544));
#13625=CARTESIAN_POINT('Ctrl Pts',(-101.979636544032,98.2784209405114,-268.036401862002));
#13626=CARTESIAN_POINT('Ctrl Pts',(-102.304203942206,98.2595395135587,-267.909498990004));
#13627=CARTESIAN_POINT('Ctrl Pts',(-102.623961680705,98.240658086606,-267.771454938984));
#13628=CARTESIAN_POINT('Ctrl Pts',(-102.934195022679,98.2223390673001,-267.637522708013));
#13629=CARTESIAN_POINT('Ctrl Pts',(-103.239900842943,98.2040200479942,-267.493103468117));
#13630=CARTESIAN_POINT('Ctrl Pts',(-103.540381493934,98.1857010286883,-267.338526796702));
#13631=CARTESIAN_POINT('Ctrl Pts',(-103.840858134415,98.1673822538859,-267.183952188418));
#13632=CARTESIAN_POINT('Ctrl Pts',(-104.136109536273,98.1490634790836,-267.019220527314));
#13633=CARTESIAN_POINT('Ctrl Pts',(-104.425461927819,98.1307447042812,-266.844707735498));
#13634=CARTESIAN_POINT('Ctrl Pts',(-104.714810715628,98.1124261576299,-266.67019711715));
#13635=CARTESIAN_POINT('Ctrl Pts',(-104.998260438982,98.0941076109786,-266.485905733127));
#13636=CARTESIAN_POINT('Ctrl Pts',(-105.275164274044,98.0757890643273,-266.292254130886));
#13637=CARTESIAN_POINT('Ctrl Pts',(-105.552064907518,98.0574707294767,-266.098604767662));
#13638=CARTESIAN_POINT('Ctrl Pts',(-105.822419611652,98.0391523946261,-265.895595537354));
#13639=CARTESIAN_POINT('Ctrl Pts',(-106.085611459308,98.0208340597756,-265.683689690282));
#13640=CARTESIAN_POINT('Ctrl Pts',(-106.348800498768,98.0025159203773,-265.471786104196));
#13641=CARTESIAN_POINT('Ctrl Pts',(-106.604826651724,97.9841977809791,-265.250986238555));
#13642=CARTESIAN_POINT('Ctrl Pts',(-106.853105700071,97.9658796415808,-265.021793929696));
#13643=CARTESIAN_POINT('Ctrl Pts',(-107.101382320867,97.9475616812884,-264.792603861767));
#13644=CARTESIAN_POINT('Ctrl Pts',(-107.341911816043,97.9292437209959,-264.555021674094));
#13645=CARTESIAN_POINT('Ctrl Pts',(-107.574145339558,97.9109257607034,-264.309589487478));
#13646=CARTESIAN_POINT('Ctrl Pts',(-107.806376799603,97.892607963172,-264.064159481606));
#13647=CARTESIAN_POINT('Ctrl Pts',(-108.030312274063,97.8742901656405,-263.810879786921));
#13648=CARTESIAN_POINT('Ctrl Pts',(-108.245440790611,97.855972368109,-263.550328332915));
#13649=CARTESIAN_POINT('Ctrl Pts',(-108.460567587596,97.8376547169952,-263.289778961546));
#13650=CARTESIAN_POINT('Ctrl Pts',(-108.666887418002,97.8193370658813,-263.021958128229));
#13651=CARTESIAN_POINT('Ctrl Pts',(-108.863929512113,97.8010194147675,-262.747476932426));
#13652=CARTESIAN_POINT('Ctrl Pts',(-109.060984884736,97.7827005292417,-262.472977239552));
#13653=CARTESIAN_POINT('Ctrl Pts',(-109.248761133135,97.7643816437158,-262.191816476952));
#13654=CARTESIAN_POINT('Ctrl Pts',(-109.426829741654,97.7460627581899,-261.904636268846));
#13655=CARTESIAN_POINT('Ctrl Pts',(-109.604893927005,97.7277443276993,-261.617463194204));
#13656=CARTESIAN_POINT('Ctrl Pts',(-109.773250831146,97.7094258972086,-261.32427117283));
#13657=CARTESIAN_POINT('Ctrl Pts',(-109.931516273496,97.691107466718,-261.025729251717));
#13658=CARTESIAN_POINT('Ctrl Pts',(-110.089778349508,97.6727894258642,-260.727193680652));
#13659=CARTESIAN_POINT('Ctrl Pts',(-110.23794928318,97.6544713850104,-260.423308645022));
#13660=CARTESIAN_POINT('Ctrl Pts',(-110.375690971509,97.6361533441566,-260.11476756317));
#13661=CARTESIAN_POINT('Ctrl Pts',(-110.51343022163,97.6178356275561,-259.806231942899));
#13662=CARTESIAN_POINT('Ctrl Pts',(-110.640740500037,97.5995179109556,-259.49304065574));
#13663=CARTESIAN_POINT('Ctrl Pts',(-110.75733131477,97.5812001943551,-259.175908330173));
#13664=CARTESIAN_POINT('Ctrl Pts',(-110.87392795728,97.5628815621458,-258.858760152786));
#13665=CARTESIAN_POINT('Ctrl Pts',(-110.979803983016,97.5445629299365,-258.53767076329));
#13666=CARTESIAN_POINT('Ctrl Pts',(-111.074717783782,97.5262442977272,-258.213372884961));
#13667=CARTESIAN_POINT('Ctrl Pts',(-111.169627573178,97.5079264397235,-257.889088712525));
#13668=CARTESIAN_POINT('Ctrl Pts',(-111.253575998568,97.4896085817197,-257.561596547952));
#13669=CARTESIAN_POINT('Ctrl Pts',(-111.326371506534,97.471290723716,-257.231643662473));
#13670=CARTESIAN_POINT('Ctrl Pts',(-111.399168304212,97.4529725411762,-256.901684931244));
#13671=CARTESIAN_POINT('Ctrl Pts',(-111.460811738525,97.4346543586363,-256.569265621219));
#13672=CARTESIAN_POINT('Ctrl Pts',(-111.511161146577,97.4163361760965,-256.23514427324));
#13673=CARTESIAN_POINT('Ctrl Pts',(-111.53437978776,97.4078887419761,-256.081064136243));
#13674=CARTESIAN_POINT('Ctrl Pts',(-111.555197361474,97.3994413078557,-255.926622180108));
#13675=CARTESIAN_POINT('Ctrl Pts',(-111.573603760263,97.3909938737353,-255.771893390289));
#13676=CARTESIAN_POINT('',(-111.573603760263,71.25,-255.771893390289));
#13677=CARTESIAN_POINT('',(-96.6786249481448,71.25,-269.));
#13678=CARTESIAN_POINT('Ctrl Pts',(97.2182764859419,-99.6354250040022,-269.));
#13679=CARTESIAN_POINT('Ctrl Pts',(97.1913387861218,-99.5824890623386,-269.));
#13680=CARTESIAN_POINT('Ctrl Pts',(97.1375453040658,-99.4765755591499,-269.));
#13681=CARTESIAN_POINT('Ctrl Pts',(97.030003679138,-99.2647254949635,-269.));
#13682=CARTESIAN_POINT('Ctrl Pts',(96.8418811021851,-98.8939496456085,-269.));
#13683=CARTESIAN_POINT('Ctrl Pts',(96.4657294050649,-98.1523505699153,-269.));
#13684=CARTESIAN_POINT('Ctrl Pts',(95.7135724997676,-96.6690781066655,-269.));
#13685=CARTESIAN_POINT('Ctrl Pts',(94.2094443870622,-93.7024390327116,-269.));
#13686=CARTESIAN_POINT('Ctrl Pts',(92.0608412921216,-89.4643064538855,-269.));
#13687=CARTESIAN_POINT('Ctrl Pts',(88.6230923952414,-82.6832861850186,-269.));
#13688=CARTESIAN_POINT('Ctrl Pts',(85.1852572297833,-75.9023096727638,-269.));
#13689=CARTESIAN_POINT('Ctrl Pts',(82.1768716754879,-69.9690970702992,-269.));
#13690=CARTESIAN_POINT('Ctrl Pts',(80.672510109636,-67.0025763459828,-269.));
#13691=CARTESIAN_POINT('Ctrl Pts',(79.9202181722455,-65.5193723637274,-269.));
#13692=CARTESIAN_POINT('Ctrl Pts',(79.5439991083071,-64.7778074479836,-269.));
#13693=CARTESIAN_POINT('Ctrl Pts',(79.3558397226881,-64.4070502875567,-269.));
#13694=CARTESIAN_POINT('Ctrl Pts',(79.2617300177266,-64.2216869403027,-269.));
#13695=CARTESIAN_POINT('Ctrl Pts',(79.2079299671697,-64.1157767477482,-269.));
#13696=CARTESIAN_POINT('Ctrl Pts',(79.1810179971802,-64.0628277190309,-269.));
#13697=CARTESIAN_POINT('Ctrl Pts',(79.1675457629167,-64.0363614706794,-269.));
#13698=CARTESIAN_POINT('Ctrl Pts',(99.0853137174216,-98.6853391660264,-269.));
#13699=CARTESIAN_POINT('Ctrl Pts',(99.0590957126394,-98.6338654741365,-268.999999935639));
#13700=CARTESIAN_POINT('Ctrl Pts',(99.005495120617,-98.528184293839,-269.000000112995));
#13701=CARTESIAN_POINT('Ctrl Pts',(98.8983670486157,-98.3168709525637,-269.000000462825));
#13702=CARTESIAN_POINT('Ctrl Pts',(98.7105514586229,-97.9461471994074,-269.000001088564));
#13703=CARTESIAN_POINT('Ctrl Pts',(98.3349817237967,-97.2046079210275,-269.000002169956));
#13704=CARTESIAN_POINT('Ctrl Pts',(97.5837374940971,-95.7209499284824,-269.000003352437));
#13705=CARTESIAN_POINT('Ctrl Pts',(96.0814010619372,-92.7535226675861,-269.000004028528));
#13706=CARTESIAN_POINT('Ctrl Pts',(93.9352535278066,-88.5140924409347,-269.000002574401));
#13707=CARTESIAN_POINT('Ctrl Pts',(90.5014514222523,-81.7310537552176,-269.000003614974));
#13708=CARTESIAN_POINT('Ctrl Pts',(87.0675516019066,-74.9480588184858,-268.999995431635));
#13709=CARTESIAN_POINT('Ctrl Pts',(84.0626071087911,-69.013015572945,-268.999994897491));
#13710=CARTESIAN_POINT('Ctrl Pts',(82.5599752085095,-66.0455595048565,-268.999995737051));
#13711=CARTESIAN_POINT('Ctrl Pts',(81.8084847973161,-64.5617194911225,-268.99999701583));
#13712=CARTESIAN_POINT('Ctrl Pts',(81.4326497656552,-63.8197797804528,-268.999998167259));
#13713=CARTESIAN_POINT('Ctrl Pts',(81.2445566651624,-63.4485458614329,-268.999998881787));
#13714=CARTESIAN_POINT('Ctrl Pts',(81.1504561601033,-63.2628833826703,-268.999999285626));
#13715=CARTESIAN_POINT('Ctrl Pts',(81.0964380695906,-63.1563059969448,-268.999999604472));
#13716=CARTESIAN_POINT('Ctrl Pts',(81.0694551853437,-63.1031036055776,-268.99999975293));
#13717=CARTESIAN_POINT('Ctrl Pts',(81.0554271745195,-63.0753646455477,-269.));
#13718=CARTESIAN_POINT('Ctrl Pts',(102.813771739074,-96.7880255484228,-268.106414174541));
#13719=CARTESIAN_POINT('Ctrl Pts',(102.788991162882,-96.7394718753759,-268.106432894607));
#13720=CARTESIAN_POINT('Ctrl Pts',(102.735775164557,-96.634254953787,-268.106374909973));
#13721=CARTESIAN_POINT('Ctrl Pts',(102.62947182849,-96.4240140235552,-268.10626684424));
#13722=CARTESIAN_POINT('Ctrl Pts',(102.442267020569,-96.0533954585835,-268.106051086621));
#13723=CARTESIAN_POINT('Ctrl Pts',(102.067854971219,-95.3119778734854,-268.105627097751));
#13724=CARTESIAN_POINT('Ctrl Pts',(101.318424103807,-93.8275546647745,-268.104772982594));
#13725=CARTESIAN_POINT('Ctrl Pts',(99.8196469787788,-90.8585628530274,-268.103080591025));
#13726=CARTESIAN_POINT('Ctrl Pts',(97.678376022177,-86.6165549912522,-268.100668929652));
#13727=CARTESIAN_POINT('Ctrl Pts',(94.2524127101665,-79.8295072959617,-268.096818343249));
#13728=CARTESIAN_POINT('Ctrl Pts',(90.826326518048,-73.0425045179415,-268.092952365205));
#13729=CARTESIAN_POINT('Ctrl Pts',(87.8282150101072,-67.1038251868417,-268.089548276964));
#13730=CARTESIAN_POINT('Ctrl Pts',(86.3290178291895,-64.1345111087346,-268.087830955737));
#13731=CARTESIAN_POINT('Ctrl Pts',(85.5791183306437,-62.6494059090877,-268.086955776811));
#13732=CARTESIAN_POINT('Ctrl Pts',(85.2040453468593,-61.9067202218662,-268.086509577443));
#13733=CARTESIAN_POINT('Ctrl Pts',(85.0160820393954,-61.5345355734905,-268.086269989515));
#13734=CARTESIAN_POINT('Ctrl Pts',(84.9219985709484,-61.3482764392483,-268.086145071415));
#13735=CARTESIAN_POINT('Ctrl Pts',(84.8675440772418,-61.2403672511279,-268.086051045084));
#13736=CARTESIAN_POINT('Ctrl Pts',(84.8404191094226,-61.1866591637708,-268.086006455607));
#13737=CARTESIAN_POINT('Ctrl Pts',(84.8252805144944,-61.1563791262971,-268.085935003387));
#13738=CARTESIAN_POINT('Ctrl Pts',(108.225093580456,-94.0343470681331,-263.704585655568));
#13739=CARTESIAN_POINT('Ctrl Pts',(108.20241986341,-93.9900155645759,-263.704691468219));
#13740=CARTESIAN_POINT('Ctrl Pts',(108.149691187992,-93.8855075250187,-263.704363829337));
#13741=CARTESIAN_POINT('Ctrl Pts',(108.044452444562,-93.6768880549175,-263.703753118246));
#13742=CARTESIAN_POINT('Ctrl Pts',(107.857871650036,-93.3065547772006,-263.702534194013));
#13743=CARTESIAN_POINT('Ctrl Pts',(107.484624771322,-92.5655742450335,-263.700139692263));
#13744=CARTESIAN_POINT('Ctrl Pts',(106.736793766284,-91.0805644400054,-263.695321360323));
#13745=CARTESIAN_POINT('Ctrl Pts',(105.24114439816,-88.1103374168695,-263.685783643306));
#13746=CARTESIAN_POINT('Ctrl Pts',(103.104052780639,-83.8660600558656,-263.672207732768));
#13747=CARTESIAN_POINT('Ctrl Pts',(99.6848064641581,-77.0755579026179,-263.650521377487));
#13748=CARTESIAN_POINT('Ctrl Pts',(96.2654092523074,-70.2850943444754,-263.628804625947));
#13749=CARTESIAN_POINT('Ctrl Pts',(93.2730655219048,-64.3432393068117,-263.609657767472));
#13750=CARTESIAN_POINT('Ctrl Pts',(91.7767491803814,-61.372293453316,-263.599995132028));
#13751=CARTESIAN_POINT('Ctrl Pts',(91.0280820515027,-59.8859004706094,-263.595067216833));
#13752=CARTESIAN_POINT('Ctrl Pts',(90.6535636996861,-59.1424142359905,-263.592552437955));
#13753=CARTESIAN_POINT('Ctrl Pts',(90.465494414492,-58.7690060856022,-263.591201685476));
#13754=CARTESIAN_POINT('Ctrl Pts',(90.3712824265884,-58.5819634308389,-263.590497274956));
#13755=CARTESIAN_POINT('Ctrl Pts',(90.3160827824686,-58.4721906290869,-263.589966995082));
#13756=CARTESIAN_POINT('Ctrl Pts',(90.2886980656871,-58.4177804016795,-263.589715538038));
#13757=CARTESIAN_POINT('Ctrl Pts',(90.271868999552,-58.3838775222397,-263.589312551353));
#13758=CARTESIAN_POINT('Ctrl Pts',(110.222322662834,-93.0180100426222,-258.688145399354));
#13759=CARTESIAN_POINT('Ctrl Pts',(110.20047313414,-92.9752237295354,-258.688334667495));
#13760=CARTESIAN_POINT('Ctrl Pts',(110.147793845669,-92.8710454842001,-258.687748622745));
#13761=CARTESIAN_POINT('Ctrl Pts',(110.042705187384,-92.6631519054247,-258.686656262754));
#13762=CARTESIAN_POINT('Ctrl Pts',(109.855866354823,-92.2931725881981,-258.684476085853));
#13763=CARTESIAN_POINT('Ctrl Pts',(109.482088502025,-91.5528420005045,-258.680193543812));
#13764=CARTESIAN_POINT('Ctrl Pts',(108.73290365952,-90.0685997110169,-258.671577230998));
#13765=CARTESIAN_POINT('Ctrl Pts',(107.234542480564,-87.0998719982851,-258.654525707939));
#13766=CARTESIAN_POINT('Ctrl Pts',(105.093460745913,-82.8575566711863,-258.630265771299));
#13767=CARTESIAN_POINT('Ctrl Pts',(101.667859051184,-76.0702553547181,-258.591533422052));
#13768=CARTESIAN_POINT('Ctrl Pts',(98.2419777046327,-69.2830556107329,-258.552782979849));
#13769=CARTESIAN_POINT('Ctrl Pts',(95.2438908691716,-63.3440274859994,-258.5186450573));
#13770=CARTESIAN_POINT('Ctrl Pts',(93.7446665854382,-60.3744993458799,-258.501424039453));
#13771=CARTESIAN_POINT('Ctrl Pts',(92.9944348271449,-58.8886616397516,-258.492642966134));
#13772=CARTESIAN_POINT('Ctrl Pts',(92.6190942534602,-58.1454047761123,-258.488162168607));
#13773=CARTESIAN_POINT('Ctrl Pts',(92.430437466912,-57.7718318040027,-258.485755523795));
#13774=CARTESIAN_POINT('Ctrl Pts',(92.3358927193746,-57.5846503002589,-258.484500493333));
#13775=CARTESIAN_POINT('Ctrl Pts',(92.2802076382477,-57.4743112190921,-258.483555723087));
#13776=CARTESIAN_POINT('Ctrl Pts',(92.2526266106414,-57.4196982480492,-258.483107718184));
#13777=CARTESIAN_POINT('Ctrl Pts',(92.2350212017787,-57.3845652656565,-258.482389756202));
#13778=CARTESIAN_POINT('Ctrl Pts',(110.514129532829,-92.8695172488355,-255.562940819148));
#13779=CARTESIAN_POINT('Ctrl Pts',(110.492431158664,-92.8269295907435,-255.563167461185));
#13780=CARTESIAN_POINT('Ctrl Pts',(110.439648914072,-92.7228535067731,-255.562465700587));
#13781=CARTESIAN_POINT('Ctrl Pts',(110.33437620951,-92.5151658365954,-255.561157667495));
#13782=CARTESIAN_POINT('Ctrl Pts',(110.147092455204,-92.1454437160851,-255.558547131408));
#13783=CARTESIAN_POINT('Ctrl Pts',(109.772438347738,-91.4056115171109,-255.55341956897));
#13784=CARTESIAN_POINT('Ctrl Pts',(109.021458433235,-89.9222929228587,-255.543104564265));
#13785=CARTESIAN_POINT('Ctrl Pts',(107.519551831751,-86.9553857743124,-255.522696335457));
#13786=CARTESIAN_POINT('Ctrl Pts',(105.373418097884,-82.7156276694895,-255.493673592366));
#13787=CARTESIAN_POINT('Ctrl Pts',(101.93970489128,-75.9324390198408,-255.447361630887));
#13788=CARTESIAN_POINT('Ctrl Pts',(98.5057397824301,-69.1493298955242,-255.40106930075));
#13789=CARTESIAN_POINT('Ctrl Pts',(95.5004463510188,-63.2139379040918,-255.360319146007));
#13790=CARTESIAN_POINT('Ctrl Pts',(93.9975689309163,-60.2462490107219,-255.339770953474));
#13791=CARTESIAN_POINT('Ctrl Pts',(93.2454561004118,-58.7613339779235,-255.329295372542));
#13792=CARTESIAN_POINT('Ctrl Pts',(92.8691483758982,-58.0185441571305,-255.32395034684));
#13793=CARTESIAN_POINT('Ctrl Pts',(92.6799537124919,-57.6451879772754,-255.321079668572));
#13794=CARTESIAN_POINT('Ctrl Pts',(92.5851250114276,-57.4581133264532,-255.319582683973));
#13795=CARTESIAN_POINT('Ctrl Pts',(92.5291977686867,-57.3477992087881,-255.318455795768));
#13796=CARTESIAN_POINT('Ctrl Pts',(92.50150598509,-57.2932059339228,-255.317921433558));
#13797=CARTESIAN_POINT('Ctrl Pts',(92.4836674729063,-57.2579957281496,-255.317065095294));
#13798=CARTESIAN_POINT('',(110.514129532829,-92.8695172488355,-255.562940819148));
#13799=CARTESIAN_POINT('',(96.6786249481448,-98.5720700621367,-269.));
#13800=CARTESIAN_POINT('Ctrl Pts',(110.514129532829,-92.8695172488355,-255.562940819148));
#13801=CARTESIAN_POINT('Ctrl Pts',(110.457585084667,-92.8737254731465,-256.062178615821));
#13802=CARTESIAN_POINT('Ctrl Pts',(110.376898143462,-92.8876672074204,-256.558346015764));
#13803=CARTESIAN_POINT('Ctrl Pts',(110.273503950924,-92.9117768524337,-257.049244369469));
#13804=CARTESIAN_POINT('Ctrl Pts',(110.179495779716,-92.9336978479999,-257.495579461881));
#13805=CARTESIAN_POINT('Ctrl Pts',(110.066717624026,-92.96402945859,-257.937558766302));
#13806=CARTESIAN_POINT('Ctrl Pts',(109.936231220172,-93.0031029615725,-258.373517391317));
#13807=CARTESIAN_POINT('Ctrl Pts',(109.896972792383,-93.0148587020173,-258.50468086654));
#13808=CARTESIAN_POINT('Ctrl Pts',(109.856111235887,-93.0274055244025,-258.635299269393));
#13809=CARTESIAN_POINT('Ctrl Pts',(109.813674814379,-93.0407516339654,-258.765327012439));
#13810=CARTESIAN_POINT('Ctrl Pts',(109.569385316153,-93.1175798464416,-259.513844700193));
#13811=CARTESIAN_POINT('Ctrl Pts',(109.272904295223,-93.2208906429529,-260.24278835808));
#13812=CARTESIAN_POINT('Ctrl Pts',(108.927875177176,-93.3486591995414,-260.943263049332));
#13813=CARTESIAN_POINT('Ctrl Pts',(108.794740114723,-93.3979607624275,-261.213552531838));
#13814=CARTESIAN_POINT('Ctrl Pts',(108.654376850949,-93.4509043218848,-261.479603213746));
#13815=CARTESIAN_POINT('Ctrl Pts',(108.50699581479,-93.5073754889078,-261.740904136239));
#13816=CARTESIAN_POINT('Ctrl Pts',(108.047087533949,-93.6835959716749,-262.55630387272));
#13817=CARTESIAN_POINT('Ctrl Pts',(107.518842875536,-93.8941689862214,-263.32545273693));
#13818=CARTESIAN_POINT('Ctrl Pts',(106.928803238366,-94.1359260621979,-264.032832137606));
#13819=CARTESIAN_POINT('Ctrl Pts',(106.33369759883,-94.3797588324862,-264.746285004353));
#13820=CARTESIAN_POINT('Ctrl Pts',(105.675731748638,-94.6553158260911,-265.396902948725));
#13821=CARTESIAN_POINT('Ctrl Pts',(104.968388988059,-94.9558770103489,-265.974490871409));
#13822=CARTESIAN_POINT('Ctrl Pts',(104.762648350532,-95.0432994780849,-266.142490480741));
#13823=CARTESIAN_POINT('Ctrl Pts',(104.552730228296,-95.1328370537288,-266.304311535903));
#13824=CARTESIAN_POINT('Ctrl Pts',(104.338966121657,-95.2243235430166,-266.459702985699));
#13825=CARTESIAN_POINT('Ctrl Pts',(103.683553942092,-95.5048260103749,-266.936141478566));
#13826=CARTESIAN_POINT('Ctrl Pts',(102.991986349161,-95.8036492704314,-267.352137594241));
#13827=CARTESIAN_POINT('Ctrl Pts',(102.27379995274,-96.1159562229646,-267.700451093598));
#13828=CARTESIAN_POINT('Ctrl Pts',(101.047397176433,-96.6492636144099,-268.295244652436));
#13829=CARTESIAN_POINT('Ctrl Pts',(99.7433701818287,-97.2218902914812,-268.692673824695));
#13830=CARTESIAN_POINT('Ctrl Pts',(98.4148424418888,-97.806908631669,-268.878598135333));
#13831=CARTESIAN_POINT('Ctrl Pts',(97.8392605221156,-98.0603666282353,-268.959149461762));
#13832=CARTESIAN_POINT('Ctrl Pts',(97.25908035605,-98.3161505102436,-269.000000343463));
#13833=CARTESIAN_POINT('Ctrl Pts',(96.6786249481448,-98.5720700621367,-269.000000000002));
#13834=CARTESIAN_POINT('',(79.1675457629167,-64.0363614706794,-269.));
#13835=CARTESIAN_POINT('Ctrl Pts',(96.6786224022049,-98.5720713582851,-269.));
#13836=CARTESIAN_POINT('Ctrl Pts',(96.6434833681964,-98.5027922388048,-269.));
#13837=CARTESIAN_POINT('Ctrl Pts',(96.3934110211462,-98.0097368855924,-269.));
#13838=CARTESIAN_POINT('Ctrl Pts',(95.7135724997676,-96.6690781066655,-269.));
#13839=CARTESIAN_POINT('Ctrl Pts',(94.2094443870622,-93.7024390327116,-269.));
#13840=CARTESIAN_POINT('Ctrl Pts',(92.0608412921216,-89.4643064538855,-269.));
#13841=CARTESIAN_POINT('Ctrl Pts',(88.6230923952414,-82.6832861850186,-269.));
#13842=CARTESIAN_POINT('Ctrl Pts',(85.1852572297833,-75.9023096727638,-269.));
#13843=CARTESIAN_POINT('Ctrl Pts',(82.1768716754879,-69.9690970702992,-269.));
#13844=CARTESIAN_POINT('Ctrl Pts',(80.672510109636,-67.0025763459828,-269.));
#13845=CARTESIAN_POINT('Ctrl Pts',(79.9202181722455,-65.5193723637274,-269.));
#13846=CARTESIAN_POINT('Ctrl Pts',(79.5439991083071,-64.7778074479836,-269.));
#13847=CARTESIAN_POINT('Ctrl Pts',(79.3558397226881,-64.4070502875567,-269.));
#13848=CARTESIAN_POINT('Ctrl Pts',(79.2617300177266,-64.2216869403027,-269.));
#13849=CARTESIAN_POINT('Ctrl Pts',(79.2079299671697,-64.1157767477482,-269.));
#13850=CARTESIAN_POINT('Ctrl Pts',(79.1810179971802,-64.0628277190309,-269.));
#13851=CARTESIAN_POINT('Ctrl Pts',(79.1675457629167,-64.0363614706794,-269.));
#13852=CARTESIAN_POINT('',(92.4836674729063,-57.2579957281496,-255.317065095294));
#13853=CARTESIAN_POINT('Origin',(79.1675457629167,-64.0363614706794,-254.));
#13854=CARTESIAN_POINT('Ctrl Pts',(92.4836674729063,-57.2579957281496,-255.317065095294));
#13855=CARTESIAN_POINT('Ctrl Pts',(92.50150598509,-57.2932059339228,-255.317921433558));
#13856=CARTESIAN_POINT('Ctrl Pts',(92.5291977686867,-57.3477992087881,-255.318455795768));
#13857=CARTESIAN_POINT('Ctrl Pts',(92.5851250114276,-57.4581133264532,-255.319582683973));
#13858=CARTESIAN_POINT('Ctrl Pts',(92.6799537124919,-57.6451879772754,-255.321079668572));
#13859=CARTESIAN_POINT('Ctrl Pts',(92.8691483758982,-58.0185441571305,-255.32395034684));
#13860=CARTESIAN_POINT('Ctrl Pts',(93.2454561004118,-58.7613339779235,-255.329295372542));
#13861=CARTESIAN_POINT('Ctrl Pts',(93.9975689309163,-60.2462490107219,-255.339770953474));
#13862=CARTESIAN_POINT('Ctrl Pts',(95.5004463510188,-63.2139379040918,-255.360319146007));
#13863=CARTESIAN_POINT('Ctrl Pts',(98.5057397824301,-69.1493298955242,-255.40106930075));
#13864=CARTESIAN_POINT('Ctrl Pts',(101.93970489128,-75.9324390198408,-255.447361630887));
#13865=CARTESIAN_POINT('Ctrl Pts',(105.373418097884,-82.7156276694895,-255.493673592366));
#13866=CARTESIAN_POINT('Ctrl Pts',(107.519551831751,-86.9553857743124,-255.522696335457));
#13867=CARTESIAN_POINT('Ctrl Pts',(109.021458433235,-89.9222929228587,-255.543104564265));
#13868=CARTESIAN_POINT('Ctrl Pts',(109.772438347738,-91.4056115171109,-255.55341956897));
#13869=CARTESIAN_POINT('Ctrl Pts',(110.147092455204,-92.1454437160851,-255.558547131408));
#13870=CARTESIAN_POINT('Ctrl Pts',(110.33437620951,-92.5151658365954,-255.561157667495));
#13871=CARTESIAN_POINT('Ctrl Pts',(110.439648914072,-92.7228535067731,-255.562465700587));
#13872=CARTESIAN_POINT('Ctrl Pts',(110.492431158664,-92.8269295907435,-255.563167461185));
#13873=CARTESIAN_POINT('Ctrl Pts',(110.514129532829,-92.8695172488355,-255.562940819148));
#13874=CARTESIAN_POINT('Ctrl Pts',(79.1675457629169,-64.0363614706793,-269.));
#13875=CARTESIAN_POINT('Ctrl Pts',(77.393563669712,-60.5513678362636,-269.));
#13876=CARTESIAN_POINT('Ctrl Pts',(76.4552779447011,-56.6441925102081,-269.));
#13877=CARTESIAN_POINT('Ctrl Pts',(76.4552779447011,-52.7336691310516,-269.));
#13878=CARTESIAN_POINT('Ctrl Pts',(81.0554271745197,-63.0753646455476,-269.));
#13879=CARTESIAN_POINT('Ctrl Pts',(79.4218890127106,-59.8916549317102,-268.9999653321));
#13880=CARTESIAN_POINT('Ctrl Pts',(78.5552932424784,-56.314383377249,-269.000004623992));
#13881=CARTESIAN_POINT('Ctrl Pts',(78.5537347535696,-52.7336691310516,-269.));
#13882=CARTESIAN_POINT('Ctrl Pts',(84.8253275010821,-61.1563552085017,-268.085977192159));
#13883=CARTESIAN_POINT('Ctrl Pts',(83.4723469362975,-58.5742218368187,-268.096003099443));
#13884=CARTESIAN_POINT('Ctrl Pts',(82.7490027376369,-55.6557590438238,-268.102006987247));
#13885=CARTESIAN_POINT('Ctrl Pts',(82.7443477233394,-52.7336691310516,-268.103350707346));
#13886=CARTESIAN_POINT('Ctrl Pts',(90.2719536341689,-58.3838344402973,-263.589361044682));
#13887=CARTESIAN_POINT('Ctrl Pts',(89.3361837901942,-56.6636751767853,-263.645906623479));
#13888=CARTESIAN_POINT('Ctrl Pts',(88.8295125080966,-54.7014826378808,-263.679549377025));
#13889=CARTESIAN_POINT('Ctrl Pts',(88.8222044225142,-52.7336691310516,-263.68714204006));
#13890=CARTESIAN_POINT('Ctrl Pts',(92.2350212017789,-57.3845652656564,-258.482389756202));
#13891=CARTESIAN_POINT('Ctrl Pts',(91.4734414950061,-55.9652063139924,-258.583131486052));
#13892=CARTESIAN_POINT('Ctrl Pts',(91.0622533878408,-54.3486076195387,-258.643298176268));
#13893=CARTESIAN_POINT('Ctrl Pts',(91.0573830694265,-52.7336691310516,-258.65687106634));
#13894=CARTESIAN_POINT('Ctrl Pts',(92.4836674729065,-57.2579957281495,-255.317065095294));
#13895=CARTESIAN_POINT('Ctrl Pts',(91.7626607308695,-55.8649228611006,-255.437223265456));
#13896=CARTESIAN_POINT('Ctrl Pts',(91.3791645587925,-54.3001464551021,-255.509263043087));
#13897=CARTESIAN_POINT('Ctrl Pts',(91.3775039945526,-52.7336691310516,-255.525506380561));
#13898=CARTESIAN_POINT('',(76.4552779447011,-52.7336691310516,-269.));
#13899=CARTESIAN_POINT('',(91.3775039945526,-52.7336691310516,-255.525506380561));
#13900=CARTESIAN_POINT('Origin',(76.4552779447011,-52.7336691310516,-254.));
#13901=CARTESIAN_POINT('Ctrl Pts',(91.3775039945526,-52.7336691310516,-255.525506380561));
#13902=CARTESIAN_POINT('Ctrl Pts',(91.3791645587925,-54.3001464551021,-255.509263043087));
#13903=CARTESIAN_POINT('Ctrl Pts',(91.7626607308695,-55.8649228611006,-255.437223265456));
#13904=CARTESIAN_POINT('Ctrl Pts',(92.4836674729065,-57.2579957281495,-255.317065095294));
#13905=CARTESIAN_POINT('Ctrl Pts',(79.1675457629169,-64.0363614706793,-269.));
#13906=CARTESIAN_POINT('Ctrl Pts',(77.393563669712,-60.5513678362636,-269.));
#13907=CARTESIAN_POINT('Ctrl Pts',(76.4552779447011,-56.6441925102081,-269.));
#13908=CARTESIAN_POINT('Ctrl Pts',(76.4552779447011,-52.7336691310516,-269.));
#13909=CARTESIAN_POINT('Origin',(76.4552779447008,-27.2614341206429,-254.));
#13910=CARTESIAN_POINT('',(76.4552779447008,52.7336691310516,-269.));
#13911=CARTESIAN_POINT('',(91.3775039945523,52.7336691310516,-255.525506380561));
#13912=CARTESIAN_POINT('Origin',(76.4552779447008,52.7336691310516,-254.));
#13913=CARTESIAN_POINT('',(91.3775039945523,-27.2614341206429,-255.525506380561));
#13914=CARTESIAN_POINT('',(76.4552779447008,-27.2614341206429,-269.));
#13915=CARTESIAN_POINT('Ctrl Pts',(76.4552779447008,52.7336691310516,-269.));
#13916=CARTESIAN_POINT('Ctrl Pts',(76.4552779447008,56.6441925102082,-269.));
#13917=CARTESIAN_POINT('Ctrl Pts',(77.3935636697117,60.5513678362636,-269.));
#13918=CARTESIAN_POINT('Ctrl Pts',(79.1675457629166,64.0363614706794,-269.));
#13919=CARTESIAN_POINT('Ctrl Pts',(78.5537347535693,52.7336691310516,-269.));
#13920=CARTESIAN_POINT('Ctrl Pts',(78.5552932424781,56.3143833772488,-269.000004623992));
#13921=CARTESIAN_POINT('Ctrl Pts',(79.4218890127102,59.89165493171,-268.9999653321));
#13922=CARTESIAN_POINT('Ctrl Pts',(81.0554271745194,63.0753646455478,-269.));
#13923=CARTESIAN_POINT('Ctrl Pts',(82.7443477233391,52.7336691310516,-268.103350707346));
#13924=CARTESIAN_POINT('Ctrl Pts',(82.7490027376366,55.6557590438233,-268.102006987247));
#13925=CARTESIAN_POINT('Ctrl Pts',(83.4723469362969,58.574221836818,-268.096003099443));
#13926=CARTESIAN_POINT('Ctrl Pts',(84.8253275010819,61.1563552085018,-268.085977192159));
#13927=CARTESIAN_POINT('Ctrl Pts',(88.8222044225139,52.7336691310516,-263.68714204006));
#13928=CARTESIAN_POINT('Ctrl Pts',(88.8295125080963,54.7014826378797,-263.679549377025));
#13929=CARTESIAN_POINT('Ctrl Pts',(89.3361837901931,56.6636751767839,-263.645906623478));
#13930=CARTESIAN_POINT('Ctrl Pts',(90.2719536341686,58.3838344402974,-263.589361044682));
#13931=CARTESIAN_POINT('Ctrl Pts',(91.0573830694263,52.7336691310516,-258.65687106634));
#13932=CARTESIAN_POINT('Ctrl Pts',(91.0622533878405,54.3486076195374,-258.643298176268));
#13933=CARTESIAN_POINT('Ctrl Pts',(91.473441495005,55.9652063139908,-258.583131486052));
#13934=CARTESIAN_POINT('Ctrl Pts',(92.2350212017787,57.3845652656565,-258.482389756202));
#13935=CARTESIAN_POINT('Ctrl Pts',(91.3775039945523,52.7336691310516,-255.525506380561));
#13936=CARTESIAN_POINT('Ctrl Pts',(91.3791645587922,54.3001464551008,-255.509263043087));
#13937=CARTESIAN_POINT('Ctrl Pts',(91.7626607308684,55.864922861099,-255.437223265456));
#13938=CARTESIAN_POINT('Ctrl Pts',(92.4836674729062,57.2579957281496,-255.317065095294));
#13939=CARTESIAN_POINT('',(79.1675457629166,64.0363614706794,-269.));
#13940=CARTESIAN_POINT('',(92.4836674729062,57.2579957281496,-255.317065095294));
#13941=CARTESIAN_POINT('Origin',(79.1675457629166,64.0363614706794,-254.));
#13942=CARTESIAN_POINT('Ctrl Pts',(92.4836674729062,57.2579957281496,-255.317065095294));
#13943=CARTESIAN_POINT('Ctrl Pts',(91.7626607308684,55.864922861099,-255.437223265456));
#13944=CARTESIAN_POINT('Ctrl Pts',(91.3791645587922,54.3001464551008,-255.509263043087));
#13945=CARTESIAN_POINT('Ctrl Pts',(91.3775039945523,52.7336691310516,-255.525506380561));
#13946=CARTESIAN_POINT('Ctrl Pts',(76.4552779447008,52.7336691310516,-269.));
#13947=CARTESIAN_POINT('Ctrl Pts',(76.4552779447008,56.6441925102082,-269.));
#13948=CARTESIAN_POINT('Ctrl Pts',(77.3935636697117,60.5513678362636,-269.));
#13949=CARTESIAN_POINT('Ctrl Pts',(79.1675457629166,64.0363614706794,-269.));
#13950=CARTESIAN_POINT('Ctrl Pts',(79.1675457629166,64.0363614706795,-269.));
#13951=CARTESIAN_POINT('Ctrl Pts',(79.1810179971701,64.0628277190111,-269.));
#13952=CARTESIAN_POINT('Ctrl Pts',(79.2079299680036,64.1157767491577,-269.));
#13953=CARTESIAN_POINT('Ctrl Pts',(79.2617300169218,64.2216869396722,-269.));
#13954=CARTESIAN_POINT('Ctrl Pts',(79.3558397207884,64.4070502798793,-269.));
#13955=CARTESIAN_POINT('Ctrl Pts',(79.5439990933762,64.7778074474017,-269.));
#13956=CARTESIAN_POINT('Ctrl Pts',(79.920218216496,65.5193723300976,-269.));
#13957=CARTESIAN_POINT('Ctrl Pts',(80.6725097787214,67.0025764989694,-269.));
#13958=CARTESIAN_POINT('Ctrl Pts',(82.1768730529463,69.9690963363982,-269.));
#13959=CARTESIAN_POINT('Ctrl Pts',(85.1852513625603,75.9023126092781,-269.));
#13960=CARTESIAN_POINT('Ctrl Pts',(89.4825666683155,84.3785224369579,-269.));
#13961=CARTESIAN_POINT('Ctrl Pts',(93.3499560081376,92.0072098403313,-269.));
#13962=CARTESIAN_POINT('Ctrl Pts',(95.713571097206,96.6690787784108,-269.));
#13963=CARTESIAN_POINT('Ctrl Pts',(96.4657296849944,98.1523503891377,-269.));
#13964=CARTESIAN_POINT('Ctrl Pts',(96.8418810444238,98.8939496471613,-269.));
#13965=CARTESIAN_POINT('Ctrl Pts',(97.030003673613,99.2647254606065,-269.));
#13966=CARTESIAN_POINT('Ctrl Pts',(97.1375452928197,99.476575544135,-269.));
#13967=CARTESIAN_POINT('Ctrl Pts',(97.1913387861419,99.5824890623781,-269.));
#13968=CARTESIAN_POINT('Ctrl Pts',(97.2182764859419,99.6354250040022,-269.));
#13969=CARTESIAN_POINT('Ctrl Pts',(81.0554271745194,63.0753646455478,-269.));
#13970=CARTESIAN_POINT('Ctrl Pts',(81.0694551853332,63.1031036055569,-268.99999975293));
#13971=CARTESIAN_POINT('Ctrl Pts',(81.0964380731692,63.1563060047329,-268.999999604286));
#13972=CARTESIAN_POINT('Ctrl Pts',(81.150456165189,63.2628833952737,-268.999999285382));
#13973=CARTESIAN_POINT('Ctrl Pts',(81.2445566764907,63.4485458859558,-268.999998880251));
#13974=CARTESIAN_POINT('Ctrl Pts',(81.4326498131193,63.8197799158017,-268.999998165817));
#13975=CARTESIAN_POINT('Ctrl Pts',(81.8084849008683,64.5617196509845,-268.999996988388));
#13976=CARTESIAN_POINT('Ctrl Pts',(82.5599756903084,66.0455613112813,-268.999995755491));
#13977=CARTESIAN_POINT('Ctrl Pts',(84.0626071715756,69.0130133430819,-268.99999435286));
#13978=CARTESIAN_POINT('Ctrl Pts',(87.0675548345143,74.9480783523904,-268.999996346135));
#13979=CARTESIAN_POINT('Ctrl Pts',(91.3599179864523,83.4267573707788,-268.999999793338));
#13980=CARTESIAN_POINT('Ctrl Pts',(95.222928453463,91.0578290825351,-269.000004486749));
#13981=CARTESIAN_POINT('Ctrl Pts',(97.5837398474507,95.7209571390773,-269.000004055665));
#13982=CARTESIAN_POINT('Ctrl Pts',(98.3349820864867,97.2046079167772,-269.000002216651));
#13983=CARTESIAN_POINT('Ctrl Pts',(98.710551610702,97.9461475762285,-269.000001126935));
#13984=CARTESIAN_POINT('Ctrl Pts',(98.898367073999,98.3168709767004,-269.000000469122));
#13985=CARTESIAN_POINT('Ctrl Pts',(99.0054951358107,98.5281843273462,-269.000000117574));
#13986=CARTESIAN_POINT('Ctrl Pts',(99.059095712659,98.633865474175,-268.999999935639));
#13987=CARTESIAN_POINT('Ctrl Pts',(99.0853137174216,98.6853391660265,-269.));
#13988=CARTESIAN_POINT('Ctrl Pts',(84.8252805144944,61.1563791262972,-268.085935003387));
#13989=CARTESIAN_POINT('Ctrl Pts',(84.8404191094113,61.1866591637482,-268.086006455607));
#13990=CARTESIAN_POINT('Ctrl Pts',(84.867544086266,61.2403672716736,-268.086051045181));
#13991=CARTESIAN_POINT('Ctrl Pts',(84.9219985877513,61.3482764783061,-268.086145071688));
#13992=CARTESIAN_POINT('Ctrl Pts',(85.016082076836,61.5345356624797,-268.086269989527));
#13993=CARTESIAN_POINT('Ctrl Pts',(85.2040455186564,61.9067206288338,-268.086509580491));
#13994=CARTESIAN_POINT('Ctrl Pts',(85.5791185470602,62.64940645825,-268.086955763327));
#13995=CARTESIAN_POINT('Ctrl Pts',(86.3290199377776,64.1345162154261,-268.087831008728));
#13996=CARTESIAN_POINT('Ctrl Pts',(87.8282123358053,67.1038200265471,-268.089547831522));
#13997=CARTESIAN_POINT('Ctrl Pts',(90.826348108763,73.0425571040787,-268.092953335342));
#13998=CARTESIAN_POINT('Ctrl Pts',(95.1088769902654,81.5261391070793,-268.097779208831));
#13999=CARTESIAN_POINT('Ctrl Pts',(98.9631922064717,89.1619472760429,-268.102114354036));
#14000=CARTESIAN_POINT('Ctrl Pts',(101.318434101183,93.8275748620263,-268.104773785993));
#14001=CARTESIAN_POINT('Ctrl Pts',(102.067855508813,95.3119782171083,-268.105627179117));
#14002=CARTESIAN_POINT('Ctrl Pts',(102.442267599554,96.0533965809253,-268.106051134013));
#14003=CARTESIAN_POINT('Ctrl Pts',(102.629471916894,96.4240141638693,-268.106266853561));
#14004=CARTESIAN_POINT('Ctrl Pts',(102.735775233492,96.6342550837292,-268.106374916028));
#14005=CARTESIAN_POINT('Ctrl Pts',(102.788991162901,96.7394718754122,-268.106432894607));
#14006=CARTESIAN_POINT('Ctrl Pts',(102.813771739074,96.7880255484229,-268.106414174541));
#14007=CARTESIAN_POINT('Ctrl Pts',(90.2718689995519,58.3838775222397,-263.589312551353));
#14008=CARTESIAN_POINT('Ctrl Pts',(90.2886980656745,58.4177804016543,-263.589715538038));
#14009=CARTESIAN_POINT('Ctrl Pts',(90.3160828003163,58.4721906672128,-263.58996699655));
#14010=CARTESIAN_POINT('Ctrl Pts',(90.3712824616718,58.5819635067327,-263.590497277708));
#14011=CARTESIAN_POINT('Ctrl Pts',(90.465494496947,58.7690062618243,-263.591201693226));
#14012=CARTESIAN_POINT('Ctrl Pts',(90.6535640599233,59.1424150243738,-263.592552462143));
#14013=CARTESIAN_POINT('Ctrl Pts',(91.028082551773,59.8859014996713,-263.595067278591));
#14014=CARTESIAN_POINT('Ctrl Pts',(91.7767535865813,61.3723033030155,-263.599995334293));
#14015=CARTESIAN_POINT('Ctrl Pts',(93.2730611789566,64.343228598395,-263.609658000056));
#14016=CARTESIAN_POINT('Ctrl Pts',(96.2654536834784,70.2851964865293,-263.628805455525));
#14017=CARTESIAN_POINT('Ctrl Pts',(100.539552004922,78.7729357704733,-263.655948469434));
#14018=CARTESIAN_POINT('Ctrl Pts',(104.386453847118,86.4129742260683,-263.680337860351));
#14019=CARTESIAN_POINT('Ctrl Pts',(106.736811979086,91.0806046274758,-263.695322321783));
#14020=CARTESIAN_POINT('Ctrl Pts',(107.484625389539,92.5655751188098,-263.70013991241));
#14021=CARTESIAN_POINT('Ctrl Pts',(107.857872693595,93.3065570371589,-263.702534266379));
#14022=CARTESIAN_POINT('Ctrl Pts',(108.044452599962,93.6768883701746,-263.703753138746));
#14023=CARTESIAN_POINT('Ctrl Pts',(108.149691316674,93.885507800849,-263.704363840208));
#14024=CARTESIAN_POINT('Ctrl Pts',(108.202419863427,93.9900155646091,-263.704691468219));
#14025=CARTESIAN_POINT('Ctrl Pts',(108.225093580456,94.0343470681332,-263.704585655568));
#14026=CARTESIAN_POINT('Ctrl Pts',(92.2350212017787,57.3845652656565,-258.482389756202));
#14027=CARTESIAN_POINT('Ctrl Pts',(92.2526266106282,57.419698248023,-258.483107718184));
#14028=CARTESIAN_POINT('Ctrl Pts',(92.2802076587272,57.4743112645451,-258.483555725775));
#14029=CARTESIAN_POINT('Ctrl Pts',(92.335892760867,57.5846503909867,-258.484500498337));
#14030=CARTESIAN_POINT('Ctrl Pts',(92.4304375585337,57.7718320193432,-258.485755538187));
#14031=CARTESIAN_POINT('Ctrl Pts',(92.6190946863279,58.1454057148328,-258.488162212438));
#14032=CARTESIAN_POINT('Ctrl Pts',(92.9944352563225,58.8886629627582,-258.49264308627));
#14033=CARTESIAN_POINT('Ctrl Pts',(93.7446721075369,60.3745109241516,-258.501424396917));
#14034=CARTESIAN_POINT('Ctrl Pts',(95.2438818362956,63.3440168912579,-258.518645664296));
#14035=CARTESIAN_POINT('Ctrl Pts',(98.2420382196274,69.2831728656484,-258.552784169862));
#14036=CARTESIAN_POINT('Ctrl Pts',(102.524161872494,77.7667957475528,-258.601219295244));
#14037=CARTESIAN_POINT('Ctrl Pts',(106.378296765338,85.4033503753652,-258.644789771539));
#14038=CARTESIAN_POINT('Ctrl Pts',(108.732930970586,90.0686448718251,-258.671578727395));
#14039=CARTESIAN_POINT('Ctrl Pts',(109.482089642665,91.5528429349698,-258.680193924326));
#14040=CARTESIAN_POINT('Ctrl Pts',(109.855867912921,92.2931751410006,-258.68447620323));
#14041=CARTESIAN_POINT('Ctrl Pts',(110.042705428852,92.6631522658823,-258.686656297513));
#14042=CARTESIAN_POINT('Ctrl Pts',(110.14779403867,92.8710457991095,-258.687748640763));
#14043=CARTESIAN_POINT('Ctrl Pts',(110.200473134157,92.9752237295673,-258.688334667495));
#14044=CARTESIAN_POINT('Ctrl Pts',(110.222322662834,93.0180100426222,-258.688145399354));
#14045=CARTESIAN_POINT('Ctrl Pts',(92.4836674729062,57.2579957281496,-255.317065095294));
#14046=CARTESIAN_POINT('Ctrl Pts',(92.5015059850766,57.2932059338966,-255.317921433557));
#14047=CARTESIAN_POINT('Ctrl Pts',(92.5291977912658,57.347799253498,-255.318455799027));
#14048=CARTESIAN_POINT('Ctrl Pts',(92.5851250561507,57.4581134163392,-255.319582690002));
#14049=CARTESIAN_POINT('Ctrl Pts',(92.6799538191012,57.6451881859106,-255.321079686193));
#14050=CARTESIAN_POINT('Ctrl Pts',(92.8691488329221,58.0185450931076,-255.323950399316));
#14051=CARTESIAN_POINT('Ctrl Pts',(93.2454567570024,58.7613351743861,-255.329295524384));
#14052=CARTESIAN_POINT('Ctrl Pts',(93.9975744627511,60.2462607559831,-255.339771369407));
#14053=CARTESIAN_POINT('Ctrl Pts',(95.500441303989,63.2139247095779,-255.360320049572));
#14054=CARTESIAN_POINT('Ctrl Pts',(98.5057947824303,69.1494526029309,-255.401070376718));
#14055=CARTESIAN_POINT('Ctrl Pts',(102.798069426641,77.6279289846168,-255.458934670393));
#14056=CARTESIAN_POINT('Ctrl Pts',(106.661279319412,85.259900012114,-255.511043714421));
#14057=CARTESIAN_POINT('Ctrl Pts',(109.021481083229,89.9223411560924,-255.543106089435));
#14058=CARTESIAN_POINT('Ctrl Pts',(109.77243918529,91.4056125194277,-255.553420004426));
#14059=CARTESIAN_POINT('Ctrl Pts',(110.147093763472,92.1454464266655,-255.55854725721));
#14060=CARTESIAN_POINT('Ctrl Pts',(110.334376411185,92.5151662171545,-255.561157706585));
#14061=CARTESIAN_POINT('Ctrl Pts',(110.439649077932,92.722853839749,-255.562465720384));
#14062=CARTESIAN_POINT('Ctrl Pts',(110.49243115868,92.8269295907753,-255.563167461184));
#14063=CARTESIAN_POINT('Ctrl Pts',(110.514129532829,92.8695172488355,-255.562940819148));
#14064=CARTESIAN_POINT('',(110.514129532829,92.8695172488355,-255.562940819148));
#14065=CARTESIAN_POINT('Ctrl Pts',(96.6786249481448,98.5720700621367,-269.000000000002));
#14066=CARTESIAN_POINT('Ctrl Pts',(98.0186793355569,97.9812475552188,-269.000000836306));
#14067=CARTESIAN_POINT('Ctrl Pts',(99.3572634377574,97.3911486690757,-268.782275668364));
#14068=CARTESIAN_POINT('Ctrl Pts',(100.641199194472,96.8287206504958,-268.360980050124));
#14069=CARTESIAN_POINT('Ctrl Pts',(101.197080096533,96.5852170385141,-268.178579811578));
#14070=CARTESIAN_POINT('Ctrl Pts',(101.742717991927,96.3469001371624,-267.958020855728));
#14071=CARTESIAN_POINT('Ctrl Pts',(102.273800110567,96.1159564706108,-267.700451139831));
#14072=CARTESIAN_POINT('Ctrl Pts',(102.991989812255,95.8036481529968,-267.352136047057));
#14073=CARTESIAN_POINT('Ctrl Pts',(103.683560465094,95.5048236489934,-266.936137718116));
#14074=CARTESIAN_POINT('Ctrl Pts',(104.338975317515,95.224320090727,-266.45969649144));
#14075=CARTESIAN_POINT('Ctrl Pts',(105.074052831374,94.9097226148262,-265.925346024537));
#14076=CARTESIAN_POINT('Ctrl Pts',(105.763653399531,94.6181749670943,-265.314967044724));
#14077=CARTESIAN_POINT('Ctrl Pts',(106.394290358561,94.3564153655591,-264.638764133442));
#14078=CARTESIAN_POINT('Ctrl Pts',(106.577551141217,94.2803489873391,-264.44226205252));
#14079=CARTESIAN_POINT('Ctrl Pts',(106.755832553889,94.2067977674724,-264.240201318094));
#14080=CARTESIAN_POINT('Ctrl Pts',(106.928803397493,94.1359263639071,-264.032832169921));
#14081=CARTESIAN_POINT('Ctrl Pts',(107.518844066725,93.8941687964587,-263.325451501497));
#14082=CARTESIAN_POINT('Ctrl Pts',(108.047089530949,93.6835953922048,-262.556301148925));
#14083=CARTESIAN_POINT('Ctrl Pts',(108.506998382894,93.5073747016714,-261.74089978751));
#14084=CARTESIAN_POINT('Ctrl Pts',(108.888985023287,93.3610110270871,-261.063651621268));
#14085=CARTESIAN_POINT('Ctrl Pts',(109.223827071525,93.2383406843169,-260.354496387696));
#14086=CARTESIAN_POINT('Ctrl Pts',(109.507869805903,93.1413716631606,-259.622330936682));
#14087=CARTESIAN_POINT('Ctrl Pts',(109.6174324274,93.1039682063002,-259.339915805177));
#14088=CARTESIAN_POINT('Ctrl Pts',(109.719437204078,93.0703892442351,-259.054077133492));
#14089=CARTESIAN_POINT('Ctrl Pts',(109.813675382334,93.040751653174,-258.765325587946));
#14090=CARTESIAN_POINT('Ctrl Pts',(109.953232625251,92.9968613682411,-258.337713654753));
#14091=CARTESIAN_POINT('Ctrl Pts',(110.075760469133,92.9616190972169,-257.903714745137));
#14092=CARTESIAN_POINT('Ctrl Pts',(110.180240432595,92.9347151878018,-257.464945515225));
#14093=CARTESIAN_POINT('Ctrl Pts',(110.30094986019,92.9036321418478,-256.958019777178));
#14094=CARTESIAN_POINT('Ctrl Pts',(110.397567157996,92.8836730891741,-256.444726768713));
#14095=CARTESIAN_POINT('Ctrl Pts',(110.46848384248,92.8743382402547,-255.92753954028));
#14096=CARTESIAN_POINT('Ctrl Pts',(110.48512048338,92.8721483390988,-255.806210430493));
#14097=CARTESIAN_POINT('Ctrl Pts',(110.500342645084,92.8705433146049,-255.684666925117));
#14098=CARTESIAN_POINT('Ctrl Pts',(110.514129532829,92.8695172488355,-255.562940819148));
#14099=CARTESIAN_POINT('Ctrl Pts',(110.514129532829,92.8695172488355,-255.562940819148));
#14100=CARTESIAN_POINT('Ctrl Pts',(110.49243115868,92.8269295907753,-255.563167461184));
#14101=CARTESIAN_POINT('Ctrl Pts',(110.439649077932,92.722853839749,-255.562465720384));
#14102=CARTESIAN_POINT('Ctrl Pts',(110.334376411185,92.5151662171545,-255.561157706585));
#14103=CARTESIAN_POINT('Ctrl Pts',(110.147093763472,92.1454464266655,-255.55854725721));
#14104=CARTESIAN_POINT('Ctrl Pts',(109.77243918529,91.4056125194277,-255.553420004426));
#14105=CARTESIAN_POINT('Ctrl Pts',(109.021481083229,89.9223411560924,-255.543106089435));
#14106=CARTESIAN_POINT('Ctrl Pts',(106.661279319412,85.259900012114,-255.511043714421));
#14107=CARTESIAN_POINT('Ctrl Pts',(102.798069426641,77.6279289846168,-255.458934670393));
#14108=CARTESIAN_POINT('Ctrl Pts',(98.5057947824303,69.1494526029309,-255.401070376718));
#14109=CARTESIAN_POINT('Ctrl Pts',(95.500441303989,63.2139247095779,-255.360320049572));
#14110=CARTESIAN_POINT('Ctrl Pts',(93.9975744627511,60.2462607559831,-255.339771369407));
#14111=CARTESIAN_POINT('Ctrl Pts',(93.2454567570024,58.7613351743861,-255.329295524384));
#14112=CARTESIAN_POINT('Ctrl Pts',(92.8691488329221,58.0185450931076,-255.323950399316));
#14113=CARTESIAN_POINT('Ctrl Pts',(92.6799538191012,57.6451881859106,-255.321079686193));
#14114=CARTESIAN_POINT('Ctrl Pts',(92.5851250561507,57.4581134163392,-255.319582690002));
#14115=CARTESIAN_POINT('Ctrl Pts',(92.5291977912658,57.347799253498,-255.318455799027));
#14116=CARTESIAN_POINT('Ctrl Pts',(92.5015059850766,57.2932059338966,-255.317921433557));
#14117=CARTESIAN_POINT('Ctrl Pts',(92.4836674729062,57.2579957281496,-255.317065095294));
#14118=CARTESIAN_POINT('Ctrl Pts',(79.1675457629166,64.0363614706795,-269.));
#14119=CARTESIAN_POINT('Ctrl Pts',(79.1810179971701,64.0628277190111,-269.));
#14120=CARTESIAN_POINT('Ctrl Pts',(79.2079299680036,64.1157767491577,-269.));
#14121=CARTESIAN_POINT('Ctrl Pts',(79.2617300169218,64.2216869396722,-269.));
#14122=CARTESIAN_POINT('Ctrl Pts',(79.3558397207884,64.4070502798793,-269.));
#14123=CARTESIAN_POINT('Ctrl Pts',(79.5439990933762,64.7778074474017,-269.));
#14124=CARTESIAN_POINT('Ctrl Pts',(79.920218216496,65.5193723300976,-269.));
#14125=CARTESIAN_POINT('Ctrl Pts',(80.6725097787214,67.0025764989694,-269.));
#14126=CARTESIAN_POINT('Ctrl Pts',(82.1768730529463,69.9690963363982,-269.));
#14127=CARTESIAN_POINT('Ctrl Pts',(85.1852513625603,75.9023126092781,-269.));
#14128=CARTESIAN_POINT('Ctrl Pts',(89.4825666683155,84.3785224369579,-269.));
#14129=CARTESIAN_POINT('Ctrl Pts',(93.3499560081376,92.0072098403313,-269.));
#14130=CARTESIAN_POINT('Ctrl Pts',(95.713571097206,96.6690787784108,-269.));
#14131=CARTESIAN_POINT('Ctrl Pts',(96.3934111433795,98.009736794813,-269.));
#14132=CARTESIAN_POINT('Ctrl Pts',(96.6434834458347,98.5027921865018,-269.));
#14133=CARTESIAN_POINT('Ctrl Pts',(96.678622471943,98.5720713207679,-269.));
#14134=CARTESIAN_POINT('Origin',(-96.6786249481448,-48.9885658793572,-254.));
#14135=CARTESIAN_POINT('',(-111.573603760263,-97.3909938737353,-255.771893390289));
#14136=CARTESIAN_POINT('Ctrl Pts',(-111.573603760263,-97.3909938737353,
-255.771893390289));
#14137=CARTESIAN_POINT('Ctrl Pts',(-111.533690031943,-97.4093118833768,
-256.107418168976));
#14138=CARTESIAN_POINT('Ctrl Pts',(-111.482434941789,-97.4276298930182,
-256.441593671127));
#14139=CARTESIAN_POINT('Ctrl Pts',(-111.41995544554,-97.4459479026597,-256.773657362864));
#14140=CARTESIAN_POINT('Ctrl Pts',(-111.357476241772,-97.4642658265502,
-257.105719500132));
#14141=CARTESIAN_POINT('Ctrl Pts',(-111.283772780461,-97.4825837504406,
-257.435669615971));
#14142=CARTESIAN_POINT('Ctrl Pts',(-111.199013239286,-97.5009016743311,
-257.762754825191));
#14143=CARTESIAN_POINT('Ctrl Pts',(-111.114254075985,-97.5192195165567,
-258.0898385762));
#14144=CARTESIAN_POINT('Ctrl Pts',(-111.018438990348,-97.5375373587823,
-258.414057218815));
#14145=CARTESIAN_POINT('Ctrl Pts',(-110.911786612745,-97.5558552010079,
-258.734670952597));
#14146=CARTESIAN_POINT('Ctrl Pts',(-110.805134686831,-97.5741729656546,
-259.055283328529));
#14147=CARTESIAN_POINT('Ctrl Pts',(-110.687645634906,-97.5924907303012,
-259.372290603347));
#14148=CARTESIAN_POINT('Ctrl Pts',(-110.559587540616,-97.6108084949478,
-259.684969437598));
#14149=CARTESIAN_POINT('Ctrl Pts',(-110.431529960112,-97.6291261861012,
-259.99764701734));
#14150=CARTESIAN_POINT('Ctrl Pts',(-110.292903511084,-97.6474438772546,
-260.305995973952));
#14151=CARTESIAN_POINT('Ctrl Pts',(-110.144024505438,-97.6657615684079,
-260.609312729962));
#14152=CARTESIAN_POINT('Ctrl Pts',(-109.990563676432,-97.6846429953606,
-260.92196420575));
#14153=CARTESIAN_POINT('Ctrl Pts',(-109.826209381956,-97.7035244223133,
-261.229268616337));
#14154=CARTESIAN_POINT('Ctrl Pts',(-109.651360059395,-97.722405849266,-261.530480976229));
#14155=CARTESIAN_POINT('Ctrl Pts',(-109.48171884935,-97.7407248685719,-261.822721337609));
#14156=CARTESIAN_POINT('Ctrl Pts',(-109.302198873309,-97.7590438878778,
-262.109227085541));
#14157=CARTESIAN_POINT('Ctrl Pts',(-109.113209811644,-97.7773629071838,
-262.389344388714));
#14158=CARTESIAN_POINT('Ctrl Pts',(-108.924223272412,-97.7956816819861,
-262.669457953166));
#14159=CARTESIAN_POINT('Ctrl Pts',(-108.725768031795,-97.8140004567885,
-262.943183048729));
#14160=CARTESIAN_POINT('Ctrl Pts',(-108.518296970022,-97.8323192315909,
-263.209895027327));
#14161=CARTESIAN_POINT('Ctrl Pts',(-108.310828492196,-97.8506377782421,
-263.476603684163));
#14162=CARTESIAN_POINT('Ctrl Pts',(-108.094344562091,-97.8689563248934,
-263.736299213391));
#14163=CARTESIAN_POINT('Ctrl Pts',(-107.869339189597,-97.8872748715447,
-263.988388997539));
#14164=CARTESIAN_POINT('Ctrl Pts',(-107.644336418636,-97.9055932063953,
-264.240475867001));
#14165=CARTESIAN_POINT('Ctrl Pts',(-107.41081255881,-97.9239115412459,-264.484956992099));
#14166=CARTESIAN_POINT('Ctrl Pts',(-107.169300492308,-97.9422298760965,
-264.72127448707));
#14167=CARTESIAN_POINT('Ctrl Pts',(-106.927791002682,-97.9605480154948,
-264.957589460589));
#14168=CARTESIAN_POINT('Ctrl Pts',(-106.678293644775,-97.978866154893,-265.185740813998));
#14169=CARTESIAN_POINT('Ctrl Pts',(-106.421377738837,-97.9971842942913,
-265.405207935828));
#14170=CARTESIAN_POINT('Ctrl Pts',(-106.164464344897,-98.0155022545837,
-265.624672911816));
#14171=CARTESIAN_POINT('Ctrl Pts',(-105.900132726616,-98.0338202148762,
-265.835453673572));
#14172=CARTESIAN_POINT('Ctrl Pts',(-105.628986042298,-98.0521381751687,
-266.037069256438));
#14173=CARTESIAN_POINT('Ctrl Pts',(-105.357841767205,-98.0704559727002,
-266.238683047884));
#14174=CARTESIAN_POINT('Ctrl Pts',(-105.079882735677,-98.0887737702317,
-266.431131683248));
#14175=CARTESIAN_POINT('Ctrl Pts',(-104.795743190116,-98.1070915677631,
-266.61397603636));
#14176=CARTESIAN_POINT('Ctrl Pts',(-104.511605915736,-98.125409218877,-266.796818927963));
#14177=CARTESIAN_POINT('Ctrl Pts',(-104.221288423636,-98.1437268699908,
-266.970057563835));
#14178=CARTESIAN_POINT('Ctrl Pts',(-103.925453144971,-98.1620445211047,
-267.133296657187));
#14179=CARTESIAN_POINT('Ctrl Pts',(-103.629597930199,-98.1803634066306,
-267.296546751093));
#14180=CARTESIAN_POINT('Ctrl Pts',(-103.328224390525,-98.1986822921564,
-267.449795840724));
#14181=CARTESIAN_POINT('Ctrl Pts',(-103.022020276828,-98.2170011776823,
-267.592694203286));
#14182=CARTESIAN_POINT('Ctrl Pts',(-102.715823769143,-98.235319608173,-267.735589016298));
#14183=CARTESIAN_POINT('Ctrl Pts',(-102.404797140349,-98.2536380386636,
-267.868133517317));
#14184=CARTESIAN_POINT('Ctrl Pts',(-102.089650134968,-98.2719564691542,
-267.990025247567));
#14185=CARTESIAN_POINT('Ctrl Pts',(-101.774509832829,-98.290274510008,-268.111914385155));
#14186=CARTESIAN_POINT('Ctrl Pts',(-101.455249548493,-98.3085925508619,
-268.223151120594));
#14187=CARTESIAN_POINT('Ctrl Pts',(-101.132597784228,-98.3269105917157,
-268.32348162897));
#14188=CARTESIAN_POINT('Ctrl Pts',(-100.809951731322,-98.3452283083162,
-268.423810361364));
#14189=CARTESIAN_POINT('Ctrl Pts',(-100.483914542842,-98.3635460249167,
-268.513233183219));
#14190=CARTESIAN_POINT('Ctrl Pts',(-100.155230158578,-98.3818637415172,
-268.591546052793));
#14191=CARTESIAN_POINT('Ctrl Pts',(-99.8265293450669,-98.4001823737265,
-268.669862836826));
#14192=CARTESIAN_POINT('Ctrl Pts',(-99.4951812994981,-98.4185010059357,
-268.737068503034));
#14193=CARTESIAN_POINT('Ctrl Pts',(-99.161942155315,-98.436819638145,-268.793009688653));
#14194=CARTESIAN_POINT('Ctrl Pts',(-98.828717094912,-98.4551374961487,-268.848948510013));
#14195=CARTESIAN_POINT('Ctrl Pts',(-98.4936013274109,-98.4734553541525,
-268.893623764394));
#14196=CARTESIAN_POINT('Ctrl Pts',(-98.1573595195701,-98.4917732121562,
-268.926933511853));
#14197=CARTESIAN_POINT('Ctrl Pts',(-97.821111754559,-98.510091394696,-268.960243849458));
#14198=CARTESIAN_POINT('Ctrl Pts',(-97.483738143,-98.5284095772359,-268.982188254108));
#14199=CARTESIAN_POINT('Ctrl Pts',(-97.1460085308566,-98.5467277597757,
-268.992716651315));
#14200=CARTESIAN_POINT('Ctrl Pts',(-96.9902644420054,-98.5551751938961,
-268.997571824125));
#14201=CARTESIAN_POINT('Ctrl Pts',(-96.8344446962998,-98.5636226280164,
-269.));
#14202=CARTESIAN_POINT('Ctrl Pts',(-96.6786249481448,-98.5720700621368,
-269.));
#14203=CARTESIAN_POINT('',(-96.6786249481448,-123.95891479141,-269.));
#14204=CARTESIAN_POINT('',(-96.6786249481448,-48.9885658793572,-269.));
#14205=CARTESIAN_POINT('',(-111.573603760263,-123.95891479141,-255.771893390289));
#14206=CARTESIAN_POINT('Origin',(-96.6786249481448,-123.95891479141,-254.));
#14207=CARTESIAN_POINT('',(-111.573603760263,-48.9885658793572,-255.771893390289));
#14208=CARTESIAN_POINT('Ctrl Pts',(-96.6786249481448,-123.95891479141,-269.));
#14209=CARTESIAN_POINT('Ctrl Pts',(-96.6786249481448,-124.046720400882,
-269.));
#14210=CARTESIAN_POINT('Ctrl Pts',(-96.6342576631011,-124.221183164874,
-269.));
#14211=CARTESIAN_POINT('Ctrl Pts',(-96.4810885093008,-124.414425308382,
-269.));
#14212=CARTESIAN_POINT('Ctrl Pts',(-96.3282672183766,-124.505600938417,
-269.));
#14213=CARTESIAN_POINT('Ctrl Pts',(-96.2026908369244,-124.546145936183,
-269.));
#14214=CARTESIAN_POINT('Ctrl Pts',(-96.136936569329,-124.555052193192,-269.));
#14215=CARTESIAN_POINT('Ctrl Pts',(-96.0930337645934,-124.555052193192,
-269.));
#14216=CARTESIAN_POINT('Ctrl Pts',(-98.7534730094344,-123.95891479141,-269.));
#14217=CARTESIAN_POINT('Ctrl Pts',(-98.7361773831745,-124.397540275229,
-268.999956535822));
#14218=CARTESIAN_POINT('Ctrl Pts',(-98.5068615627148,-125.164786727276,
-268.999894411578));
#14219=CARTESIAN_POINT('Ctrl Pts',(-97.8695308552455,-125.961524199936,
-268.999880677862));
#14220=CARTESIAN_POINT('Ctrl Pts',(-97.2219398685009,-126.368867488225,
-268.999903853343));
#14221=CARTESIAN_POINT('Ctrl Pts',(-96.6476695143632,-126.574259477637,
-268.999948100278));
#14222=CARTESIAN_POINT('Ctrl Pts',(-96.325007681194,-126.632588409013,-268.999973625476));
#14223=CARTESIAN_POINT('Ctrl Pts',(-96.0930337645934,-126.643005599753,
-269.));
#14224=CARTESIAN_POINT('Ctrl Pts',(-102.896433070675,-123.95891479141,-268.123564733296));
#14225=CARTESIAN_POINT('Ctrl Pts',(-102.844773975533,-125.09811728667,-268.138297556495));
#14226=CARTESIAN_POINT('Ctrl Pts',(-102.24646850428,-127.049109927971,-268.155558884264));
#14227=CARTESIAN_POINT('Ctrl Pts',(-100.642276851887,-129.051081098941,
-268.158137237694));
#14228=CARTESIAN_POINT('Ctrl Pts',(-99.0066039602037,-130.089626047672,
-268.147226230216));
#14229=CARTESIAN_POINT('Ctrl Pts',(-97.5362174178823,-130.624047772704,
-268.131950678394));
#14230=CARTESIAN_POINT('Ctrl Pts',(-96.7005680420836,-130.780868801177,
-268.121235184124));
#14231=CARTESIAN_POINT('Ctrl Pts',(-96.0930337645934,-130.811980566122,
-268.112303128086));
#14232=CARTESIAN_POINT('Ctrl Pts',(-108.933901166393,-123.958914791409,
-263.801787809635));
#14233=CARTESIAN_POINT('Ctrl Pts',(-108.852126553758,-126.117838171353,
-263.885231150593));
#14234=CARTESIAN_POINT('Ctrl Pts',(-107.734554932196,-129.812140886234,
-263.983359153976));
#14235=CARTESIAN_POINT('Ctrl Pts',(-104.71174913478,-133.587890127966,-263.998059380202));
#14236=CARTESIAN_POINT('Ctrl Pts',(-101.617908578411,-135.540722144225,
-263.936098691089));
#14237=CARTESIAN_POINT('Ctrl Pts',(-98.8321300708162,-136.53627437471,-263.849440419008));
#14238=CARTESIAN_POINT('Ctrl Pts',(-97.2458394947065,-136.823248772091,
-263.788759471691));
#14239=CARTESIAN_POINT('Ctrl Pts',(-96.0930337645934,-136.872273762845,
-263.738231447753));
#14240=CARTESIAN_POINT('Ctrl Pts',(-111.205962803698,-123.958914791409,
-258.862375181416));
#14241=CARTESIAN_POINT('Ctrl Pts',(-111.149876184951,-126.503549199592,
-259.012127405794));
#14242=CARTESIAN_POINT('Ctrl Pts',(-109.878699115041,-130.885417490279,
-259.18920535368));
#14243=CARTESIAN_POINT('Ctrl Pts',(-106.302786575043,-135.36385174901,-259.215789268299));
#14244=CARTESIAN_POINT('Ctrl Pts',(-102.626531148426,-137.647469581699,
-259.103900707742));
#14245=CARTESIAN_POINT('Ctrl Pts',(-99.3230227280348,-138.783754421653,
-258.947908683329));
#14246=CARTESIAN_POINT('Ctrl Pts',(-97.4495331423956,-139.091143310178,
-258.838926146815));
#14247=CARTESIAN_POINT('Ctrl Pts',(-96.0930337645934,-139.124241351501,
-258.748443269361));
#14248=CARTESIAN_POINT('Ctrl Pts',(-111.573603760263,-123.958914791409,
-255.771893390289));
#14249=CARTESIAN_POINT('Ctrl Pts',(-111.552200681791,-126.563811608685,
-255.951813018695));
#14250=CARTESIAN_POINT('Ctrl Pts',(-110.284374766209,-131.085179337546,
-256.165728995455));
#14251=CARTESIAN_POINT('Ctrl Pts',(-106.604224591784,-135.704069333352,
-256.197913182377));
#14252=CARTESIAN_POINT('Ctrl Pts',(-102.805512959977,-138.032656122917,
-256.062661644879));
#14253=CARTESIAN_POINT('Ctrl Pts',(-99.4039582752057,-139.163328289376,
-255.874684094574));
#14254=CARTESIAN_POINT('Ctrl Pts',(-97.4792470175189,-139.453762904365,
-255.743653516133));
#14255=CARTESIAN_POINT('Ctrl Pts',(-96.0930337645934,-139.465658911614,
-255.635178060199));
#14256=CARTESIAN_POINT('',(-96.0930337645934,-124.555052193192,-269.));
#14257=CARTESIAN_POINT('',(-96.0930337645934,-139.465658911614,-255.635178060199));
#14258=CARTESIAN_POINT('Origin',(-96.0930337645934,-124.555052193192,-254.));
#14259=CARTESIAN_POINT('Ctrl Pts',(-96.0930337645934,-139.465658911614,
-255.635178060199));
#14260=CARTESIAN_POINT('Ctrl Pts',(-97.4792470175189,-139.453762904365,
-255.743653516133));
#14261=CARTESIAN_POINT('Ctrl Pts',(-99.4039582752057,-139.163328289376,
-255.874684094574));
#14262=CARTESIAN_POINT('Ctrl Pts',(-102.805512959977,-138.032656122917,
-256.062661644879));
#14263=CARTESIAN_POINT('Ctrl Pts',(-106.604224591784,-135.704069333352,
-256.197913182377));
#14264=CARTESIAN_POINT('Ctrl Pts',(-110.284374766209,-131.085179337546,
-256.165728995455));
#14265=CARTESIAN_POINT('Ctrl Pts',(-111.552200681791,-126.563811608685,
-255.951813018695));
#14266=CARTESIAN_POINT('Ctrl Pts',(-111.573603760263,-123.958914791409,
-255.771893390289));
#14267=CARTESIAN_POINT('Ctrl Pts',(-96.6786249481448,-123.95891479141,-269.));
#14268=CARTESIAN_POINT('Ctrl Pts',(-96.6786249481448,-124.046720400882,
-269.));
#14269=CARTESIAN_POINT('Ctrl Pts',(-96.6342576631011,-124.221183164874,
-269.));
#14270=CARTESIAN_POINT('Ctrl Pts',(-96.4810885093008,-124.414425308382,
-269.));
#14271=CARTESIAN_POINT('Ctrl Pts',(-96.3282672183766,-124.505600938417,
-269.));
#14272=CARTESIAN_POINT('Ctrl Pts',(-96.2026908369244,-124.546145936183,
-269.));
#14273=CARTESIAN_POINT('Ctrl Pts',(-96.136936569329,-124.555052193192,-269.));
#14274=CARTESIAN_POINT('Ctrl Pts',(-96.0930337645934,-124.555052193192,
-269.));
#14275=CARTESIAN_POINT('Ctrl Pts',(96.0930337645934,-124.555052193192,-269.));
#14276=CARTESIAN_POINT('Ctrl Pts',(96.136936569329,-124.555052193192,-269.));
#14277=CARTESIAN_POINT('Ctrl Pts',(96.2246380485882,-124.543170089608,-269.));
#14278=CARTESIAN_POINT('Ctrl Pts',(96.3481553268214,-124.495067096915,-269.));
#14279=CARTESIAN_POINT('Ctrl Pts',(96.4949857820933,-124.396872163741,-269.));
#14280=CARTESIAN_POINT('Ctrl Pts',(96.6342814054183,-124.221174247315,-269.));
#14281=CARTESIAN_POINT('Ctrl Pts',(96.6786249481448,-124.046720400881,-269.));
#14282=CARTESIAN_POINT('Ctrl Pts',(96.6786249481448,-123.95891479141,-269.));
#14283=CARTESIAN_POINT('Ctrl Pts',(96.0930337645934,-126.643005599753,-269.));
#14284=CARTESIAN_POINT('Ctrl Pts',(96.3250076811941,-126.632588409013,-268.999973625476));
#14285=CARTESIAN_POINT('Ctrl Pts',(96.7550596127415,-126.554393953824,-268.999938073711));
#14286=CARTESIAN_POINT('Ctrl Pts',(97.3060250857545,-126.320520630827,-268.999900321391));
#14287=CARTESIAN_POINT('Ctrl Pts',(97.9275436064852,-125.889377019405,-268.999880759464));
#14288=CARTESIAN_POINT('Ctrl Pts',(98.5067946126135,-125.164532944145,-268.999894253346));
#14289=CARTESIAN_POINT('Ctrl Pts',(98.7361773831745,-124.397540275228,-268.999956535822));
#14290=CARTESIAN_POINT('Ctrl Pts',(98.7534730094344,-123.95891479141,-269.));
#14291=CARTESIAN_POINT('Ctrl Pts',(96.0930337645934,-130.811980566122,-268.112303128086));
#14292=CARTESIAN_POINT('Ctrl Pts',(96.700568042084,-130.780868801177,-268.121235184124));
#14293=CARTESIAN_POINT('Ctrl Pts',(97.8142382728469,-130.570501586703,-268.13549423535));
#14294=CARTESIAN_POINT('Ctrl Pts',(99.2188976362466,-129.965791799854,-268.148789300838));
#14295=CARTESIAN_POINT('Ctrl Pts',(100.78840162154,-128.869889274245,-268.157917234375));
#14296=CARTESIAN_POINT('Ctrl Pts',(102.246223776899,-127.048364243542,-268.155544482677));
#14297=CARTESIAN_POINT('Ctrl Pts',(102.844773975533,-125.098117286669,-268.138297556496));
#14298=CARTESIAN_POINT('Ctrl Pts',(102.896433070675,-123.95891479141,-268.123564733296));
#14299=CARTESIAN_POINT('Ctrl Pts',(96.0930337645934,-136.872273762845,-263.738231447753));
#14300=CARTESIAN_POINT('Ctrl Pts',(97.2458394947073,-136.823248772091,-263.788759471691));
#14301=CARTESIAN_POINT('Ctrl Pts',(99.3595972127337,-136.438434289859,-263.869519190487));
#14302=CARTESIAN_POINT('Ctrl Pts',(102.01960603063,-135.307935952312,-263.944980511476));
#14303=CARTESIAN_POINT('Ctrl Pts',(104.986851668295,-133.246452580899,-263.996808977725));
#14304=CARTESIAN_POINT('Ctrl Pts',(107.734067350731,-129.810729180853,-263.983280657382));
#14305=CARTESIAN_POINT('Ctrl Pts',(108.852126553758,-126.11783817135,-263.885231150593));
#14306=CARTESIAN_POINT('Ctrl Pts',(108.933901166393,-123.95891479141,-263.801787809635));
#14307=CARTESIAN_POINT('Ctrl Pts',(96.0930337645934,-139.124241351501,-258.748443269361));
#14308=CARTESIAN_POINT('Ctrl Pts',(97.4495331423965,-139.091143310178,-258.838926146815));
#14309=CARTESIAN_POINT('Ctrl Pts',(99.9465818577429,-138.67826847885,-258.983979616572));
#14310=CARTESIAN_POINT('Ctrl Pts',(103.104324077709,-137.37599383673,-259.119953556026));
#14311=CARTESIAN_POINT('Ctrl Pts',(106.628442967937,-134.958523888256,-259.213520880982));
#14312=CARTESIAN_POINT('Ctrl Pts',(109.878303679587,-130.88368883021,-259.189070761615));
#14313=CARTESIAN_POINT('Ctrl Pts',(111.14987618495,-126.503549199588,-259.012127405793));
#14314=CARTESIAN_POINT('Ctrl Pts',(111.205962803698,-123.95891479141,-258.862375181416));
#14315=CARTESIAN_POINT('Ctrl Pts',(96.0930337645934,-139.465658911614,-255.635178060199));
#14316=CARTESIAN_POINT('Ctrl Pts',(97.4792470175199,-139.453762904365,-255.743653516133));
#14317=CARTESIAN_POINT('Ctrl Pts',(100.044216204411,-139.063941050868,-255.91806458798));
#14318=CARTESIAN_POINT('Ctrl Pts',(103.299579620572,-137.756558495656,-256.082083134049));
#14319=CARTESIAN_POINT('Ctrl Pts',(106.938886797673,-135.286398817794,-256.195158918725));
#14320=CARTESIAN_POINT('Ctrl Pts',(110.284007344458,-131.083491571268,-256.165574819562));
#14321=CARTESIAN_POINT('Ctrl Pts',(111.552200681791,-126.563811608681,-255.951813018694));
#14322=CARTESIAN_POINT('Ctrl Pts',(111.573603760263,-123.95891479141,-255.771893390289));
#14323=CARTESIAN_POINT('',(96.6786249481448,-123.95891479141,-269.));
#14324=CARTESIAN_POINT('',(111.573603760263,-123.95891479141,-255.771893390289));
#14325=CARTESIAN_POINT('Origin',(96.6786249481448,-123.95891479141,-254.));
#14326=CARTESIAN_POINT('',(96.0930337645934,-139.465658911614,-255.635178060199));
#14327=CARTESIAN_POINT('Ctrl Pts',(111.573603760263,-123.95891479141,-255.771893390289));
#14328=CARTESIAN_POINT('Ctrl Pts',(111.552200681791,-126.563811608681,-255.951813018694));
#14329=CARTESIAN_POINT('Ctrl Pts',(110.284007344458,-131.083491571268,-256.165574819562));
#14330=CARTESIAN_POINT('Ctrl Pts',(106.938886797673,-135.286398817794,-256.195158918725));
#14331=CARTESIAN_POINT('Ctrl Pts',(103.299579620572,-137.756558495656,-256.082083134049));
#14332=CARTESIAN_POINT('Ctrl Pts',(100.044216204411,-139.063941050868,-255.91806458798));
#14333=CARTESIAN_POINT('Ctrl Pts',(97.4792470175199,-139.453762904365,-255.743653516133));
#14334=CARTESIAN_POINT('Ctrl Pts',(96.0930337645934,-139.465658911614,-255.635178060199));
#14335=CARTESIAN_POINT('',(96.0930337645934,-124.555052193192,-269.));
#14336=CARTESIAN_POINT('Origin',(96.0930337645934,-124.555052193192,-254.));
#14337=CARTESIAN_POINT('Ctrl Pts',(96.0930337645934,-124.555052193192,-269.));
#14338=CARTESIAN_POINT('Ctrl Pts',(96.136936569329,-124.555052193192,-269.));
#14339=CARTESIAN_POINT('Ctrl Pts',(96.2246380485882,-124.543170089608,-269.));
#14340=CARTESIAN_POINT('Ctrl Pts',(96.3481553268214,-124.495067096915,-269.));
#14341=CARTESIAN_POINT('Ctrl Pts',(96.4949857820933,-124.396872163741,-269.));
#14342=CARTESIAN_POINT('Ctrl Pts',(96.6342814054183,-124.221174247315,-269.));
#14343=CARTESIAN_POINT('Ctrl Pts',(96.6786249481448,-124.046720400881,-269.));
#14344=CARTESIAN_POINT('Ctrl Pts',(96.6786249481448,-123.95891479141,-269.));
#14345=CARTESIAN_POINT('Origin',(96.6786249481448,-71.25,-254.));
#14346=CARTESIAN_POINT('',(111.573603760263,-97.3909938737354,-255.771893390289));
#14347=CARTESIAN_POINT('Ctrl Pts',(96.6786249481448,-98.5720700621367,-269.));
#14348=CARTESIAN_POINT('Ctrl Pts',(97.0165154375364,-98.5537520524952,-269.));
#14349=CARTESIAN_POINT('Ctrl Pts',(97.3544058095048,-98.5354340428538,-268.988578658774));
#14350=CARTESIAN_POINT('Ctrl Pts',(97.6915250534463,-98.5171160332124,-268.965762037955));
#14351=CARTESIAN_POINT('Ctrl Pts',(98.0286427192524,-98.4987981093219,-268.942945523946));
#14352=CARTESIAN_POINT('Ctrl Pts',(98.3649890299474,-98.4804801854314,-268.90873385293));
#14353=CARTESIAN_POINT('Ctrl Pts',(98.6997965054039,-98.462162261541,-268.863205089621));
#14354=CARTESIAN_POINT('Ctrl Pts',(99.0346024882233,-98.4438444193154,-268.817676529287));
#14355=CARTESIAN_POINT('Ctrl Pts',(99.3678694168345,-98.4255265770898,-268.760831009247));
#14356=CARTESIAN_POINT('Ctrl Pts',(99.6988368444668,-98.4072087348642,-268.692798239318));
#14357=CARTESIAN_POINT('Ctrl Pts',(100.029802870399,-98.3888909702176,-268.624765757519));
#14358=CARTESIAN_POINT('Ctrl Pts',(100.358469184815,-98.370573205571,-268.545546167908));
#14359=CARTESIAN_POINT('Ctrl Pts',(100.684085844949,-98.3522554409244,-268.45532023181));
#14360=CARTESIAN_POINT('Ctrl Pts',(101.009701198666,-98.333937749771,-268.36509465771));
#14361=CARTESIAN_POINT('Ctrl Pts',(101.332266696282,-98.3156200586176,-268.26386288818));
#14362=CARTESIAN_POINT('Ctrl Pts',(101.651046321627,-98.2973023674642,-268.151855909545));
#14363=CARTESIAN_POINT('Ctrl Pts',(101.979636544029,-98.2784209405116,-268.036401862004));
#14364=CARTESIAN_POINT('Ctrl Pts',(102.304203942203,-98.2595395135589,-267.909498990005));
#14365=CARTESIAN_POINT('Ctrl Pts',(102.623961680702,-98.2406580866062,-267.771454938986));
#14366=CARTESIAN_POINT('Ctrl Pts',(102.934195022676,-98.2223390673002,-267.637522708014));
#14367=CARTESIAN_POINT('Ctrl Pts',(103.23990084294,-98.2040200479943,-267.493103468118));
#14368=CARTESIAN_POINT('Ctrl Pts',(103.540381493931,-98.1857010286884,-267.338526796703));
#14369=CARTESIAN_POINT('Ctrl Pts',(103.840858134413,-98.167382253886,-267.183952188419));
#14370=CARTESIAN_POINT('Ctrl Pts',(104.136109536271,-98.1490634790837,-267.019220527315));
#14371=CARTESIAN_POINT('Ctrl Pts',(104.425461927817,-98.1307447042813,-266.844707735499));
#14372=CARTESIAN_POINT('Ctrl Pts',(104.714810715626,-98.11242615763,-266.670197117151));
#14373=CARTESIAN_POINT('Ctrl Pts',(104.99826043898,-98.0941076109787,-266.485905733128));
#14374=CARTESIAN_POINT('Ctrl Pts',(105.275164274042,-98.0757890643274,-266.292254130887));
#14375=CARTESIAN_POINT('Ctrl Pts',(105.552064907516,-98.0574707294769,-266.098604767663));
#14376=CARTESIAN_POINT('Ctrl Pts',(105.82241961165,-98.0391523946263,-265.895595537355));
#14377=CARTESIAN_POINT('Ctrl Pts',(106.085611459305,-98.0208340597757,-265.683689690284));
#14378=CARTESIAN_POINT('Ctrl Pts',(106.348800498766,-98.0025159203774,-265.471786104198));
#14379=CARTESIAN_POINT('Ctrl Pts',(106.604826651723,-97.9841977809792,-265.250986238556));
#14380=CARTESIAN_POINT('Ctrl Pts',(106.85310570007,-97.9658796415809,-265.021793929697));
#14381=CARTESIAN_POINT('Ctrl Pts',(107.101382320866,-97.9475616812885,-264.792603861769));
#14382=CARTESIAN_POINT('Ctrl Pts',(107.341911816041,-97.929243720996,-264.555021674095));
#14383=CARTESIAN_POINT('Ctrl Pts',(107.574145339556,-97.9109257607036,-264.309589487479));
#14384=CARTESIAN_POINT('Ctrl Pts',(107.806376799601,-97.8926079631721,-264.064159481607));
#14385=CARTESIAN_POINT('Ctrl Pts',(108.030312274061,-97.8742901656406,-263.810879786922));
#14386=CARTESIAN_POINT('Ctrl Pts',(108.24544079061,-97.8559723681091,-263.550328332916));
#14387=CARTESIAN_POINT('Ctrl Pts',(108.460567587595,-97.8376547169952,-263.289778961547));
#14388=CARTESIAN_POINT('Ctrl Pts',(108.666887418001,-97.8193370658814,-263.02195812823));
#14389=CARTESIAN_POINT('Ctrl Pts',(108.863929512113,-97.8010194147675,-262.747476932426));
#14390=CARTESIAN_POINT('Ctrl Pts',(109.060984884736,-97.7827005292417,-262.472977239552));
#14391=CARTESIAN_POINT('Ctrl Pts',(109.248761133135,-97.7643816437158,-262.191816476952));
#14392=CARTESIAN_POINT('Ctrl Pts',(109.426829741654,-97.7460627581899,-261.904636268846));
#14393=CARTESIAN_POINT('Ctrl Pts',(109.604893927005,-97.7277443276993,-261.617463194204));
#14394=CARTESIAN_POINT('Ctrl Pts',(109.773250831146,-97.7094258972086,-261.32427117283));
#14395=CARTESIAN_POINT('Ctrl Pts',(109.931516273496,-97.691107466718,-261.025729251716));
#14396=CARTESIAN_POINT('Ctrl Pts',(110.089778349508,-97.6727894258642,-260.727193680652));
#14397=CARTESIAN_POINT('Ctrl Pts',(110.23794928318,-97.6544713850103,-260.423308645021));
#14398=CARTESIAN_POINT('Ctrl Pts',(110.37569097151,-97.6361533441565,-260.114767563169));
#14399=CARTESIAN_POINT('Ctrl Pts',(110.513430221631,-97.617835627556,-259.806231942898));
#14400=CARTESIAN_POINT('Ctrl Pts',(110.640740500037,-97.5995179109555,-259.493040655739));
#14401=CARTESIAN_POINT('Ctrl Pts',(110.75733131477,-97.581200194355,-259.175908330171));
#14402=CARTESIAN_POINT('Ctrl Pts',(110.87392795728,-97.5628815621457,-258.858760152785));
#14403=CARTESIAN_POINT('Ctrl Pts',(110.979803983017,-97.5445629299364,-258.537670763289));
#14404=CARTESIAN_POINT('Ctrl Pts',(111.074717783782,-97.5262442977272,-258.21337288496));
#14405=CARTESIAN_POINT('Ctrl Pts',(111.169627573179,-97.5079264397234,-257.889088712524));
#14406=CARTESIAN_POINT('Ctrl Pts',(111.253575998568,-97.4896085817197,-257.561596547952));
#14407=CARTESIAN_POINT('Ctrl Pts',(111.326371506534,-97.471290723716,-257.231643662473));
#14408=CARTESIAN_POINT('Ctrl Pts',(111.399168304212,-97.4529725411762,-256.901684931244));
#14409=CARTESIAN_POINT('Ctrl Pts',(111.460811738525,-97.4346543586363,-256.569265621218));
#14410=CARTESIAN_POINT('Ctrl Pts',(111.511161146577,-97.4163361760965,-256.23514427324));
#14411=CARTESIAN_POINT('Ctrl Pts',(111.53437978776,-97.4078887419761,-256.081064136243));
#14412=CARTESIAN_POINT('Ctrl Pts',(111.555197361474,-97.3994413078557,-255.926622180108));
#14413=CARTESIAN_POINT('Ctrl Pts',(111.573603760263,-97.3909938737353,-255.771893390289));
#14414=CARTESIAN_POINT('',(111.573603760263,-71.25,-255.771893390289));
#14415=CARTESIAN_POINT('',(96.6786249481448,-71.25,-269.));
#14416=CARTESIAN_POINT('Origin',(-58.5,-124.555052193192,-254.));
#14417=CARTESIAN_POINT('',(-58.5,-139.465658911614,-255.635178060199));
#14418=CARTESIAN_POINT('',(-58.5,-124.555052193192,-269.));
#14419=CARTESIAN_POINT('Ctrl Pts',(96.6786249481448,-98.5720700621367,-269.));
#14420=CARTESIAN_POINT('Ctrl Pts',(96.6786249481448,-98.5720700621367,-269.));
#14421=CARTESIAN_POINT('Ctrl Pts',(96.6786249481448,-98.5720700621367,-269.));
#14422=CARTESIAN_POINT('Ctrl Pts',(96.6786249481448,-98.5720700621367,-269.));
#14423=CARTESIAN_POINT('Ctrl Pts',(96.6786249481448,-98.5720700621367,-269.));
#14424=CARTESIAN_POINT('Ctrl Pts',(98.7534730094344,-98.4595866156222,-269.));
#14425=CARTESIAN_POINT('Ctrl Pts',(98.7228455889549,-98.3212707005285,-269.000016439629));
#14426=CARTESIAN_POINT('Ctrl Pts',(98.6698655211314,-98.0753450427258,-268.999798446124));
#14427=CARTESIAN_POINT('Ctrl Pts',(98.6194779905278,-97.8297931154315,-268.999824745807));
#14428=CARTESIAN_POINT('Ctrl Pts',(98.5988592216408,-97.7254494809343,-269.));
#14429=CARTESIAN_POINT('Ctrl Pts',(102.902005751503,-98.2346197225935,-268.125968297694));
#14430=CARTESIAN_POINT('Ctrl Pts',(102.85705903395,-97.8241701046573,-268.148267976794));
#14431=CARTESIAN_POINT('Ctrl Pts',(102.736966392278,-97.0563531110795,-268.162498880137));
#14432=CARTESIAN_POINT('Ctrl Pts',(102.534523871961,-96.3247395713181,-268.130354058049));
#14433=CARTESIAN_POINT('Ctrl Pts',(102.437799845605,-96.0328625651069,-268.108216818508));
#14434=CARTESIAN_POINT('Ctrl Pts',(108.070241628806,-97.8971693830502,-264.418732909985));
#14435=CARTESIAN_POINT('Ctrl Pts',(108.060631403156,-97.1597744627192,-264.43612473607));
#14436=CARTESIAN_POINT('Ctrl Pts',(107.917612403508,-95.7630167046329,-264.410224842571));
#14437=CARTESIAN_POINT('Ctrl Pts',(107.464756650263,-94.4787198470149,-264.351524641521));
#14438=CARTESIAN_POINT('Ctrl Pts',(107.226889361247,-93.9852065115234,-264.331668720543));
#14439=CARTESIAN_POINT('Ctrl Pts',(110.764034498926,-97.6159607667642,-259.854936439926));
#14440=CARTESIAN_POINT('Ctrl Pts',(110.763399126636,-96.7302915291896,-259.857204153005));
#14441=CARTESIAN_POINT('Ctrl Pts',(110.601925452696,-95.1098252517383,-259.768270866604));
#14442=CARTESIAN_POINT('Ctrl Pts',(110.037914161678,-93.6142701777542,-259.695896122538));
#14443=CARTESIAN_POINT('Ctrl Pts',(109.738227597914,-93.0257013947863,-259.695420627113));
#14444=CARTESIAN_POINT('Ctrl Pts',(111.451056774741,-97.4472355969926,-256.802053987332));
#14445=CARTESIAN_POINT('Ctrl Pts',(111.450759086482,-96.5538931408978,-256.803962042999));
#14446=CARTESIAN_POINT('Ctrl Pts',(111.264574306375,-94.9590820405069,-256.689065627963));
#14447=CARTESIAN_POINT('Ctrl Pts',(110.699324789918,-93.4745222282812,-256.603175730698));
#14448=CARTESIAN_POINT('Ctrl Pts',(110.39611648389,-92.8783001691345,-256.604892353668));
#14449=CARTESIAN_POINT('Ctrl Pts',(111.573603760263,-97.3909938737354,-255.771893390289));
#14450=CARTESIAN_POINT('Ctrl Pts',(111.573603760263,-96.5055377375694,-255.771893390289));
#14451=CARTESIAN_POINT('Ctrl Pts',(111.377638648337,-94.9305574295452,-255.648293322197));
#14452=CARTESIAN_POINT('Ctrl Pts',(110.815605278571,-93.4612272951865,-255.559791869997));
#14453=CARTESIAN_POINT('Ctrl Pts',(110.514129532829,-92.8695172488355,-255.562940819148));
#14454=CARTESIAN_POINT('Ctrl Pts',(110.514129532829,-92.8695172488355,-255.562940819148));
#14455=CARTESIAN_POINT('Ctrl Pts',(110.815605278571,-93.4612272951865,-255.559791869997));
#14456=CARTESIAN_POINT('Ctrl Pts',(111.377638648337,-94.9305574295452,-255.648293322197));
#14457=CARTESIAN_POINT('Ctrl Pts',(111.573603760263,-96.5055377375694,-255.771893390289));
#14458=CARTESIAN_POINT('Ctrl Pts',(111.573603760263,-97.3909938737354,-255.771893390289));
#14459=CARTESIAN_POINT('Ctrl Pts',(96.6786249481448,98.5720700621367,-269.));
#14460=CARTESIAN_POINT('Ctrl Pts',(96.6786249481448,98.5720700621367,-269.));
#14461=CARTESIAN_POINT('Ctrl Pts',(96.6786249481448,98.5720700621367,-269.));
#14462=CARTESIAN_POINT('Ctrl Pts',(96.6786249481448,98.5720700621367,-269.));
#14463=CARTESIAN_POINT('Ctrl Pts',(96.6786249481448,98.5720700621367,-269.));
#14464=CARTESIAN_POINT('Ctrl Pts',(98.5988592207057,97.7254494790907,-269.));
#14465=CARTESIAN_POINT('Ctrl Pts',(98.626350912734,97.8645743254238,-268.999766327741));
#14466=CARTESIAN_POINT('Ctrl Pts',(98.6775100305919,98.1110797333277,-268.999874109609));
#14467=CARTESIAN_POINT('Ctrl Pts',(98.730502443937,98.3558496790476,-269.000012329721));
#14468=CARTESIAN_POINT('Ctrl Pts',(98.7534730094344,98.4595866156222,-269.));
#14469=CARTESIAN_POINT('Ctrl Pts',(102.437799842599,96.0328625591719,-268.108216818509));
#14470=CARTESIAN_POINT('Ctrl Pts',(102.566765211241,96.4220319012345,-268.137733137904));
#14471=CARTESIAN_POINT('Ctrl Pts',(102.760178387258,97.1713336561893,-268.163268769074));
#14472=CARTESIAN_POINT('Ctrl Pts',(102.868295713127,97.9267825088245,-268.142693057124));
#14473=CARTESIAN_POINT('Ctrl Pts',(102.902005751503,98.2346197225935,-268.125968297693));
#14474=CARTESIAN_POINT('Ctrl Pts',(107.226889353347,93.9852064958372,-264.331668720498));
#14475=CARTESIAN_POINT('Ctrl Pts',(107.544045738548,94.6432242763124,-264.358143281871));
#14476=CARTESIAN_POINT('Ctrl Pts',(107.957668864998,95.9731621632432,-264.42053757793));
#14477=CARTESIAN_POINT('Ctrl Pts',(108.06303395954,97.3441231929564,-264.431776779619));
#14478=CARTESIAN_POINT('Ctrl Pts',(108.070241628806,97.8971693830502,-264.418732909985));
#14479=CARTESIAN_POINT('Ctrl Pts',(109.738227588159,93.0257013755042,-259.695420627012));
#14480=CARTESIAN_POINT('Ctrl Pts',(110.137809672901,93.8104597523092,-259.696054620934));
#14481=CARTESIAN_POINT('Ctrl Pts',(110.649402094479,95.3480027466048,-259.791582820899));
#14482=CARTESIAN_POINT('Ctrl Pts',(110.763557969721,96.9517088389565,-259.856637224707));
#14483=CARTESIAN_POINT('Ctrl Pts',(110.764034498926,97.6159607667642,-259.854936439926));
#14484=CARTESIAN_POINT('Ctrl Pts',(110.396116484375,92.8783001700872,-256.604892353663));
#14485=CARTESIAN_POINT('Ctrl Pts',(110.800394225653,93.673262915435,-256.602603523037));
#14486=CARTESIAN_POINT('Ctrl Pts',(111.313888506641,95.1895773072027,-256.718247693174));
#14487=CARTESIAN_POINT('Ctrl Pts',(111.450833508546,96.7772287550576,-256.803485029076));
#14488=CARTESIAN_POINT('Ctrl Pts',(111.451056774741,97.4472355969926,-256.802053987332));
#14489=CARTESIAN_POINT('Ctrl Pts',(110.514129532829,92.8695172488355,-255.562940819148));
#14490=CARTESIAN_POINT('Ctrl Pts',(110.916097193818,93.6584639773036,-255.55874222028));
#14491=CARTESIAN_POINT('Ctrl Pts',(111.428507951099,95.1579319871562,-255.67919333922));
#14492=CARTESIAN_POINT('Ctrl Pts',(111.573603760263,96.7269017716109,-255.771893390289));
#14493=CARTESIAN_POINT('Ctrl Pts',(111.573603760263,97.3909938737354,-255.771893390289));
#14494=CARTESIAN_POINT('Ctrl Pts',(111.573603760263,97.3909938737354,-255.771893390289));
#14495=CARTESIAN_POINT('Ctrl Pts',(111.573603760263,96.7269017716109,-255.771893390289));
#14496=CARTESIAN_POINT('Ctrl Pts',(111.428507951099,95.1579319871562,-255.67919333922));
#14497=CARTESIAN_POINT('Ctrl Pts',(110.916097193818,93.6584639773036,-255.55874222028));
#14498=CARTESIAN_POINT('Ctrl Pts',(110.514129532829,92.8695172488355,-255.562940819148));
#14499=CARTESIAN_POINT('Ctrl Pts',(-96.6786249481448,98.5720700621367,-269.));
#14500=CARTESIAN_POINT('Ctrl Pts',(-96.6786249481448,98.5720700621367,-269.));
#14501=CARTESIAN_POINT('Ctrl Pts',(-96.6786249481448,98.5720700621367,-269.));
#14502=CARTESIAN_POINT('Ctrl Pts',(-96.6786249481448,98.5720700621367,-269.));
#14503=CARTESIAN_POINT('Ctrl Pts',(-96.6786249481448,98.5720700621367,-269.));
#14504=CARTESIAN_POINT('Ctrl Pts',(-98.7534730094344,98.4595866156223,-269.));
#14505=CARTESIAN_POINT('Ctrl Pts',(-98.7228455889549,98.3212707005285,-269.000016439629));
#14506=CARTESIAN_POINT('Ctrl Pts',(-98.6698655211314,98.0753450427259,-268.999798446124));
#14507=CARTESIAN_POINT('Ctrl Pts',(-98.6194779905278,97.8297931154316,-268.999824745807));
#14508=CARTESIAN_POINT('Ctrl Pts',(-98.5988592216408,97.7254494809343,-269.));
#14509=CARTESIAN_POINT('Ctrl Pts',(-102.902005751503,98.2346197225935,-268.125968297693));
#14510=CARTESIAN_POINT('Ctrl Pts',(-102.857059033949,97.8241701046573,-268.148267976794));
#14511=CARTESIAN_POINT('Ctrl Pts',(-102.736966392278,97.0563531110795,-268.162498880137));
#14512=CARTESIAN_POINT('Ctrl Pts',(-102.534523871961,96.324739571318,-268.130354058049));
#14513=CARTESIAN_POINT('Ctrl Pts',(-102.437799845605,96.0328625651069,-268.108216818508));
#14514=CARTESIAN_POINT('Ctrl Pts',(-108.070241628806,97.8971693830502,-264.418732909985));
#14515=CARTESIAN_POINT('Ctrl Pts',(-108.060631403156,97.1597744627192,-264.436124736069));
#14516=CARTESIAN_POINT('Ctrl Pts',(-107.917612403508,95.7630167046329,-264.410224842571));
#14517=CARTESIAN_POINT('Ctrl Pts',(-107.464756650263,94.4787198470149,-264.351524641521));
#14518=CARTESIAN_POINT('Ctrl Pts',(-107.226889361247,93.9852065115235,-264.331668720543));
#14519=CARTESIAN_POINT('Ctrl Pts',(-110.764034498926,97.6159607667641,-259.854936439926));
#14520=CARTESIAN_POINT('Ctrl Pts',(-110.763399126636,96.7302915291896,-259.857204153005));
#14521=CARTESIAN_POINT('Ctrl Pts',(-110.601925452696,95.1098252517383,-259.768270866604));
#14522=CARTESIAN_POINT('Ctrl Pts',(-110.037914161678,93.6142701777542,-259.695896122538));
#14523=CARTESIAN_POINT('Ctrl Pts',(-109.738227597914,93.0257013947863,-259.695420627113));
#14524=CARTESIAN_POINT('Ctrl Pts',(-111.451056774741,97.4472355969925,-256.802053987332));
#14525=CARTESIAN_POINT('Ctrl Pts',(-111.450759086482,96.5538931408978,-256.803962042999));
#14526=CARTESIAN_POINT('Ctrl Pts',(-111.264574306375,94.9590820405069,-256.689065627963));
#14527=CARTESIAN_POINT('Ctrl Pts',(-110.699324789918,93.4745222282812,-256.603175730698));
#14528=CARTESIAN_POINT('Ctrl Pts',(-110.39611648389,92.8783001691345,-256.604892353668));
#14529=CARTESIAN_POINT('Ctrl Pts',(-111.573603760263,97.3909938737353,-255.771893390289));
#14530=CARTESIAN_POINT('Ctrl Pts',(-111.573603760263,96.5055377375694,-255.771893390289));
#14531=CARTESIAN_POINT('Ctrl Pts',(-111.377638648337,94.9305574295452,-255.648293322197));
#14532=CARTESIAN_POINT('Ctrl Pts',(-110.815605278571,93.4612272951865,-255.559791869997));
#14533=CARTESIAN_POINT('Ctrl Pts',(-110.514129532829,92.8695172488355,-255.562940819148));
#14534=CARTESIAN_POINT('Ctrl Pts',(-110.514129532829,92.8695172488355,-255.562940819148));
#14535=CARTESIAN_POINT('Ctrl Pts',(-110.815605278571,93.4612272951865,-255.559791869997));
#14536=CARTESIAN_POINT('Ctrl Pts',(-111.377638648337,94.9305574295452,-255.648293322197));
#14537=CARTESIAN_POINT('Ctrl Pts',(-111.573603760263,96.5055377375694,-255.771893390289));
#14538=CARTESIAN_POINT('Ctrl Pts',(-111.573603760263,97.3909938737353,-255.771893390289));
#14539=CARTESIAN_POINT('Ctrl Pts',(-96.6786249481448,-98.5720700621368,
-269.));
#14540=CARTESIAN_POINT('Ctrl Pts',(-96.6786249481448,-98.5720700621368,
-269.));
#14541=CARTESIAN_POINT('Ctrl Pts',(-96.6786249481448,-98.5720700621368,
-269.));
#14542=CARTESIAN_POINT('Ctrl Pts',(-96.6786249481448,-98.5720700621368,
-269.));
#14543=CARTESIAN_POINT('Ctrl Pts',(-96.6786249481448,-98.5720700621368,
-269.));
#14544=CARTESIAN_POINT('Ctrl Pts',(-98.5988592207057,-97.7254494790908,
-269.));
#14545=CARTESIAN_POINT('Ctrl Pts',(-98.626350912734,-97.8645743254239,-268.999766327741));
#14546=CARTESIAN_POINT('Ctrl Pts',(-98.6775100305919,-98.1110797333278,
-268.999874109609));
#14547=CARTESIAN_POINT('Ctrl Pts',(-98.730502443937,-98.3558496790477,-269.000012329721));
#14548=CARTESIAN_POINT('Ctrl Pts',(-98.7534730094344,-98.4595866156223,
-269.));
#14549=CARTESIAN_POINT('Ctrl Pts',(-102.437799842599,-96.0328625591719,
-268.108216818509));
#14550=CARTESIAN_POINT('Ctrl Pts',(-102.566765211241,-96.4220319012345,
-268.137733137904));
#14551=CARTESIAN_POINT('Ctrl Pts',(-102.760178387258,-97.1713336561893,
-268.163268769074));
#14552=CARTESIAN_POINT('Ctrl Pts',(-102.868295713127,-97.9267825088246,
-268.142693057124));
#14553=CARTESIAN_POINT('Ctrl Pts',(-102.902005751503,-98.2346197225935,
-268.125968297694));
#14554=CARTESIAN_POINT('Ctrl Pts',(-107.226889353347,-93.985206495837,-264.331668720498));
#14555=CARTESIAN_POINT('Ctrl Pts',(-107.544045738548,-94.6432242763123,
-264.358143281871));
#14556=CARTESIAN_POINT('Ctrl Pts',(-107.957668864998,-95.9731621632431,
-264.42053757793));
#14557=CARTESIAN_POINT('Ctrl Pts',(-108.06303395954,-97.3441231929564,-264.431776779619));
#14558=CARTESIAN_POINT('Ctrl Pts',(-108.070241628806,-97.8971693830502,
-264.418732909985));
#14559=CARTESIAN_POINT('Ctrl Pts',(-109.738227588159,-93.0257013755041,
-259.695420627012));
#14560=CARTESIAN_POINT('Ctrl Pts',(-110.137809672902,-93.8104597523092,
-259.696054620934));
#14561=CARTESIAN_POINT('Ctrl Pts',(-110.64940209448,-95.3480027466046,-259.791582820899));
#14562=CARTESIAN_POINT('Ctrl Pts',(-110.763557969721,-96.9517088389564,
-259.856637224707));
#14563=CARTESIAN_POINT('Ctrl Pts',(-110.764034498926,-97.6159607667642,
-259.854936439926));
#14564=CARTESIAN_POINT('Ctrl Pts',(-110.396116484375,-92.878300170087,-256.604892353663));
#14565=CARTESIAN_POINT('Ctrl Pts',(-110.800394225653,-93.6732629154349,
-256.602603523037));
#14566=CARTESIAN_POINT('Ctrl Pts',(-111.313888506642,-95.1895773072025,
-256.718247693174));
#14567=CARTESIAN_POINT('Ctrl Pts',(-111.450833508546,-96.7772287550576,
-256.803485029076));
#14568=CARTESIAN_POINT('Ctrl Pts',(-111.451056774741,-97.4472355969925,
-256.802053987332));
#14569=CARTESIAN_POINT('Ctrl Pts',(-110.514129532829,-92.8695172488354,
-255.562940819148));
#14570=CARTESIAN_POINT('Ctrl Pts',(-110.916097193818,-93.6584639773035,
-255.55874222028));
#14571=CARTESIAN_POINT('Ctrl Pts',(-111.428507951099,-95.1579319871561,
-255.67919333922));
#14572=CARTESIAN_POINT('Ctrl Pts',(-111.573603760263,-96.7269017716109,
-255.771893390289));
#14573=CARTESIAN_POINT('Ctrl Pts',(-111.573603760263,-97.3909938737353,
-255.771893390289));
#14574=CARTESIAN_POINT('Ctrl Pts',(-111.573603760263,-97.3909938737353,
-255.771893390289));
#14575=CARTESIAN_POINT('Ctrl Pts',(-111.573603760263,-96.7269017716109,
-255.771893390289));
#14576=CARTESIAN_POINT('Ctrl Pts',(-111.428507951099,-95.1579319871561,
-255.67919333922));
#14577=CARTESIAN_POINT('Ctrl Pts',(-110.916097193818,-93.6584639773035,
-255.55874222028));
#14578=CARTESIAN_POINT('Ctrl Pts',(-110.514129532829,-92.8695172488354,
-255.562940819148));
#14579=CARTESIAN_POINT('Origin',(-142.,142.5,0.));
#14580=CARTESIAN_POINT('',(-142.,97.9771317587143,0.));
#14581=CARTESIAN_POINT('',(-142.,142.5,0.));
#14582=CARTESIAN_POINT('Ctrl Pts',(-142.,97.9771317587143,0.));
#14583=CARTESIAN_POINT('Ctrl Pts',(-131.857867920088,97.7817524637213,-85.257297796763));
#14584=CARTESIAN_POINT('Ctrl Pts',(-121.715735840175,97.5863731687283,-170.514595593526));
#14585=CARTESIAN_POINT('Ctrl Pts',(-111.573603760263,97.3909938737353,-255.771893390289));
#14586=CARTESIAN_POINT('Ctrl Pts',(-142.,96.048081942337,0.));
#14587=CARTESIAN_POINT('Ctrl Pts',(-131.857271597781,95.974438035203,-85.257297796763));
#14588=CARTESIAN_POINT('Ctrl Pts',(-121.716332162482,95.9002842516505,-170.514595593526));
#14589=CARTESIAN_POINT('Ctrl Pts',(-111.573603760263,95.8266403445165,-255.771893390289));
#14590=CARTESIAN_POINT('Ctrl Pts',(-141.426753065712,94.1225812230285,0.));
#14591=CARTESIAN_POINT('Ctrl Pts',(-131.35018544302,94.1698126319309,-85.2572977967631));
#14592=CARTESIAN_POINT('Ctrl Pts',(-121.275346285605,94.2163501956454,-170.514595593526));
#14593=CARTESIAN_POINT('Ctrl Pts',(-111.198778662913,94.2635816045479,-255.771893390289));
#14594=CARTESIAN_POINT('Ctrl Pts',(-140.371662000159,92.5076459186105,0.));
#14595=CARTESIAN_POINT('Ctrl Pts',(-130.411013836992,92.6283683193867,-85.257297796763));
#14596=CARTESIAN_POINT('Ctrl Pts',(-120.450365673826,92.7490907201628,-170.514595593526));
#14597=CARTESIAN_POINT('Ctrl Pts',(-110.489717510659,92.869813120939,-255.771893390289));
#14598=CARTESIAN_POINT('',(-140.371662000159,92.5076459186105,0.));
#14599=CARTESIAN_POINT('Ctrl Pts',(-140.371662000159,92.5076459186105,0.));
#14600=CARTESIAN_POINT('Ctrl Pts',(-130.419116152819,92.6282701198516,-85.1879467322574));
#14601=CARTESIAN_POINT('Ctrl Pts',(-120.466570305479,92.7488943210927,-170.375893464515));
#14602=CARTESIAN_POINT('Ctrl Pts',(-110.51402445814,92.8695185223338,-255.563840196772));
#14603=CARTESIAN_POINT('Ctrl Pts',(-139.316570934606,90.8927106141925,0.));
#14604=CARTESIAN_POINT('Ctrl Pts',(-129.479274567697,91.0869971209367,-85.1879467322574));
#14605=CARTESIAN_POINT('Ctrl Pts',(-119.641978200787,91.2812836276809,-170.375893464515));
#14606=CARTESIAN_POINT('Ctrl Pts',(-109.804681833878,91.4755701344252,-255.563840196772));
#14607=CARTESIAN_POINT('Ctrl Pts',(-120.183429065394,61.6072893858074,0.));
#14608=CARTESIAN_POINT('Ctrl Pts',(-111.178038329815,60.6212933369419,-85.1879467322575));
#14609=CARTESIAN_POINT('Ctrl Pts',(-102.172647594237,59.6352972880763,-170.375893464515));
#14610=CARTESIAN_POINT('Ctrl Pts',(-93.1672568586577,58.6493012392108,-255.563840196772));
#14611=CARTESIAN_POINT('Ctrl Pts',(-119.128337999841,59.9923540813895,0.));
#14612=CARTESIAN_POINT('Ctrl Pts',(-110.238196744693,59.080020338027,-85.1879467322574));
#14613=CARTESIAN_POINT('Ctrl Pts',(-101.348055489544,58.1676865946646,-170.375893464515));
#14614=CARTESIAN_POINT('Ctrl Pts',(-92.457914234396,57.2553528513021,-255.563840196772));
#14615=CARTESIAN_POINT('',(-119.128337999841,59.9923540813894,0.));
#14616=CARTESIAN_POINT('Ctrl Pts',(-119.128337999841,59.9923540813894,0.));
#14617=CARTESIAN_POINT('Ctrl Pts',(-110.23953023945,59.080157185376,-85.1751687935203));
#14618=CARTESIAN_POINT('Ctrl Pts',(-101.350722479058,58.1679602893626,-170.350337587041));
#14619=CARTESIAN_POINT('Ctrl Pts',(-92.4619147186669,57.2557633933492,-255.525506380561));
#14620=CARTESIAN_POINT('Ctrl Pts',(-118.073246934288,58.3774187769715,0.));
#14621=CARTESIAN_POINT('Ctrl Pts',(-109.300246967326,57.5386420784005,-85.1751687935203));
#14622=CARTESIAN_POINT('Ctrl Pts',(-100.525520200129,56.7005585566312,-170.350337587041));
#14623=CARTESIAN_POINT('Ctrl Pts',(-91.7525202331669,55.8617818580602,-255.525506380561));
#14624=CARTESIAN_POINT('Ctrl Pts',(-117.5,56.451918057663,0.));
#14625=CARTESIAN_POINT('Ctrl Pts',(-108.793097079383,55.7339002350174,-85.1751687935204));
#14626=CARTESIAN_POINT('Ctrl Pts',(-100.08440691517,55.0163917976225,-170.350337587041));
#14627=CARTESIAN_POINT('Ctrl Pts',(-91.3775039945525,54.2983739749769,-255.525506380561));
#14628=CARTESIAN_POINT('Ctrl Pts',(-117.5,54.5228682412857,0.));
#14629=CARTESIAN_POINT('Ctrl Pts',(-108.792501331518,53.9264685378743,-85.1751687935203));
#14630=CARTESIAN_POINT('Ctrl Pts',(-100.085002663035,53.330068834463,-170.350337587041));
#14631=CARTESIAN_POINT('Ctrl Pts',(-91.3775039945525,52.7336691310516,-255.525506380561));
#14632=CARTESIAN_POINT('',(-117.5,54.5228682412857,0.));
#14633=CARTESIAN_POINT('Origin',(-117.5,54.5228682412857,0.));
#14634=CARTESIAN_POINT('',(-117.5,-54.5228682412857,0.));
#14635=CARTESIAN_POINT('Ctrl Pts',(-117.5,-54.5228682412857,0.));
#14636=CARTESIAN_POINT('Ctrl Pts',(-108.792501331517,-53.9264685378743,
-85.1751687935203));
#14637=CARTESIAN_POINT('Ctrl Pts',(-100.085002663035,-53.330068834463,-170.350337587041));
#14638=CARTESIAN_POINT('Ctrl Pts',(-91.3775039945518,-52.7336691310516,
-255.525506380561));
#14639=CARTESIAN_POINT('Ctrl Pts',(-117.5,-56.451918057663,0.));
#14640=CARTESIAN_POINT('Ctrl Pts',(-108.793097079382,-55.7339002350174,
-85.1751687935203));
#14641=CARTESIAN_POINT('Ctrl Pts',(-100.084406915169,-55.0163917976226,
-170.350337587041));
#14642=CARTESIAN_POINT('Ctrl Pts',(-91.3775039945518,-54.298373974977,-255.525506380561));
#14643=CARTESIAN_POINT('Ctrl Pts',(-118.073246934288,-58.3774187769715,
0.));
#14644=CARTESIAN_POINT('Ctrl Pts',(-109.300246967326,-57.5386420784006,
-85.1751687935204));
#14645=CARTESIAN_POINT('Ctrl Pts',(-100.525520200129,-56.7005585566313,
-170.350337587041));
#14646=CARTESIAN_POINT('Ctrl Pts',(-91.7525202331663,-55.8617818580603,
-255.525506380561));
#14647=CARTESIAN_POINT('Ctrl Pts',(-119.128337999841,-59.9923540813895,
0.));
#14648=CARTESIAN_POINT('Ctrl Pts',(-110.23953023945,-59.0801571853762,-85.1751687935203));
#14649=CARTESIAN_POINT('Ctrl Pts',(-101.350722479058,-58.1679602893628,
-170.350337587041));
#14650=CARTESIAN_POINT('Ctrl Pts',(-92.4619147186664,-57.2557633933495,
-255.525506380561));
#14651=CARTESIAN_POINT('',(-119.128337999841,-59.9923540813895,0.));
#14652=CARTESIAN_POINT('Ctrl Pts',(-119.128337999841,-59.9923540813895,
0.));
#14653=CARTESIAN_POINT('Ctrl Pts',(-110.238209853839,-59.0800216833281,
-85.1878211165655));
#14654=CARTESIAN_POINT('Ctrl Pts',(-101.348081707837,-58.1676892852667,
-170.375642233131));
#14655=CARTESIAN_POINT('Ctrl Pts',(-92.4579535618345,-57.2553568872053,
-255.563463349696));
#14656=CARTESIAN_POINT('Ctrl Pts',(-120.183429065394,-61.6072893858075,
0.));
#14657=CARTESIAN_POINT('Ctrl Pts',(-111.178051608905,-60.6212947908633,
-85.1878211165655));
#14658=CARTESIAN_POINT('Ctrl Pts',(-102.172674152416,-59.6353001959191,
-170.375642233131));
#14659=CARTESIAN_POINT('Ctrl Pts',(-93.167296695927,-58.6493056009749,-255.563463349696));
#14660=CARTESIAN_POINT('Ctrl Pts',(-139.316570934606,-90.8927106141928,
0.));
#14661=CARTESIAN_POINT('Ctrl Pts',(-129.47928907349,-91.0869968344477,-85.1878211165655));
#14662=CARTESIAN_POINT('Ctrl Pts',(-119.642007212375,-91.2812830547025,
-170.375642233131));
#14663=CARTESIAN_POINT('Ctrl Pts',(-109.804725351259,-91.4755692749574,
-255.563463349696));
#14664=CARTESIAN_POINT('Ctrl Pts',(-140.371662000159,-92.5076459186106,
0.));
#14665=CARTESIAN_POINT('Ctrl Pts',(-130.419130828556,-92.6282699419827,
-85.1878211165655));
#14666=CARTESIAN_POINT('Ctrl Pts',(-120.466599656954,-92.7488939653548,
-170.375642233131));
#14667=CARTESIAN_POINT('Ctrl Pts',(-110.514068485352,-92.8695179887269,
-255.563463349696));
#14668=CARTESIAN_POINT('',(-140.371662000159,-92.5076459186105,0.));
#14669=CARTESIAN_POINT('Ctrl Pts',(-140.371662000159,-92.5076459186105,
0.));
#14670=CARTESIAN_POINT('Ctrl Pts',(-130.411013836993,-92.6283683193866,
-85.2572977967631));
#14671=CARTESIAN_POINT('Ctrl Pts',(-120.450365673826,-92.7490907201627,
-170.514595593526));
#14672=CARTESIAN_POINT('Ctrl Pts',(-110.48971751066,-92.8698131209388,-255.771893390289));
#14673=CARTESIAN_POINT('Ctrl Pts',(-141.426753065712,-94.1225812230285,
0.));
#14674=CARTESIAN_POINT('Ctrl Pts',(-131.35018544302,-94.1698126319309,-85.257297796763));
#14675=CARTESIAN_POINT('Ctrl Pts',(-121.275346285605,-94.2163501956453,
-170.514595593526));
#14676=CARTESIAN_POINT('Ctrl Pts',(-111.198778662913,-94.2635816045477,
-255.771893390289));
#14677=CARTESIAN_POINT('Ctrl Pts',(-142.,-96.048081942337,0.));
#14678=CARTESIAN_POINT('Ctrl Pts',(-131.857271597781,-95.974438035203,-85.2572977967631));
#14679=CARTESIAN_POINT('Ctrl Pts',(-121.716332162483,-95.9002842516504,
-170.514595593526));
#14680=CARTESIAN_POINT('Ctrl Pts',(-111.573603760263,-95.8266403445164,
-255.771893390289));
#14681=CARTESIAN_POINT('Ctrl Pts',(-142.,-97.9771317587143,0.));
#14682=CARTESIAN_POINT('Ctrl Pts',(-131.857867920088,-97.7817524637213,
-85.2572977967631));
#14683=CARTESIAN_POINT('Ctrl Pts',(-121.715735840176,-97.5863731687283,
-170.514595593526));
#14684=CARTESIAN_POINT('Ctrl Pts',(-111.573603760263,-97.3909938737353,
-255.771893390289));
#14685=CARTESIAN_POINT('',(-142.,-97.9771317587143,0.));
#14686=CARTESIAN_POINT('Origin',(-142.,-97.9771317587143,0.));
#14687=CARTESIAN_POINT('',(-142.,-142.5,0.));
#14688=CARTESIAN_POINT('Ctrl Pts',(-117.086683025387,-167.616234056769,
1.05989699223372));
#14689=CARTESIAN_POINT('Ctrl Pts',(-141.887028792045,-167.395854667665,
-0.949664216889026));
#14690=CARTESIAN_POINT('Ctrl Pts',(-142.098846962197,-142.560234867587,
0.830932275967144));
#14691=CARTESIAN_POINT('Ctrl Pts',(-96.0930337645934,-139.465658911614,
-255.635178060199));
#14692=CARTESIAN_POINT('Ctrl Pts',(-111.441916274121,-139.329266565204,
-256.878891320681));
#14693=CARTESIAN_POINT('Ctrl Pts',(-111.573010099894,-123.958553029622,
-255.776883847766));
#14694=CARTESIAN_POINT('',(-117.,-167.5,0.));
#14695=CARTESIAN_POINT('Origin',(-117.,-167.5,0.));
#14696=CARTESIAN_POINT('',(117.,-167.5,0.));
#14697=CARTESIAN_POINT('Ctrl Pts',(142.10075538116,-142.561397810395,0.846974922879122));
#14698=CARTESIAN_POINT('Ctrl Pts',(141.88893216427,-167.397609338936,-0.933663994109511));
#14699=CARTESIAN_POINT('Ctrl Pts',(117.08799550958,-167.617993978755,1.07594509441294));
#14700=CARTESIAN_POINT('Ctrl Pts',(111.573010099894,-123.958553029623,-255.776883847766));
#14701=CARTESIAN_POINT('Ctrl Pts',(111.44191627412,-139.329266565204,-256.878891320681));
#14702=CARTESIAN_POINT('Ctrl Pts',(96.0930337645934,-139.465658911614,-255.635178060199));
#14703=CARTESIAN_POINT('',(142.,-142.5,0.));
#14704=CARTESIAN_POINT('Origin',(-7.18869408444789E-14,-5.10702591327572E-14,
-269.));
#14705=CARTESIAN_POINT('Origin',(117.,167.5,0.));
#14706=CARTESIAN_POINT('',(-117.,167.5,0.));
#14707=CARTESIAN_POINT('',(95.,138.,-269.));
#14708=CARTESIAN_POINT('Ctrl Pts',(-142.10075538116,142.561397810395,0.846974922879122));
#14709=CARTESIAN_POINT('Ctrl Pts',(-141.88893216427,167.397609338936,-0.933663994109511));
#14710=CARTESIAN_POINT('Ctrl Pts',(-117.08799550958,167.617993978755,1.07594509441294));
#14711=CARTESIAN_POINT('Ctrl Pts',(-111.573010099894,123.958553029623,-255.776883847766));
#14712=CARTESIAN_POINT('Ctrl Pts',(-111.44191627412,139.329266565204,-256.878891320681));
#14713=CARTESIAN_POINT('Ctrl Pts',(-96.0930337645934,139.465658911614,-255.635178060199));
#14714=CARTESIAN_POINT('Origin',(142.,-142.5,0.));
#14715=CARTESIAN_POINT('',(142.,-97.9771317587143,0.));
#14716=CARTESIAN_POINT('Ctrl Pts',(142.,-97.9771317587143,0.));
#14717=CARTESIAN_POINT('Ctrl Pts',(131.857867920088,-97.7817524637213,-85.257297796763));
#14718=CARTESIAN_POINT('Ctrl Pts',(121.715735840175,-97.5863731687284,-170.514595593526));
#14719=CARTESIAN_POINT('Ctrl Pts',(111.573603760263,-97.3909938737354,-255.771893390289));
#14720=CARTESIAN_POINT('Ctrl Pts',(142.,-96.048081942337,0.));
#14721=CARTESIAN_POINT('Ctrl Pts',(131.857271597781,-95.974438035203,-85.257297796763));
#14722=CARTESIAN_POINT('Ctrl Pts',(121.716332162482,-95.9002842516505,-170.514595593526));
#14723=CARTESIAN_POINT('Ctrl Pts',(111.573603760263,-95.8266403445165,-255.771893390289));
#14724=CARTESIAN_POINT('Ctrl Pts',(141.426753065712,-94.1225812230284,0.));
#14725=CARTESIAN_POINT('Ctrl Pts',(131.35018544302,-94.1698126319309,-85.2572977967631));
#14726=CARTESIAN_POINT('Ctrl Pts',(121.275346285605,-94.2163501956454,-170.514595593526));
#14727=CARTESIAN_POINT('Ctrl Pts',(111.198778662913,-94.2635816045479,-255.771893390289));
#14728=CARTESIAN_POINT('Ctrl Pts',(140.371662000159,-92.5076459186104,0.));
#14729=CARTESIAN_POINT('Ctrl Pts',(130.411013836993,-92.6283683193866,-85.257297796763));
#14730=CARTESIAN_POINT('Ctrl Pts',(120.450365673826,-92.7490907201628,-170.514595593526));
#14731=CARTESIAN_POINT('Ctrl Pts',(110.489717510659,-92.869813120939,-255.771893390289));
#14732=CARTESIAN_POINT('',(140.371662000159,-92.5076459186106,0.));
#14733=CARTESIAN_POINT('Ctrl Pts',(140.371662000159,-92.5076459186106,0.));
#14734=CARTESIAN_POINT('Ctrl Pts',(130.419116152819,-92.6282701198516,-85.1879467322574));
#14735=CARTESIAN_POINT('Ctrl Pts',(120.466570305479,-92.7488943210927,-170.375893464515));
#14736=CARTESIAN_POINT('Ctrl Pts',(110.51402445814,-92.8695185223338,-255.563840196772));
#14737=CARTESIAN_POINT('Ctrl Pts',(139.316570934606,-90.8927106141926,0.));
#14738=CARTESIAN_POINT('Ctrl Pts',(129.479274567696,-91.0869971209368,-85.1879467322574));
#14739=CARTESIAN_POINT('Ctrl Pts',(119.641978200787,-91.281283627681,-170.375893464515));
#14740=CARTESIAN_POINT('Ctrl Pts',(109.804681833878,-91.4755701344252,-255.563840196772));
#14741=CARTESIAN_POINT('Ctrl Pts',(120.183429065394,-61.6072893858074,0.));
#14742=CARTESIAN_POINT('Ctrl Pts',(111.178038329815,-60.6212933369418,-85.1879467322575));
#14743=CARTESIAN_POINT('Ctrl Pts',(102.172647594237,-59.6352972880763,-170.375893464515));
#14744=CARTESIAN_POINT('Ctrl Pts',(93.1672568586578,-58.6493012392107,-255.563840196772));
#14745=CARTESIAN_POINT('Ctrl Pts',(119.128337999841,-59.9923540813895,0.));
#14746=CARTESIAN_POINT('Ctrl Pts',(110.238196744693,-59.080020338027,-85.1879467322574));
#14747=CARTESIAN_POINT('Ctrl Pts',(101.348055489544,-58.1676865946646,-170.375893464515));
#14748=CARTESIAN_POINT('Ctrl Pts',(92.457914234396,-57.2553528513021,-255.563840196772));
#14749=CARTESIAN_POINT('',(119.128337999841,-59.9923540813894,0.));
#14750=CARTESIAN_POINT('Ctrl Pts',(119.128337999841,-59.9923540813894,0.));
#14751=CARTESIAN_POINT('Ctrl Pts',(110.23953023945,-59.080157185376,-85.1751687935203));
#14752=CARTESIAN_POINT('Ctrl Pts',(101.350722479058,-58.1679602893626,-170.350337587041));
#14753=CARTESIAN_POINT('Ctrl Pts',(92.461914718667,-57.2557633933492,-255.525506380561));
#14754=CARTESIAN_POINT('Ctrl Pts',(118.073246934288,-58.3774187769714,0.));
#14755=CARTESIAN_POINT('Ctrl Pts',(109.300246967326,-57.5386420784004,-85.1751687935203));
#14756=CARTESIAN_POINT('Ctrl Pts',(100.525520200129,-56.7005585566311,-170.350337587041));
#14757=CARTESIAN_POINT('Ctrl Pts',(91.752520233167,-55.8617818580601,-255.525506380561));
#14758=CARTESIAN_POINT('Ctrl Pts',(117.5,-56.451918057663,0.));
#14759=CARTESIAN_POINT('Ctrl Pts',(108.793097079383,-55.7339002350173,-85.1751687935204));
#14760=CARTESIAN_POINT('Ctrl Pts',(100.08440691517,-55.0163917976225,-170.350337587041));
#14761=CARTESIAN_POINT('Ctrl Pts',(91.3775039945526,-54.2983739749769,-255.525506380561));
#14762=CARTESIAN_POINT('Ctrl Pts',(117.5,-54.5228682412857,0.));
#14763=CARTESIAN_POINT('Ctrl Pts',(108.792501331518,-53.9264685378743,-85.1751687935203));
#14764=CARTESIAN_POINT('Ctrl Pts',(100.085002663035,-53.330068834463,-170.350337587041));
#14765=CARTESIAN_POINT('Ctrl Pts',(91.3775039945526,-52.7336691310516,-255.525506380561));
#14766=CARTESIAN_POINT('',(117.5,-54.5228682412857,0.));
#14767=CARTESIAN_POINT('Origin',(117.5,-54.5228682412857,0.));
#14768=CARTESIAN_POINT('',(117.5,54.5228682412857,0.));
#14769=CARTESIAN_POINT('Ctrl Pts',(117.5,54.5228682412857,0.));
#14770=CARTESIAN_POINT('Ctrl Pts',(108.792501331517,53.9264685378743,-85.1751687935203));
#14771=CARTESIAN_POINT('Ctrl Pts',(100.085002663035,53.330068834463,-170.350337587041));
#14772=CARTESIAN_POINT('Ctrl Pts',(91.3775039945523,52.7336691310516,-255.525506380561));
#14773=CARTESIAN_POINT('Ctrl Pts',(117.5,56.4519180576631,0.));
#14774=CARTESIAN_POINT('Ctrl Pts',(108.793097079382,55.7339002350174,-85.1751687935203));
#14775=CARTESIAN_POINT('Ctrl Pts',(100.08440691517,55.0163917976226,-170.350337587041));
#14776=CARTESIAN_POINT('Ctrl Pts',(91.3775039945523,54.298373974977,-255.525506380561));
#14777=CARTESIAN_POINT('Ctrl Pts',(118.073246934288,58.3774187769716,0.));
#14778=CARTESIAN_POINT('Ctrl Pts',(109.300246967326,57.5386420784006,-85.1751687935204));
#14779=CARTESIAN_POINT('Ctrl Pts',(100.525520200129,56.7005585566312,-170.350337587041));
#14780=CARTESIAN_POINT('Ctrl Pts',(91.7525202331667,55.8617818580602,-255.525506380561));
#14781=CARTESIAN_POINT('Ctrl Pts',(119.128337999841,59.9923540813896,0.));
#14782=CARTESIAN_POINT('Ctrl Pts',(110.23953023945,59.0801571853762,-85.1751687935203));
#14783=CARTESIAN_POINT('Ctrl Pts',(101.350722479058,58.1679602893627,-170.350337587041));
#14784=CARTESIAN_POINT('Ctrl Pts',(92.4619147186668,57.2557633933493,-255.525506380561));
#14785=CARTESIAN_POINT('',(119.128337999841,59.9923540813895,0.));
#14786=CARTESIAN_POINT('Ctrl Pts',(119.128337999841,59.9923540813895,0.));
#14787=CARTESIAN_POINT('Ctrl Pts',(110.238209853839,59.0800216833281,-85.1878211165655));
#14788=CARTESIAN_POINT('Ctrl Pts',(101.348081707837,58.1676892852667,-170.375642233131));
#14789=CARTESIAN_POINT('Ctrl Pts',(92.4579535618344,57.2553568872053,-255.563463349696));
#14790=CARTESIAN_POINT('Ctrl Pts',(120.183429065394,61.6072893858075,0.));
#14791=CARTESIAN_POINT('Ctrl Pts',(111.178051608905,60.6212947908633,-85.1878211165654));
#14792=CARTESIAN_POINT('Ctrl Pts',(102.172674152416,59.6353001959191,-170.375642233131));
#14793=CARTESIAN_POINT('Ctrl Pts',(93.1672966959269,58.6493056009749,-255.563463349696));
#14794=CARTESIAN_POINT('Ctrl Pts',(139.316570934606,90.8927106141927,0.));
#14795=CARTESIAN_POINT('Ctrl Pts',(129.47928907349,91.0869968344476,-85.1878211165656));
#14796=CARTESIAN_POINT('Ctrl Pts',(119.642007212375,91.2812830547025,-170.375642233131));
#14797=CARTESIAN_POINT('Ctrl Pts',(109.804725351259,91.4755692749575,-255.563463349696));
#14798=CARTESIAN_POINT('Ctrl Pts',(140.371662000159,92.5076459186106,0.));
#14799=CARTESIAN_POINT('Ctrl Pts',(130.419130828556,92.6282699419827,-85.1878211165655));
#14800=CARTESIAN_POINT('Ctrl Pts',(120.466599656954,92.7488939653548,-170.375642233131));
#14801=CARTESIAN_POINT('Ctrl Pts',(110.514068485352,92.8695179887269,-255.563463349696));
#14802=CARTESIAN_POINT('',(140.371662000159,92.5076459186106,0.));
#14803=CARTESIAN_POINT('Ctrl Pts',(140.371662000159,92.5076459186106,0.));
#14804=CARTESIAN_POINT('Ctrl Pts',(130.411013836992,92.6283683193867,-85.257297796763));
#14805=CARTESIAN_POINT('Ctrl Pts',(120.450365673826,92.7490907201629,-170.514595593526));
#14806=CARTESIAN_POINT('Ctrl Pts',(110.489717510659,92.8698131209391,-255.771893390289));
#14807=CARTESIAN_POINT('Ctrl Pts',(141.426753065712,94.1225812230285,0.));
#14808=CARTESIAN_POINT('Ctrl Pts',(131.35018544302,94.169812631931,-85.257297796763));
#14809=CARTESIAN_POINT('Ctrl Pts',(121.275346285605,94.2163501956455,-170.514595593526));
#14810=CARTESIAN_POINT('Ctrl Pts',(111.198778662913,94.263581604548,-255.771893390289));
#14811=CARTESIAN_POINT('Ctrl Pts',(142.,96.048081942337,0.));
#14812=CARTESIAN_POINT('Ctrl Pts',(131.857271597781,95.9744380352031,-85.2572977967631));
#14813=CARTESIAN_POINT('Ctrl Pts',(121.716332162482,95.9002842516505,-170.514595593526));
#14814=CARTESIAN_POINT('Ctrl Pts',(111.573603760263,95.8266403445165,-255.771893390289));
#14815=CARTESIAN_POINT('Ctrl Pts',(142.,97.9771317587144,0.));
#14816=CARTESIAN_POINT('Ctrl Pts',(131.857867920088,97.7817524637214,-85.257297796763));
#14817=CARTESIAN_POINT('Ctrl Pts',(121.715735840175,97.5863731687284,-170.514595593526));
#14818=CARTESIAN_POINT('Ctrl Pts',(111.573603760263,97.3909938737354,-255.771893390289));
#14819=CARTESIAN_POINT('',(142.,97.9771317587144,0.));
#14820=CARTESIAN_POINT('Origin',(142.,97.9771317587144,0.));
#14821=CARTESIAN_POINT('',(142.,142.5,0.));
#14822=CARTESIAN_POINT('Ctrl Pts',(117.086683025387,167.616234056769,1.05989699223372));
#14823=CARTESIAN_POINT('Ctrl Pts',(141.887028792044,167.395854667665,-0.949664216888961));
#14824=CARTESIAN_POINT('Ctrl Pts',(142.098846962197,142.560234867588,0.830932275967085));
#14825=CARTESIAN_POINT('Ctrl Pts',(96.0930337645934,139.465658911614,-255.635178060199));
#14826=CARTESIAN_POINT('Ctrl Pts',(111.44191627412,139.329266565204,-256.878891320681));
#14827=CARTESIAN_POINT('Ctrl Pts',(111.573010099894,123.958553029622,-255.776883847766));
#14828=UNCERTAINTY_MEASURE_WITH_UNIT(LENGTH_MEASURE(0.01),#14832,
'DISTANCE_ACCURACY_VALUE',
'Maximum model space distance between geometric entities at asserted c
onnectivities');
#14829=UNCERTAINTY_MEASURE_WITH_UNIT(LENGTH_MEASURE(0.01),#14832,
'DISTANCE_ACCURACY_VALUE',
'Maximum model space distance between geometric entities at asserted c
onnectivities');
#14830=(
GEOMETRIC_REPRESENTATION_CONTEXT(3)
GLOBAL_UNCERTAINTY_ASSIGNED_CONTEXT((#14828))
GLOBAL_UNIT_ASSIGNED_CONTEXT((#14832,#14834,#14835))
REPRESENTATION_CONTEXT('','3D')
);
#14831=(
GEOMETRIC_REPRESENTATION_CONTEXT(3)
GLOBAL_UNCERTAINTY_ASSIGNED_CONTEXT((#14829))
GLOBAL_UNIT_ASSIGNED_CONTEXT((#14832,#14834,#14835))
REPRESENTATION_CONTEXT('','3D')
);
#14832=(
LENGTH_UNIT()
NAMED_UNIT(*)
SI_UNIT(.MILLI.,.METRE.)
);
#14833=(
LENGTH_UNIT()
NAMED_UNIT(*)
SI_UNIT(.CENTI.,.METRE.)
);
#14834=(
NAMED_UNIT(*)
PLANE_ANGLE_UNIT()
SI_UNIT($,.RADIAN.)
);
#14835=(
NAMED_UNIT(*)
SI_UNIT($,.STERADIAN.)
SOLID_ANGLE_UNIT()
);
#14836=SHAPE_DEFINITION_REPRESENTATION(#14837,#14838);
#14837=PRODUCT_DEFINITION_SHAPE('',$,#14840);
#14838=SHAPE_REPRESENTATION('',(#6528),#14830);
#14839=PRODUCT_DEFINITION_CONTEXT('part definition',#14844,'design');
#14840=PRODUCT_DEFINITION('Festool-Container-204294',
'Festool-Container-204294',#14841,#14839);
#14841=PRODUCT_DEFINITION_FORMATION('',$,#14846);
#14842=PRODUCT_RELATED_PRODUCT_CATEGORY('Festool-Container-204294',
'Festool-Container-204294',(#14846));
#14843=APPLICATION_PROTOCOL_DEFINITION('international standard',
'ap242_managed_model_based_3d_engineering',2011,#14844);
#14844=APPLICATION_CONTEXT('Managed model based 3d engineering');
#14845=PRODUCT_CONTEXT('part definition',#14844,'mechanical');
#14846=PRODUCT('Festool-Container-204294','Festool-Container-204294',$,
(#14845));
#14847=PRESENTATION_STYLE_ASSIGNMENT((#14848));
#14848=SURFACE_STYLE_USAGE(.BOTH.,#14851);
#14849=SURFACE_STYLE_RENDERING_WITH_PROPERTIES($,#14855,(#14850));
#14850=SURFACE_STYLE_TRANSPARENT(0.339999973773956);
#14851=SURFACE_SIDE_STYLE('',(#14852,#14849));
#14852=SURFACE_STYLE_FILL_AREA(#14853);
#14853=FILL_AREA_STYLE('',(#14854));
#14854=FILL_AREA_STYLE_COLOUR('',#14855);
#14855=COLOUR_RGB('',0.858823529411765,0.894117647058824,0.87843137254902);
ENDSEC;
END-ISO-10303-21;
